Number,Verb List,Infinitive,Appropriate,Ambiguous,Inappropriate,Form,Corrected Form,level,group,ID,Form_num,Corrected_num,Corrected_Form1,Form_num1
1,Es,Ser,1,0,0,present,present,SPA 2,control,Text_100,3,3,present,present
2,Es,Ser,1,0,0,present,present,SPA 2,control,Text_100,3,3,present,present
3,Es,Ser,1,0,0,present,present,SPA 2,control,Text_100,3,3,present,present
4,Es,Ser,1,0,0,present,present,SPA 2,control,Text_100,3,3,present,present
5,Es,Ser,1,0,0,present,present,SPA 2,control,Text_100,3,3,present,present
6,Tiene,Tener,1,0,0,present,present,SPA 2,control,Text_100,3,3,present,present
7,Es,Ser,1,0,0,present,present,SPA 2,control,Text_100,3,3,present,present
8,Es,Ser,1,0,0,present,present,SPA 2,control,Text_100,3,3,present,present
9,Esta,Estar,0,0,1,present,infinitive,SPA 2,control,Text_100,3,4,other,present
10,Neccesita,Necesitar,1,0,0,present,present,SPA 2,control,Text_100,3,3,present,present
11,Baila,Bailar,1,0,0,infinitive,infinitive,SPA 2,control,Text_100,4,4,other,other
12,Tiene,Tener,1,0,0,present,present,SPA 2,control,Text_100,3,3,present,present
13,Puede,Poder,1,0,0,present,present,SPA 2,control,Text_100,3,3,present,present
14,Tocar,Tocar,0,0,1,infinitive,present,SPA 2,control,Text_100,4,3,present,other
15,Esta,Estar,1,0,0,present,present,SPA 2,control,Text_100,3,3,present,present
16,Puede,Poder,1,0,0,present,present,SPA 2,control,Text_100,3,3,present,present
17,Bailar,NA,1,0,0,infinitive,infinitive,SPA 2,control,Text_100,4,4,other,other
18,Es,Ser,1,0,0,present,present,SPA 2,control,Text_100,3,3,present,present
19,Cura,Curar,1,0,0,present,present,SPA 2,control,Text_100,3,3,present,present
20,Es,Ser,1,0,0,present,present,SPA 2,control,Text_100,3,3,present,present
21,baila,bailar,0,0,1,present,infinitive,SPA 2,control,Text_100,3,4,other,present
1,Es,Ser,1,0,0,present,present,SPA 2,control,Text_101,3,3,present,present
2,Vive,Vivir,1,0,0,present,present,SPA 2,control,Text_101,3,3,present,present
3,Se llama,Llamarse,1,0,0,present,present,SPA 2,control,Text_101,3,3,present,present
4,Tiene,Tener,1,0,0,present,present,SPA 2,control,Text_101,3,3,present,present
5,Pide,Pedir,1,0,0,present,present,SPA 2,control,Text_101,3,3,present,present
6,Ser,Ser,1,0,0,present,present,SPA 2,control,Text_101,3,3,present,present
7,Puede,Poder,1,0,0,present,present,SPA 2,control,Text_101,3,3,present,present
NA,Bailar,Bailar,1,0,0,infinitive,infinitive,SPA 2,control,Text_101,4,4,other,other
8,Pregunta,Preguntar,1,0,0,present,present,SPA 2,control,Text_101,3,3,present,present
10,Es,Ser,1,0,0,present,present,SPA 2,control,Text_101,3,3,present,present
11,Es,Ser,1,0,0,present,present,SPA 2,control,Text_101,3,3,present,present
12,Trata,Tratar,1,0,0,present,present,SPA 2,control,Text_101,3,3,present,present
13,Aprender,Aprender,1,0,0,infinitive,infinitive,SPA 2,control,Text_101,4,4,other,other
14,Bailar,Bailar,1,0,0,present,present,SPA 2,control,Text_101,3,3,present,present
15,Practica,Practicar,1,0,0,present,present,SPA 2,control,Text_101,3,3,present,present
16,Graba,Grabar,1,0,0,present,present,SPA 2,control,Text_101,3,3,present,present
17,Ven,Venir,1,0,0,present,present,SPA 2,control,Text_101,3,3,present,present
18,Tiene,Tener,1,0,0,present,present,SPA 2,control,Text_101,3,3,present,present
19,Va,Ir,1,0,0,present,present,SPA 2,control,Text_101,3,3,present,present
20,Necesito,Necesitar,1,0,0,present,present,SPA 2,control,Text_101,3,3,present,present
21,Trabaja,Trabaja,0,0,1,present,infinitive,SPA 2,control,Text_101,3,4,other,present
23,Hace,Hacer,1,0,0,present,present,SPA 2,control,Text_101,3,3,present,present
24,Gusta,Gustar,1,0,0,present,present,SPA 2,control,Text_101,3,3,present,present
25,Fue,Ir,1,0,0,preterite,preterite,SPA 2,control,Text_101,1,1,preterit,preterit
26,Baile,Bailar,0,0,1,subjunctive,present,SPA 2,control,Text_101,8,3,present,other
27,Hay,Haber,1,0,0,present,present,SPA 2,control,Text_101,3,3,present,present
1,Son,Ser,1,0,0,present,present,SPA 2,control,Text_102,3,3,present,present
2,Esta preparando,Preparar,1,0,0,present,present,SPA 2,control,Text_102,3,3,present,present
3,Esta,Preparar,1,0,0,present,present,SPA 2,control,Text_102,3,3,present,present
4,Esta practicando,Practicar,1,0,0,present,present,SPA 2,control,Text_102,3,3,present,present
5,Choca,Chocar,1,0,0,present,present,SPA 2,control,Text_102,3,3,present,present
6,Va,Ir,1,0,0,present,present,SPA 2,control,Text_102,3,3,present,present
7,Dice,Decir,1,0,0,present,present,SPA 2,control,Text_102,3,3,present,present
8,Puede,Poder,1,0,0,present,present,SPA 2,control,Text_102,3,3,present,present
9,Balair,Bailar,1,0,0,infinitive,infinitive,SPA 2,control,Text_102,4,4,other,other
10,Esta,Estar,1,0,0,present,present,SPA 2,control,Text_102,3,3,present,present
11,Puede,Poder,1,0,0,present,present,SPA 2,control,Text_102,3,3,present,present
12,Bailar,Bailar,1,0,0,infinitive,infinitive,SPA 2,control,Text_102,4,4,other,other
13,Descana,Descansar,1,0,0,present,present,SPA 2,control,Text_102,3,3,present,present
14,Bailar,Bailar,1,0,0,infinitive,infinitive,SPA 2,control,Text_102,4,4,other,other
15,Siente,Sentir,1,0,0,present,present,SPA 2,control,Text_102,3,3,present,present
16,Esta practicando,Practicar,1,0,0,present,present,SPA 2,control,Text_102,3,3,present,present
17,Es,Ser,1,0,0,present,present,SPA 2,control,Text_102,3,3,present,present
18,Dice,Decir,1,0,0,present,present,SPA 2,control,Text_102,3,3,present,present
19,Hago,Hacer,1,0,0,present,present,SPA 2,control,Text_102,3,3,present,present
20,Habla,Hablar,1,0,0,present,present,SPA 2,control,Text_102,3,3,present,present
21,Esta,Estar,1,0,0,present,present,SPA 2,control,Text_102,3,3,present,present
1,Tiene,Tener,1,0,0,present,present,SPA 2,control,Text_103,3,3,present,present
2,Quiérelo,Querer,1,0,0,present,present,SPA 2,control,Text_103,3,3,present,present
3,Ser,Ser,1,0,0,infinitive,infinitive,SPA 2,control,Text_103,4,4,other,other
4,Es,Ser,1,0,0,present,present,SPA 2,control,Text_103,3,3,present,present
5,Tiene que ser,Tener que ser,1,0,0,present,present,SPA 2,control,Text_103,3,3,present,present
6,Puede,Poder,1,0,0,present,present,SPA 2,control,Text_103,3,3,present,present
7,Bailar,Bailar,1,0,0,infinitive,infinitive,SPA 2,control,Text_103,4,4,other,other
8,Necesita,Necesitar,1,0,0,present,present,SPA 2,control,Text_103,3,3,present,present
9,Tomar,Tomar,1,0,0,infinitive,infinitive,SPA 2,control,Text_103,4,4,other,other
10,Se cae,Caerse,1,0,0,present,present,SPA 2,control,Text_103,3,3,present,present
11,Rota,Rotar,1,0,0,present,present,SPA 2,control,Text_103,3,3,present,present
12,Dice,Decir,1,0,0,present,present,SPA 2,control,Text_103,3,3,present,present
13,Debe,Deber,1,0,0,present,present,SPA 2,control,Text_103,3,3,present,present
14,Descansar,Descansar,1,0,0,present,present,SPA 2,control,Text_103,3,3,present,present
15,Tomar,Tomar,1,0,0,present,present,SPA 2,control,Text_103,3,3,present,present
17,Se cuida,Cuidarse,1,0,0,present,present,SPA 2,control,Text_103,3,3,present,present
18,Puede,Poder,1,0,0,present,present,SPA 2,control,Text_103,3,3,present,present
19,Ser,Ser,1,0,0,infinitive,infinitive,SPA 2,control,Text_103,4,4,other,other
20,Está,Estar,1,0,0,present,present,SPA 2,control,Text_103,3,3,present,present
21,Ofrece,Ofrecer,1,0,0,present,present,SPA 2,control,Text_103,3,3,present,present
22,Hace,Hacer,1,0,0,present,present,SPA 2,control,Text_103,3,3,present,present
23,Sentirse,Sentirse,1,0,0,infinitive,infinitive,SPA 2,control,Text_103,4,4,other,other
1,Sigue,Seguir,1,0,0,present,present,SPA 2,control,Text_104,3,3,present,present
2,Es,Ser,1,0,0,present,present,SPA 2,control,Text_104,3,3,present,present
3,Aprendemos,Aprender,1,0,0,present,present,SPA 2,control,Text_104,3,3,present,present
4,Sigue,Seguir,1,0,0,present,present,SPA 2,control,Text_104,3,3,present,present
5,Ocurren,Ocurrir,1,0,0,present,present,SPA 2,control,Text_104,3,3,present,present
6,Se prepara,Prepararse,1,0,0,present,present,SPA 2,control,Text_104,3,3,present,present
7,Ser,Ser,1,0,0,infinitive,infinitive,SPA 2,control,Text_104,4,4,other,other
8,Enfrenta,Enfrentarse,1,0,0,present,present,SPA 2,control,Text_104,3,3,present,present
9,Se lastima,Lastimarse,1,0,0,present,present,SPA 2,control,Text_104,3,3,present,present
10,Puede,Poder,1,0,0,present,present,SPA 2,control,Text_104,3,3,present,present
11,Superar,Superar,1,0,0,infinitive,infinitive,SPA 2,control,Text_104,4,4,other,other
12,Enfrenta,Enfrentarse,1,0,0,present,present,SPA 2,control,Text_104,3,3,present,present
13,Puede,Poder,1,0,0,present,present,SPA 2,control,Text_104,3,3,present,present
14,Ser,Ser,1,0,0,infinitive,infinitive,SPA 2,control,Text_104,4,4,other,other
15,Puede,Poder,1,0,0,present,present,SPA 2,control,Text_104,3,3,present,present
16,Ser,Ser,1,0,0,infinitive,infinitive,SPA 2,control,Text_104,4,4,other,other
17,Enorgullecer,Enorgullecer,1,0,0,infinitive,infinitive,SPA 2,control,Text_104,4,4,other,other
18,Hacer,Hacer,1,0,0,infinitive,infinitive,SPA 2,control,Text_104,4,4,other,other
1,Tiene,Tener,1,0,0,present,present,SPA 2,control,Text_105,3,3,present,present
2,Tiene,Tener,1,0,0,present,present,SPA 2,control,Text_105,3,3,present,present
3,Se llama,Llamarse,1,0,0,present,present,SPA 2,control,Text_105,3,3,present,present
5,Va,Ir,1,0,0,present,present,SPA 2,control,Text_105,3,3,present,present
6,Bailamos,Bailar,1,0,0,present,present,SPA 2,control,Text_105,3,3,present,present
7,Es,Ser,1,0,0,present,present,SPA 2,control,Text_105,3,3,present,present
9,Aprende,Aprender,1,0,0,present,present,SPA 2,control,Text_105,3,3,present,present
10,Bailando,Bailar,0,0,1,gerund,infinitive,SPA 2,control,Text_105,5,4,other,other
11,Se rompe,Romperse,1,0,0,present,present,SPA 2,control,Text_105,3,3,present,present
12,Dije,Decir,1,0,0,preterite,preterite,SPA 2,control,Text_105,1,1,preterit,preterit
13,Mudarse,Mudarse,0,0,1,infinitive,present,SPA 2,control,Text_105,4,3,present,other
14,Está,Estar,1,0,0,present,present,SPA 2,control,Text_105,3,3,present,present
15,Bailar,Bailar,0,0,1,infinitive,present,SPA 2,control,Text_105,4,3,present,other
16,Tienen,Tener,1,0,0,present,present,SPA 2,control,Text_105,3,3,present,present
17,Tienen,Tener,1,0,0,present,present,SPA 2,control,Text_105,3,3,present,present
18,Va,Ir,1,0,0,present,present,SPA 2,control,Text_105,3,3,present,present
19,Consigue,Conseguir,1,0,0,present,present,SPA 2,control,Text_105,3,3,present,present
20,Tienen,Tener,1,0,0,present,present,SPA 2,control,Text_105,3,3,present,present
21,Está,Estar,1,0,0,present,present,SPA 2,control,Text_105,3,3,present,present
22,Consigue,Conseguir,1,0,0,present,present,SPA 2,control,Text_105,3,3,present,present
23,Monta,Montar,1,0,0,present,present,SPA 2,control,Text_105,3,3,present,present
24,Es,Ser,1,0,0,present,present,SPA 2,control,Text_105,3,3,present,present
25,Están,Estar,1,0,0,present,present,SPA 2,control,Text_105,3,3,present,present
1,Pregunta,Preguntar,1,0,0,present,present,SPA 2,control,Text_106,3,3,present,present
2,Puede,Poder,1,0,0,present,present,SPA 2,control,Text_106,3,3,present,present
3,Ser,Ser,1,0,0,infinitive,infinitive,SPA 2,control,Text_106,4,4,other,other
4,Está,Estar,1,0,0,present,present,SPA 2,control,Text_106,3,3,present,present
5,Tiene que practicar,Tener que practicar,1,0,0,present,present,SPA 2,control,Text_106,3,3,present,present
6,Practica,Practicar,1,0,0,present,present,SPA 2,control,Text_106,3,3,present,present
7,Filma,Filmar,1,0,0,present,present,SPA 2,control,Text_106,3,3,present,present
8,Bailan,Bailar,1,0,0,present,present,SPA 2,control,Text_106,3,3,present,present
9,Se hace,Hacerse,1,0,0,present,present,SPA 2,control,Text_106,3,3,present,present
10,Pasa,Pasar,1,0,0,present,present,SPA 2,control,Text_106,3,3,present,present
11,Tiene que practicar,Tener que practicar,1,0,0,present,present,SPA 2,control,Text_106,3,3,present,present
12,Se tuerce,Torcerse,1,0,0,present,present,SPA 2,control,Text_106,3,3,present,present
13,Puede,Poder,1,0,0,present,present,SPA 2,control,Text_106,3,3,present,present
14,Bailar,Bailar,1,0,0,present,present,SPA 2,control,Text_106,3,3,present,present
15,Está,Estar,1,0,0,present,present,SPA 2,control,Text_106,3,3,present,present
16,Olvida,Olvidar,1,0,0,present,present,SPA 2,control,Text_106,3,3,present,present
17,Puede,Poder,1,0,0,present,present,SPA 2,control,Text_106,3,3,present,present
18,Seguir,Seguir,1,0,0,infinitive,infinitive,SPA 2,control,Text_106,4,4,other,other
19,Bailando,Bailar,1,0,0,gerund,gerund,SPA 2,control,Text_106,5,5,other,other
20,Está,Estar,1,0,0,present,present,SPA 2,control,Text_106,3,3,present,present
21,Fue,Ir,1,0,0,preterit,preterit,SPA 2,control,Text_106,1,1,preterit,preterit
1,Es,Ser,1,0,0,present,present,SPA 2,control,Text_107,3,3,present,present
2,Se llama,Llamarse,1,0,0,present,present,SPA 2,control,Text_107,3,3,present,present
3,Tiene,Tener,1,0,0,present,present,SPA 2,control,Text_107,3,3,present,present
4,Se llama,Llamarse,1,0,0,present,present,SPA 2,control,Text_107,3,3,present,present
5,Va a tener,Ir a tener,1,0,0,present,present,SPA 2,control,Text_107,3,3,present,present
6,Quiere,Querer,1,0,0,present,present,SPA 2,control,Text_107,3,3,present,present
7,Es,Ser,0,0,1,present,subjunctive,SPA 2,control,Text_107,3,8,other,present
8,Hay,Haber,1,0,0,present,present,SPA 2,control,Text_107,3,3,present,present
9,Puede,Poder,1,0,0,present,present,SPA 2,control,Text_107,3,3,present,present
10,Bailar,Bailar,1,0,0,infinitive,infinitive,SPA 2,control,Text_107,4,4,other,other
11,Aprende,Aprender,1,0,0,present,present,SPA 2,control,Text_107,3,3,present,present
12,Bailar,Bailar,1,0,0,infinitive,infinitive,SPA 2,control,Text_107,4,4,other,other
13,Hay,Haber,1,0,0,present,present,SPA 2,control,Text_107,3,3,present,present
14,Está,Estar,1,0,0,present,present,SPA 2,control,Text_107,3,3,present,present
15,Tiene,Tener,1,0,0,present,present,SPA 2,control,Text_107,3,3,present,present
16,Puede,Poder,1,0,0,present,present,SPA 2,control,Text_107,3,3,present,present
17,Bailar,Bailar,1,0,0,infinitive,infinitive,SPA 2,control,Text_107,4,4,other,other
18,Es,Ser,1,0,0,present,present,SPA 2,control,Text_107,3,3,present,present
19,Tiene,Tener,1,0,0,present,present,SPA 2,control,Text_107,3,3,present,present
20,Puede,Poder,1,0,0,present,present,SPA 2,control,Text_107,3,3,present,present
21,Ser,Ser,1,0,0,infinitive,infinitive,SPA 2,control,Text_107,4,4,other,other
22,Bailan,Bailar,1,0,0,present,present,SPA 2,control,Text_107,3,3,present,present
23,Hace,Hacer,1,0,0,present,present,SPA 2,control,Text_107,3,3,present,present
24,Organiza,Organizar,1,0,0,present,present,SPA 2,control,Text_107,3,3,present,present
25,Es,Ser,1,0,0,present,present,SPA 2,control,Text_107,3,3,present,present
1,Quiere ayudar,Querer ayudar,1,0,0,present,present,SPA 2,control,Text_108,3,3,present,present
2,Ayudar,Ayudar,1,0,0,infinitive,infinitive,SPA 2,control,Text_108,4,4,other,other
3,Quiere,Querer,1,0,0,present,present,SPA 2,control,Text_108,3,3,present,present
4,Está,Estar,0,0,1,present,subjunctive,SPA 2,control,Text_108,3,8,other,present
5,Hace,Hacer,1,0,0,present,present,SPA 2,control,Text_108,3,3,present,present
6,Se llama,Llamarse,1,0,0,present,present,SPA 2,control,Text_108,3,3,present,present
7,Viene,Venir,1,0,0,present,present,SPA 2,control,Text_108,3,3,present,present
8,Ayuda,Ayudar,1,0,0,present,present,SPA 2,control,Text_108,3,3,present,present
9,Practicar,Practicar,1,0,0,infinitive,infinitive,SPA 2,control,Text_108,4,4,other,other
10,Bailar,Bailar,1,0,0,infinitive,infinitive,SPA 2,control,Text_108,4,4,other,other
11,Quiere,Querer,1,0,0,present,present,SPA 2,control,Text_108,3,3,present,present
12,Avergonzarse,Avergonzarse,1,0,0,infinitive,infinitive,SPA 2,control,Text_108,4,4,other,other
13,Se llama,Llamarse,1,0,0,present,present,SPA 2,control,Text_108,3,3,present,present
14,Recuerda,Recordar* (grabar),1,0,0,present,present,SPA 2,control,Text_108,3,3,present,present
15,Se vuelve,Volverse,1,0,0,present,present,SPA 2,control,Text_108,3,3,present,present
16,Está,Estar,1,0,0,present,present,SPA 2,control,Text_108,3,3,present,present
17,Se enorgullece,Enorgullecerse,1,0,0,present,present,SPA 2,control,Text_108,3,3,present,present
18,Gusta,Gustar,1,0,0,present,present,SPA 2,control,Text_108,3,3,present,present
20,Puede,Poder,1,0,0,present,present,SPA 2,control,Text_108,3,3,present,present
21,Bailar,Bailar,1,0,0,infinitive,infinitive,SPA 2,control,Text_108,4,4,other,other
22,Está,Estar,1,0,0,present,present,SPA 2,control,Text_108,3,3,present,present
23,Baila,Bailar,1,0,0,present,present,SPA 2,control,Text_108,3,3,present,present
24,Recuerda,Recordar* (grabar),1,0,0,present,present,SPA 2,control,Text_108,3,3,present,present
25,Toma,Tomar,1,0,0,present,present,SPA 2,control,Text_108,3,3,present,present
1,Aprendio,Aprender,1,0,0,preterite,preterite,SPA 2,control,Text_109,1,1,preterit,preterit
2,Bailar,Bailar,1,0,0,infinitive,infinitive,SPA 2,control,Text_109,4,4,other,other
3,Estar,Estar,1,0,0,infinitive,infinitive,SPA 2,control,Text_109,4,4,other,other
4,Hay,Haber,1,0,0,present,present,SPA 2,control,Text_109,3,3,present,present
5,Esta aprendiendo,Aprender,1,0,0,present,present,SPA 2,control,Text_109,3,3,present,present
6,Bailar,Bailar,1,0,0,infinitive,infinitive,SPA 2,control,Text_109,4,4,other,other
7,Estuvo bailando,Bailar,0,0,1,preterite,gerund,SPA 2,control,Text_109,1,5,other,preterit
8,Tiene,Tener,0,0,1,present,ambiguous,SPA 2,control,Text_109,3,12,other,present
9,Se sientio,Sentirse,0,0,1,preterite,ambiguous,SPA 2,control,Text_109,1,12,other,preterit
10,Bailar,Bailar,1,0,0,infinitive,infinitive,SPA 2,control,Text_109,4,4,other,other
11,Estuvo,Estar,1,0,0,preterite,preterite,SPA 2,control,Text_109,1,1,preterit,preterit
12,Se sientio,Sentirse,1,0,0,preterite,preterite,SPA 2,control,Text_109,1,1,preterit,preterit
13,Bailo,Bailar,1,0,0,preterite,preterite,SPA 2,control,Text_109,1,1,preterit,preterit
1,Sabe,Saber,1,0,0,present,present,SPA 2,control,Text_110,3,3,present,present
2,Bailar,Bailar,1,0,0,infinitive,infinitive,SPA 2,control,Text_110,4,4,other,other
3,Quiere,Querer,1,0,0,present,present,SPA 2,control,Text_110,3,3,present,present
4,Ser,Ser,0,0,1,present,subjunctive,SPA 2,control,Text_110,3,8,other,present
5,Pregunta,Preguntar,1,0,0,present,present,SPA 2,control,Text_110,3,3,present,present
6,Aprender,Aprender,1,0,0,infinitive,infinitive,SPA 2,control,Text_110,4,4,other,other
7,Grabó,Grabar,1,0,0,preterite,preterite,SPA 2,control,Text_110,1,1,preterit,preterit
8,Fue,Ser,1,0,0,preterite,preterite,SPA 2,control,Text_110,1,1,preterit,preterit
9,Está practicando,Practicar,1,0,0,present,present,SPA 2,control,Text_110,3,3,present,present
10,Tiene,Tener,1,0,0,present,present,SPA 2,control,Text_110,3,3,present,present
11,Necesitó,Necesitar,1,0,0,preterite,preterite,SPA 2,control,Text_110,1,1,preterit,preterit
12,Trabajar,Trabajar,1,0,0,infinitive,infinitive,SPA 2,control,Text_110,4,4,other,other
13,Obtener,Obtener,1,0,0,infinitive,infinitive,SPA 2,control,Text_110,4,4,other,other
14,Tomó,Tomar,1,0,0,preterite,preterite,SPA 2,control,Text_110,1,1,preterit,preterit
15,Chocó,Chocar,1,0,0,preterite,preterite,SPA 2,control,Text_110,1,1,preterit,preterit
16,Cayó,Caer,1,0,0,preterite,preterite,SPA 2,control,Text_110,1,1,preterit,preterit
17,Tuvo,Tener,1,0,0,preterite,preterite,SPA 2,control,Text_110,1,1,preterit,preterit
18,Pudo,Poder,1,0,0,preterite,preterite,SPA 2,control,Text_110,1,1,preterit,preterit
19,Bailar,Bailar,1,0,0,infinitive,infinitive,SPA 2,control,Text_110,4,4,other,other
20,Ir,Ir,1,0,0,infinitive,infinitive,SPA 2,control,Text_110,4,4,other,other
21,Siente,Sentirse,0,0,1,present,preterite,SPA 2,control,Text_110,3,1,preterit,present
22,Practicó,Practicar,1,0,0,preterite,preterite,SPA 2,control,Text_110,1,1,preterit,preterit
23,Vino,Venir,1,0,0,preterite,preterite,SPA 2,control,Text_110,1,1,preterit,preterit
24,Bailó,Bailar,1,0,0,preterite,preterite,SPA 2,control,Text_110,1,1,preterit,preterit
1,Fue,Ser,1,0,0,preterite,preterite,SPA 2,control,Text_111,1,1,preterit,preterit
2,Está celebrando,Celebrar,0,0,1,present,imperfect,SPA 2,control,Text_111,3,2,imperfect,present
3,Quiso,Querer,1,0,0,preterite,preterite,SPA 2,control,Text_111,1,1,preterit,preterit
4,Bailar,Bailar,1,0,0,infinitive,infinitive,SPA 2,control,Text_111,4,4,other,other
5,Puede,Poder,1,0,0,present,present,SPA 2,control,Text_111,3,3,present,present
6,Bailar,Bailar,1,0,0,infinitive,infinitive,SPA 2,control,Text_111,4,4,other,other
7,Quiso,Querer,1,0,0,preterite,preterite,SPA 2,control,Text_111,1,1,preterit,preterit
8,Aprender,Aprender,1,0,0,infinitive,infinitive,SPA 2,control,Text_111,4,4,other,other
9,Preguntó,Preguntar,1,0,0,preterite,preterite,SPA 2,control,Text_111,1,1,preterit,preterit
10,Ayudar,Ayudar,1,0,0,infinitive,infinitive,SPA 2,control,Text_111,4,4,other,other
11,Montó,Montar,1,0,0,preterite,preterite,SPA 2,control,Text_111,1,1,preterit,preterit
12,Se torció,Torcerse,1,0,0,preterite,preterite,SPA 2,control,Text_111,1,1,preterit,preterit
13,Puede,Poder,0,0,1,present,imperfect,SPA 2,control,Text_111,3,2,imperfect,present
14,Bailar,Bailar,1,0,0,infinitive,infinitive,SPA 2,control,Text_111,4,4,other,other
15,Se curó,Curarse,1,0,0,preterite,preterite,SPA 2,control,Text_111,1,1,preterit,preterit
16,Bailó,Bailar,1,0,0,preterite,preterite,SPA 2,control,Text_111,1,1,preterit,preterit
17,Fue,Ir,1,0,0,preterite,preterite,SPA 2,control,Text_111,1,1,preterit,preterit
18,Está,Estar,1,0,0,present,present,SPA 2,control,Text_111,3,3,present,present
19,Estuvo,Estar,0,0,1,preterite,imperfect,SPA 2,control,Text_111,1,2,imperfect,preterit
1,Son,Ser,1,0,0,present,present,SPA 2,control,Text_112,3,3,present,present
2,Tiene,Tener,1,0,0,present,present,SPA 2,control,Text_112,3,3,present,present
3,Puede,Poder,1,0,0,present,present,SPA 2,control,Text_112,3,3,present,present
4,Bailar,Bailar,1,0,0,infinitive,infinitive,SPA 2,control,Text_112,4,4,other,other
5,Tiene,Tener,1,0,0,present,present,SPA 2,control,Text_112,3,3,present,present
6,Es,Ser,1,0,0,present,present,SPA 2,control,Text_112,3,3,present,present
7,Es,Ser,1,0,0,present,present,SPA 2,control,Text_112,3,3,present,present
8,Están asistiendo,Asistir,0,0,1,present,ambiguous,SPA 2,control,Text_112,3,12,other,present
9,Quiere,Querer,1,0,0,present,present,SPA 2,control,Text_112,3,3,present,present
10,Practicar,Practicar,1,0,0,infinitive,infinitive,SPA 2,control,Text_112,4,4,other,other
11,Bailar,Bailar,1,0,0,infinitive,infinitive,SPA 2,control,Text_112,4,4,other,other
12,Conoce,Conocer* (saber),1,0,0,present,present,SPA 2,control,Text_112,3,3,present,present
13,Bailar,Bailar,1,0,0,infinitive,infinitive,SPA 2,control,Text_112,4,4,other,other
14,Publica,Publicar,1,0,0,present,present,SPA 2,control,Text_112,3,3,present,present
15,Cae,Caerse,1,0,0,present,present,SPA 2,control,Text_112,3,3,present,present
16,Rompe,Romperse,1,0,0,present,present,SPA 2,control,Text_112,3,3,present,present
17,Va,Ir,1,0,0,present,present,SPA 2,control,Text_112,3,3,present,present
18,Visitar,Visitar,1,0,0,infinitive,infinitive,SPA 2,control,Text_112,4,4,other,other
19,Es,Ser,1,0,0,present,present,SPA 2,control,Text_112,3,3,present,present
20,Piensa,Pensar,1,0,0,present,present,SPA 2,control,Text_112,3,3,present,present
21,Puede,Poder,1,0,0,present,present,SPA 2,control,Text_112,3,3,present,present
22,Bailar,Bailar,1,0,0,infinitive,infinitive,SPA 2,control,Text_112,4,4,other,other
23,Argumentan,Argumentar* (Pelearse),1,0,0,present,present,SPA 2,control,Text_112,3,3,present,present
24,Olvida,Olvidarse,1,0,0,present,present,SPA 2,control,Text_112,3,3,present,present
25,Tiene,Tener,1,0,0,present,present,SPA 2,control,Text_112,3,3,present,present
26,Encuentran,Encontrar,1,0,0,present,present,SPA 2,control,Text_112,3,3,present,present
27,Es,Ser,1,0,0,present,present,SPA 2,control,Text_112,3,3,present,present
1,Está,Estar,1,0,0,present,present,SPA 2,control,Text_113,3,3,present,present
2,Tiene,Tener,1,0,0,present,present,SPA 2,control,Text_113,3,3,present,present
3,Tiene,Tener,1,0,0,present,present,SPA 2,control,Text_113,3,3,present,present
4,Está,Estar,1,0,0,present,present,SPA 2,control,Text_113,3,3,present,present
5,Se bailar,Saber bailar,1,0,0,present,present,SPA 2,control,Text_113,3,3,present,present
6,Bailar,Bailar,1,0,0,infinitive,infinitive,SPA 2,control,Text_113,4,4,other,other
7,Ir,Ir,1,0,0,present,present,SPA 2,control,Text_113,3,3,present,present
8,Bailar,Bailar,0,0,1,infinitive,noun,SPA 2,control,Text_113,4,1000,other,other
9,Está,Estar,1,0,0,present,present,SPA 2,control,Text_113,3,3,present,present
10,Está,Estar,1,0,0,present,present,SPA 2,control,Text_113,3,3,present,present
11,Estar,Estar,1,0,0,infinitive,infinitive,SPA 2,control,Text_113,4,4,other,other
12,Planear,Planear,1,0,0,infinitive,infinitive,SPA 2,control,Text_113,4,4,other,other
13,Tiene,Tener,1,0,0,present,present,SPA 2,control,Text_113,3,3,present,present
14,Dueló,Doler,1,0,0,preterite,preterite,SPA 2,control,Text_113,1,1,preterit,preterit
15,Estuvo,Estar,1,0,0,preterite,preterite,SPA 2,control,Text_113,1,1,preterit,preterit
16,Cambia,Cambiar,1,0,0,present,present,SPA 2,control,Text_113,3,3,present,present
17,Está,Estar,1,0,0,present,present,SPA 2,control,Text_113,3,3,present,present
18,Bailar,Bailar,0,0,1,infinitive,present,SPA 2,control,Text_113,4,3,present,other
1,Están,Estar,1,0,0,present,present,SPA 2,control,Text_114,3,3,present,present
2,Tuvo,Tener,0,0,1,preterite,present,SPA 2,control,Text_114,1,3,present,preterit
3,Es,Ser,1,0,0,present,present,SPA 2,control,Text_114,3,3,present,present
4,Puede,Poder,0,0,1,present,subjunctive,SPA 2,control,Text_114,3,8,other,present
5,Bailar,Bailar,1,0,0,infinitive,infinitive,SPA 2,control,Text_114,4,4,other,other
7,Voy,Ir,1,0,0,present,present,SPA 2,control,Text_114,3,3,present,present
8,Cuidarse,Cuidarse,1,0,0,infinitive,infinitive,SPA 2,control,Text_114,4,4,other,other
9,Ve,Ver,1,0,0,present,present,SPA 2,control,Text_114,3,3,present,present
10,Practica,Practicar,0,0,1,present,infinitive,SPA 2,control,Text_114,3,4,other,present
11,Bailar,Bailar,1,0,0,infinitive,infinitive,SPA 2,control,Text_114,4,4,other,other
12,Recordar,Recordar* (Grabar),0,0,1,infinitive,present,SPA 2,control,Text_114,4,3,present,other
13,Está,Estar,1,0,0,present,present,SPA 2,control,Text_114,3,3,present,present
14,Es,Ser,1,0,0,present,present,SPA 2,control,Text_114,3,3,present,present
16,Tuvo que correr,Tener que correr,0,0,1,preterite,present,SPA 2,control,Text_114,1,3,present,preterit
17,Retorna,Retornar,0,0,1,present,infinitive,SPA 2,control,Text_114,3,4,other,present
18,Es,Ser,1,0,0,present,present,SPA 2,control,Text_114,3,3,present,present
19,Prepara,Preparar,0,0,1,present,infinitive,SPA 2,control,Text_114,3,4,other,present
20,Es,Ser,1,0,0,present,present,SPA 2,control,Text_114,3,3,present,present
21,Visita,Visitar,1,0,0,present,present,SPA 2,control,Text_114,3,3,present,present
22,Es descansa,Descansar,1,0,0,present,present,SPA 2,control,Text_114,3,3,present,present
23,Mejorarse,Mejorarse,1,0,0,infinitive,infinitive,SPA 2,control,Text_114,4,4,other,other
24,Es,Ser,1,0,0,present,present,SPA 2,control,Text_114,3,3,present,present
25,Cocinar,Cocinar,0,0,1,infinitive,present,SPA 2,control,Text_114,4,3,present,other
26,Se siente,Sentirse,1,0,0,present,present,SPA 2,control,Text_114,3,3,present,present
27,Puede,Poder,1,0,0,present,present,SPA 2,control,Text_114,3,3,present,present
28,Bailar,Bailar,1,0,0,infinitive,infinitive,SPA 2,control,Text_114,4,4,other,other
29,Baila,Bailar,1,0,0,present,present,SPA 2,control,Text_114,3,3,present,present
31,Crear,Crear,1,0,0,infinitive,infinitive,SPA 2,control,Text_114,4,4,other,other
1,Son,Ser,1,0,0,present,present,SPA 2,control,Text_115,3,3,present,present
2,Son,Ser,1,0,0,present,present,SPA 2,control,Text_115,3,3,present,present
3,Van,Ir,1,0,0,present,present,SPA 2,control,Text_115,3,3,present,present
4,Visitar,Visitar,1,0,0,infinitive,infinitive,SPA 2,control,Text_115,4,4,other,other
5,Comen,Comer,1,0,0,present,present,SPA 2,control,Text_115,3,3,present,present
6,Va a tener,Ir a tener,1,0,0,present,present,SPA 2,control,Text_115,3,3,present,present
7,Celebrar,Celebrar,1,0,0,present,present,SPA 2,control,Text_115,3,3,present,present
8,Quiere,Querer,1,0,0,present,present,SPA 2,control,Text_115,3,3,present,present
9,Estar,Estar,0,0,1,infinitive,subjunctive,SPA 2,control,Text_115,4,8,other,other
10,Hay,Haber,1,0,0,present,present,SPA 2,control,Text_115,3,3,present,present
11,Sabe,Saber,1,0,0,present,present,SPA 2,control,Text_115,3,3,present,present
12,Bailar,Bailar,1,0,0,infinitive,infinitive,SPA 2,control,Text_115,4,4,other,other
13,Aceptas,Aceptar,1,0,0,present,present,SPA 2,control,Text_115,3,3,present,present
14,Estar,Estar,1,0,0,present,present,SPA 2,control,Text_115,3,3,present,present
15,Quiere,Querer,1,0,0,present,present,SPA 2,control,Text_115,3,3,present,present
16,Defraudar,Defraudar,1,0,0,infinitive,infinitive,SPA 2,control,Text_115,4,4,other,other
17,Quiere,Querer,1,0,0,present,present,SPA 2,control,Text_115,3,3,present,present
18,Enseñar,Enseñar,1,0,0,infinitive,infinitive,SPA 2,control,Text_115,4,4,other,other
19,Bailar,Bailar,1,0,0,infinitive,infinitive,SPA 2,control,Text_115,4,4,other,other
20,Es,Ser,1,0,0,present,present,SPA 2,control,Text_115,3,3,present,present
21,Tiene,Tener,1,0,0,present,present,SPA 2,control,Text_115,3,3,present,present
22,Sana,Sanar,1,0,0,present,present,SPA 2,control,Text_115,3,3,present,present
23,Puede,Poder,1,0,0,present,present,SPA 2,control,Text_115,3,3,present,present
24,Ser,Ser,1,0,0,infinitive,infinitive,SPA 2,control,Text_115,4,4,other,other
1,Es,Ser,1,0,0,present,present,SPA 2,control,Text_116,3,3,present,present
2,Celebramos,Celebrar,1,0,0,present,present,SPA 2,control,Text_116,3,3,present,present
3,Quiere,Querer,1,0,0,present,present,SPA 2,control,Text_116,3,3,present,present
4,Bailar,Bailar,1,0,0,infinitive,infinitive,SPA 2,control,Text_116,4,4,other,other
5,Ser,Ser,1,0,0,infinitive,infinitive,SPA 2,control,Text_116,4,4,other,other
6,Sabe,Saber,1,0,0,present,present,SPA 2,control,Text_116,3,3,present,present
7,Bailar,Bailar,1,0,0,infinitive,infinitive,SPA 2,control,Text_116,4,4,other,other
8,Ayudan,Ayudar,1,0,0,present,present,SPA 2,control,Text_116,3,3,present,present
9,Preparar,Preparar,1,0,0,infinitive,infinitive,SPA 2,control,Text_116,4,4,other,other
10,Se chocas,Chocarse,1,0,0,present,present,SPA 2,control,Text_116,3,3,present,present
11,Se torce,Torcerse,1,0,0,present,present,SPA 2,control,Text_116,3,3,present,present
12,Está,Estar,1,0,0,present,present,SPA 2,control,Text_116,3,3,present,present
13,Tiene descansar,Tener que descansar,1,0,0,present,present,SPA 2,control,Text_116,3,3,present,present
14,Puede,Poder,1,0,0,present,present,SPA 2,control,Text_116,3,3,present,present
15,Bailar,Bailar,1,0,0,present,present,SPA 2,control,Text_116,3,3,present,present
16,Se mejora,Mejorarse,1,0,0,present,present,SPA 2,control,Text_116,3,3,present,present
17,Puede,Poder,1,0,0,present,present,SPA 2,control,Text_116,3,3,present,present
18,Practicar,Practicar,1,0,0,present,present,SPA 2,control,Text_116,3,3,present,present
19,Practican,Practicar,1,0,0,present,present,SPA 2,control,Text_116,3,3,present,present
20,Habla,Hablar,1,0,0,present,present,SPA 2,control,Text_116,3,3,present,present
21,Va a tomar,Ir a tomar,1,0,0,present,present,SPA 2,control,Text_116,3,3,present,present
22,Tiene,Tener,1,0,0,present,present,SPA 2,control,Text_116,3,3,present,present
23,Dieron,Dar,1,0,0,preterite,preterite,SPA 2,control,Text_116,1,1,preterit,preterit
24,Va a ver,Ir a ver,1,0,0,present,present,SPA 2,control,Text_116,3,3,present,present
25,Cambia,Cambiar,1,0,0,present,present,SPA 2,control,Text_116,3,3,present,present
26,Baila,Bailar,1,0,0,present,present,SPA 2,control,Text_116,3,3,present,present
27,Está,Estar,1,0,0,present,present,SPA 2,control,Text_116,3,3,present,present
28,Caminó,Caminar,1,0,0,preterite,preterite,SPA 2,control,Text_116,1,1,preterit,preterit
29,Es,Ser,1,0,0,present,present,SPA 2,control,Text_116,3,3,present,present
30,Habla,Hablar,1,0,0,present,present,SPA 2,control,Text_116,3,3,present,present
31,Dice,Decir,1,0,0,present,present,SPA 2,control,Text_116,3,3,present,present
32,Hizo,Hacer,1,0,0,preterite,preterite,SPA 2,control,Text_116,1,1,preterit,preterit
33,Fue,Ser,1,0,0,preterite,preterite,SPA 2,control,Text_116,1,1,preterit,preterit
1,Fue,Ser,1,0,0,preterite,preterite,SPA 2,control,Text_117,1,1,preterit,preterit
2,Se llama,Llamarse,1,0,0,present,present,SPA 2,control,Text_117,3,3,present,present
3,Puede,Poder,1,0,0,present,present,SPA 2,control,Text_117,3,3,present,present
4,Bailar,Bailar,1,0,0,infinitive,infinitive,SPA 2,control,Text_117,4,4,other,other
5,Bailar,Bailar,1,0,0,infinitive,infinitive,SPA 2,control,Text_117,4,4,other,other
6,Se llaman,Llamarse,1,0,0,present,present,SPA 2,control,Text_117,3,3,present,present
7,Ayudan,Ayudar,1,0,0,present,present,SPA 2,control,Text_117,3,3,present,present
1,Está,Estar,1,0,0,present,present,SPA 2,control,Text_118,3,3,present,present
2,Está aprendiendo,Aprender,1,0,0,present,present,SPA 2,control,Text_118,3,3,present,present
3,Bailar,Bailar,1,0,0,present,present,SPA 2,control,Text_118,3,3,present,present
4,Fue,Ser,0,0,1,preterite,present,SPA 2,control,Text_118,1,3,present,preterit
5,Rompe,Romper,1,0,0,present,present,SPA 2,control,Text_118,3,3,present,present
6,Está,Estar,1,0,0,present,present,SPA 2,control,Text_118,3,3,present,present
7,Olvida,Olvidar,1,0,0,present,present,SPA 2,control,Text_118,3,3,present,present
8,Incluyen,Incluir,1,0,0,present,present,SPA 2,control,Text_118,3,3,present,present
9,Baila,Bailar,1,0,0,present,present,SPA 2,control,Text_118,3,3,present,present
10,Son,Ser,1,0,0,present,present,SPA 2,control,Text_118,3,3,present,present
1,Planea,Planear,1,0,0,present,present,SPA 2,control,Text_119,3,3,present,present
2,Suponerse,Suponerse,0,0,1,infinitive,present,SPA 2,control,Text_119,4,3,present,other
3,Bailar,Bailar,0,0,1,infinitive,present,SPA 2,control,Text_119,4,3,present,other
4,Sabe,Saber,1,0,0,present,present,SPA 2,control,Text_119,3,3,present,present
5,Bailar,Bailar,1,0,0,infinitive,infinitive,SPA 2,control,Text_119,4,4,other,other
6,Aprende,Aprender,1,0,0,present,present,SPA 2,control,Text_119,3,3,present,present
7,Bailar,Bailar,1,0,0,infinitive,infinitive,SPA 2,control,Text_119,4,4,other,other
8,Está,Estar,1,0,0,present,present,SPA 2,control,Text_119,3,3,present,present
9,Hay,Haber,1,0,0,present,present,SPA 2,control,Text_119,3,3,present,present
10,Hacer,Hacer,1,0,0,present,present,SPA 2,control,Text_119,3,3,present,present
11,Se rompe,Romperse,1,0,0,present,present,SPA 2,control,Text_119,3,3,present,present
13,Es,Ser,1,0,0,present,present,SPA 2,control,Text_119,3,3,present,present
1,Es,Ser,1,0,0,present,present,SPA 2,control,Text_120,3,3,present,present
2,Se llama,Llamarse,1,0,0,present,present,SPA 2,control,Text_120,3,3,present,present
3,Quiere,Querer,1,0,0,present,present,SPA 2,control,Text_120,3,3,present,present
4,Ser,Ser,0,0,1,infinitive,subjunctive,SPA 2,control,Text_120,4,8,other,other
5,Sabe,Saber,1,0,0,present,present,SPA 2,control,Text_120,3,3,present,present
6,Bailar,Bailar,1,0,0,infinitive,infinitive,SPA 2,control,Text_120,4,4,other,other
7,Es,Ser,1,0,0,present,present,SPA 2,control,Text_120,3,3,present,present
8,Ayudan,Ayudar,1,0,0,present,present,SPA 2,control,Text_120,3,3,present,present
9,Ayudan,Ayudar,1,0,0,present,present,SPA 2,control,Text_120,3,3,present,present
10,Enseñar,Enseñar,1,0,0,infinitive,infinitive,SPA 2,control,Text_120,4,4,other,other
11,Bailar,Bailar,1,0,0,present,present,SPA 2,control,Text_120,3,3,present,present
12,Hay,Haber,1,0,0,present,present,SPA 2,control,Text_120,3,3,present,present
13,Hay,Haber,1,0,0,present,present,SPA 2,control,Text_120,3,3,present,present
14,Son,Ser,1,0,0,present,present,SPA 2,control,Text_120,3,3,present,present
1,Es,Ser,1,0,0,present,present,SPA 2,control,Text_121,3,3,present,present
2,Es,Ser,1,0,0,present,present,SPA 2,control,Text_121,3,3,present,present
3,Quieren,Querer,1,0,0,present,present,SPA 2,control,Text_121,3,3,present,present
4,Bailar,Bailar,1,0,0,infinitive,infinitive,SPA 2,control,Text_121,4,4,other,other
5,Está,Estar,1,0,0,present,present,SPA 2,control,Text_121,3,3,present,present
6,Se torció,Torcerse,0,0,1,preterite,present,SPA 2,control,Text_121,1,3,present,preterit
7,Es,Ser,1,0,0,present,present,SPA 2,control,Text_121,3,3,present,present
8,Quiere,Querer,1,0,0,present,present,SPA 2,control,Text_121,3,3,present,present
9,Son,Ser,0,0,1,present,subjunctive,SPA 2,control,Text_121,3,8,other,present
10,Baila,Bailar,1,0,0,present,present,SPA 2,control,Text_121,3,3,present,present
11,Practica,Practicar,1,0,0,present,present,SPA 2,control,Text_121,3,3,present,present
12,Ayuda,Ayudar,1,0,0,present,present,SPA 2,control,Text_121,3,3,present,present
1,Quise ser,Querer ser,0,0,1,preterite,imperfect,SPA 2,control,Text_122,1,2,imperfect,preterit
2,Supo bailar,Saber bailar,0,0,1,preterite,imperfect,SPA 2,control,Text_122,1,2,imperfect,preterit
3,Aprendió bailar,Aprender a bailar,1,0,0,preterite,preterite,SPA 2,control,Text_122,1,1,preterit,preterit
4,Salió,Salir,0,0,1,preterite,imperfect,SPA 2,control,Text_122,1,2,imperfect,preterit
5,Cayó,Caerse,1,0,0,preterite,preterite,SPA 2,control,Text_122,1,1,preterit,preterit
6,Giró,Girar* (Torcerse),1,0,0,preterite,preterite,SPA 2,control,Text_122,1,1,preterit,preterit
8,Motivaron,Motivar,1,0,0,preterite,preterite,SPA 2,control,Text_122,1,1,preterit,preterit
9,Bailar,Bailar,1,0,0,infinitive,infinitive,SPA 2,control,Text_122,4,4,other,other
1,Tiene que prepararse,Tener que prepararse,0,0,1,present,imperfect,SPA 2,control,Text_123,3,2,imperfect,present
2,Hizo,Hacer,1,0,0,preterite,preterite,SPA 2,control,Text_123,1,1,preterit,preterit
3,Se hizo,Hacerse,1,0,0,preterite,preterite,SPA 2,control,Text_123,1,1,preterit,preterit
4,Llegó,Llegar,1,0,0,preterite,preterite,SPA 2,control,Text_123,1,1,preterit,preterit
5,Atropellaron,Atropellar,1,0,0,preterite,preterite,SPA 2,control,Text_123,1,1,preterit,preterit
6,Tiene que curarse,Tener que curarse,0,0,1,present,preterite,SPA 2,control,Text_123,3,1,preterit,present
7,Afectó,Afectar,1,0,0,preterite,preterite,SPA 2,control,Text_123,1,1,preterit,preterit
8,Se olvidó,Olvidarse,1,0,0,preterite,preterite,SPA 2,control,Text_123,1,1,preterit,preterit
9,Se enfadó,Enfadarse,1,0,0,preterite,preterite,SPA 2,control,Text_123,1,1,preterit,preterit
10,Bailaron,Bailar,1,0,0,preterite,preterite,SPA 2,control,Text_123,1,1,preterit,preterit
11,Se vistieron,Vestirse,1,0,0,preterite,preterite,SPA 2,control,Text_123,1,1,preterit,preterit
1,va,ir,1,0,0,present,present,SPA 2,control,Text_125,3,3,present,present
2,planeando,planear,0,0,1,gerund,present,SPA 2,control,Text_125,5,3,present,other
3,pregunta,preguntar,1,0,0,present,present,SPA 2,control,Text_125,3,3,present,present
4,tiene que practicar,tener practicar,1,0,0,present,present,SPA 2,control,Text_125,3,3,present,present
5,Bailar,bailar,1,0,0,infinitive,infinitive,SPA 2,control,Text_125,4,4,other,other
6,es,ser,1,0,0,present,present,SPA 2,control,Text_125,3,3,present,present
7,ayuda,ayudar,1,0,0,present,present,SPA 2,control,Text_125,3,3,present,present
8,practican,practicar,1,0,0,present,present,SPA 2,control,Text_125,3,3,present,present
9,Bailar,Bailar,1,0,0,infinitive,infinitive,SPA 2,control,Text_125,4,4,other,other
10,toma,tomar,1,0,0,present,present,SPA 2,control,Text_125,3,3,present,present
11,baila,Bailar,0,0,1,present,gerund,SPA 2,control,Text_125,3,5,other,present
11,hace,hace,1,0,0,present,present,SPA 2,control,Text_125,3,3,present,present
12,puede,poder,1,0,0,present,present,SPA 2,control,Text_125,3,3,present,present
13,Bailer,Bailar,1,0,0,infinitive,infinitive,SPA 2,control,Text_125,4,4,other,other
14,quire,querer,1,0,0,present,present,SPA 2,control,Text_125,3,3,present,present
15,tiene,tener,1,0,0,present,present,SPA 2,control,Text_125,3,3,present,present
16,tiene,tener,1,0,0,present,present,SPA 2,control,Text_125,3,3,present,present
18,fue,ir / ser,1,0,0,preterit,preterit,SPA 2,control,Text_125,1,1,preterit,preterit
19,puede,poder,1,0,0,present,present,SPA 2,control,Text_125,3,3,present,present
20,Bailar,Bailar,1,0,0,infinitive,infinitive,SPA 2,control,Text_125,4,4,other,other
1,Quiere dar,Querer dar,1,0,0,present,present,SPA 2,intervention,Text_126,3,3,present,present
2,Está,Estar,1,0,0,present,present,SPA 2,intervention,Text_126,3,3,present,present
3,Casarse,Casarse,1,0,0,infinitive,infinitive,SPA 2,intervention,Text_126,4,4,other,other
4,Hay,Haber,1,0,0,present,present,SPA 2,intervention,Text_126,3,3,present,present
5,Está,Estar,1,0,0,present,present,SPA 2,intervention,Text_126,3,3,present,present
6,Aprende,Aprender,1,0,0,present,present,SPA 2,intervention,Text_126,3,3,present,present
7,Aprender,Aprender,0,0,1,infinitive,present,SPA 2,intervention,Text_126,4,3,present,other
8,Bailar,Bailar,0,0,1,infinitive,present,SPA 2,intervention,Text_126,4,3,present,other
9,Se hace,Hacerse,1,0,0,present,present,SPA 2,intervention,Text_126,3,3,present,present
10,Quiere,Querer,1,0,0,present,present,SPA 2,intervention,Text_126,3,3,present,present
11,Ver,Ver,1,0,0,infinitive,infinitive,SPA 2,intervention,Text_126,4,4,other,other
12,Puede,Poder,1,0,0,present,present,SPA 2,intervention,Text_126,3,3,present,present
13,Estás,Estar,1,0,0,present,present,SPA 2,intervention,Text_126,3,3,present,present
14,Tiene,Tener,1,0,0,present,present,SPA 2,intervention,Text_126,3,3,present,present
15,Está,Estar,1,0,0,present,present,SPA 2,intervention,Text_126,3,3,present,present
16,Pelea,Pelear,1,0,0,present,present,SPA 2,intervention,Text_126,3,3,present,present
17,Ayuda,Ayudar,1,0,0,present,present,SPA 2,intervention,Text_126,3,3,present,present
18,Está,Estar,1,0,0,present,present,SPA 2,intervention,Text_126,3,3,present,present
19,Está,Estar,1,0,0,present,present,SPA 2,intervention,Text_126,3,3,present,present
20,Hace,Hacer,1,0,0,present,present,SPA 2,intervention,Text_126,3,3,present,present
21,Es,Ser,1,0,0,present,present,SPA 2,intervention,Text_126,3,3,present,present
22,Es,Ser,1,0,0,present,present,SPA 2,intervention,Text_126,3,3,present,present
23,Es,Ser,1,0,0,present,present,SPA 2,intervention,Text_126,3,3,present,present
1,Tiene,Tener,1,0,0,present,present,SPA 2,intervention,Text_127,3,3,present,present
2,Se llama,Llamarse,1,0,0,present,present,SPA 2,intervention,Text_127,3,3,present,present
3,Tiene,Tener,1,0,0,present,present,SPA 2,intervention,Text_127,3,3,present,present
4,Llama,Llamarse,1,0,0,present,present,SPA 2,intervention,Text_127,3,3,present,present
5,Bailar,Bailar,0,0,1,infinitive,present,SPA 2,intervention,Text_127,4,3,present,other
6,Tiene,Tener,1,0,0,present,present,SPA 2,intervention,Text_127,3,3,present,present
7,Gusta,Gustar,1,0,0,present,present,SPA 2,intervention,Text_127,3,3,present,present
8,Quiere,Querer,1,0,0,present,present,SPA 2,intervention,Text_127,3,3,present,present
9,Lleva,Llevarse,0,0,1,present,subjunctive,SPA 2,intervention,Text_127,3,8,other,present
10,Está,Estar,1,0,0,present,present,SPA 2,intervention,Text_127,3,3,present,present
11,Hace,Hacer,1,0,0,present,present,SPA 2,intervention,Text_127,3,3,present,present
12,Quiere,Querer,1,0,0,present,present,SPA 2,intervention,Text_127,3,3,present,present
13,Salir,Salir,1,0,0,infinitive,infinitive,SPA 2,intervention,Text_127,4,4,other,other
14,Está,Estar,1,0,0,present,present,SPA 2,intervention,Text_127,3,3,present,present
15,Enseña,Enseñar,1,0,0,present,present,SPA 2,intervention,Text_127,3,3,present,present
16,Bailar,Bailar,1,0,0,infinitive,infinitive,SPA 2,intervention,Text_127,4,4,other,other
17,Se cae,Caerse,1,0,0,present,present,SPA 2,intervention,Text_127,3,3,present,present
18,Se lastima,Lastimarse,1,0,0,present,present,SPA 2,intervention,Text_127,3,3,present,present
19,Está,Estar,1,0,0,present,present,SPA 2,intervention,Text_127,3,3,present,present
20,Está,Estar,1,0,0,present,present,SPA 2,intervention,Text_127,3,3,present,present
21,Bailar,Bailar,1,0,0,present,present,SPA 2,intervention,Text_127,3,3,present,present
22,Desaparece,Desaparecer,1,0,0,present,present,SPA 2,intervention,Text_127,3,3,present,present
23,Bailar,Bailar,1,0,0,present,present,SPA 2,intervention,Text_127,3,3,present,present
24,Está,Estar,1,0,0,present,present,SPA 2,intervention,Text_127,3,3,present,present
1,Hablan,Hablar,1,0,0,present,present,SPA 2,intervention,Text_128,3,3,present,present
2,Da,Dar,1,0,0,present,present,SPA 2,intervention,Text_128,3,3,present,present
3,Pienso,Pensar,1,0,0,present,present,SPA 2,intervention,Text_128,3,3,present,present
4,Está,Estar,1,0,0,present,present,SPA 2,intervention,Text_128,3,3,present,present
5,Está,Estar,1,0,0,present,present,SPA 2,intervention,Text_128,3,3,present,present
6,Tienen,Tener,1,0,0,present,present,SPA 2,intervention,Text_128,3,3,present,present
7,Está,Estar,1,0,0,present,present,SPA 2,intervention,Text_128,3,3,present,present
8,Quiere,Querer,1,0,0,present,present,SPA 2,intervention,Text_128,3,3,present,present
9,Practicar,Practicar,1,0,0,infinitive,infinitive,SPA 2,intervention,Text_128,4,4,other,other
10,Tiene,Tener,1,0,0,present,present,SPA 2,intervention,Text_128,3,3,present,present
11,Argumentan,Argumentar* (discutir),1,0,0,present,present,SPA 2,intervention,Text_128,3,3,present,present
12,Se vestir,Vestirse,0,0,1,infinitive,present,SPA 2,intervention,Text_128,4,3,present,other
13,Tiene,Tener,1,0,0,present,present,SPA 2,intervention,Text_128,3,3,present,present
14,Prevenía,Prevenir* (disuadir),0,0,1,imperfect,present,SPA 2,intervention,Text_128,2,3,present,imperfect
15,Bailar,Bailar,1,0,0,infinitive,infinitive,SPA 2,intervention,Text_128,4,4,other,other
16,Tiene,Tener,1,0,0,present,present,SPA 2,intervention,Text_128,3,3,present,present
17,Gusta,Gustar,1,0,0,present,present,SPA 2,intervention,Text_128,3,3,present,present
18,Está,Estar,1,0,0,present,present,SPA 2,intervention,Text_128,3,3,present,present
1,Están,Estar,1,0,0,present,present,SPA 2,intervention,Text_129,3,3,present,present
2,Da,Dar,1,0,0,present,present,SPA 2,intervention,Text_129,3,3,present,present
3,Está,Estar,1,0,0,present,present,SPA 2,intervention,Text_129,3,3,present,present
4,Piensa,Pensar,1,0,0,present,present,SPA 2,intervention,Text_129,3,3,present,present
5,Es,Ser,1,0,0,present,present,SPA 2,intervention,Text_129,3,3,present,present
6,Dice,Decir,1,0,0,present,present,SPA 2,intervention,Text_129,3,3,present,present
7,Simboliza,Simbolizar,1,0,0,present,present,SPA 2,intervention,Text_129,3,3,present,present
9,Quiere,Querer,1,0,0,present,present,SPA 2,intervention,Text_129,3,3,present,present
10,Es,Ser,0,0,1,present,subjunctive,SPA 2,intervention,Text_129,3,8,other,present
11,Enseña a bailar,Enseñar,1,0,0,present,present,SPA 2,intervention,Text_129,3,3,present,present
12,Bailar,Bailar,1,0,0,infinitive,infinitive,SPA 2,intervention,Text_129,4,4,other,other
13,Enseña a hablar,Hablar,1,0,0,present,present,SPA 2,intervention,Text_129,3,3,present,present
14,Hablar,Hablar,1,0,0,infinitive,infinitive,SPA 2,intervention,Text_129,4,4,other,other
15,Iba,Ir,0,0,1,imperfect,present,SPA 2,intervention,Text_129,2,3,present,imperfect
16,Se rompia,Romperse,0,0,1,imperfect,present,SPA 2,intervention,Text_129,2,3,present,imperfect
17,Piensa,Pensar,1,0,0,present,present,SPA 2,intervention,Text_129,3,3,present,present
18,Puede,Poder,1,0,0,present,present,SPA 2,intervention,Text_129,3,3,present,present
19,Hacer,Hacer,1,0,0,infinitive,infinitive,SPA 2,intervention,Text_129,4,4,other,other
20,Discuten,Discutir,1,0,0,present,present,SPA 2,intervention,Text_129,3,3,present,present
21,Ve,Ver,1,0,0,present,present,SPA 2,intervention,Text_129,3,3,present,present
22,Sobrevivir,Sobrevivir,1,0,0,infinitive,infinitive,SPA 2,intervention,Text_129,4,4,other,other
23,Se mejora,Mejorarse,1,0,0,present,present,SPA 2,intervention,Text_129,3,3,present,present
24,Baila,Bailar,1,0,0,present,present,SPA 2,intervention,Text_129,3,3,present,present
25,Canta,Cantar,1,0,0,present,present,SPA 2,intervention,Text_129,3,3,present,present
26,Reian,Reírse,0,0,1,imperfect,present,SPA 2,intervention,Text_129,2,3,present,imperfect
1,Piensaba,Pensar,1,0,0,imperfect,imperfect,SPA 2,intervention,Text_130,2,2,imperfect,imperfect
2,Dababa,Dar,0,0,1,imperfect,infinitive,SPA 2,intervention,Text_130,2,4,other,imperfect
3,Estaba,Estar,1,0,0,imperfect,imperfect,SPA 2,intervention,Text_130,2,2,imperfect,imperfect
4,Accepta,Aceptar,1,0,0,present,present,SPA 2,intervention,Text_130,3,3,present,present
5,Gusta,Gustar,1,0,0,present,present,SPA 2,intervention,Text_130,3,3,present,present
6,Esta,Estar,1,0,0,present,present,SPA 2,intervention,Text_130,3,3,present,present
7,Tiene,Tener,1,0,0,present,present,SPA 2,intervention,Text_130,3,3,present,present
8,Gusta,Gustar,1,0,0,present,present,SPA 2,intervention,Text_130,3,3,present,present
9,Dice,Decir,1,0,0,present,present,SPA 2,intervention,Text_130,3,3,present,present
10,Son,Ser,1,0,0,present,present,SPA 2,intervention,Text_130,3,3,present,present
11,Roto,Romperse,0,0,1,participle,present,SPA 2,intervention,Text_130,13,3,present,other
12,Andar,Andar,0,0,1,infinitive,present continuous,SPA 2,intervention,Text_130,4,1000,other,other
13,Baila,Bailar,1,0,0,present,present,SPA 2,intervention,Text_130,3,3,present,present
14,Ve,Ver,0,0,1,infinitive,present,SPA 2,intervention,Text_130,4,3,present,other
15,Hablan,Hablar,1,0,0,present,present,SPA 2,intervention,Text_130,3,3,present,present
16,Esta,Estar,1,0,0,present,present,SPA 2,intervention,Text_130,3,3,present,present
17,Ver,Ver,0,0,1,infinitive,present,SPA 2,intervention,Text_130,4,3,present,other
18,Tiene que hablar,Tener que hablar,1,0,0,present,present,SPA 2,intervention,Text_130,3,3,present,present
19,Estudia,Estudiar,1,0,0,present,present,SPA 2,intervention,Text_130,3,3,present,present
1,Es,Ser,1,0,0,present,present,SPA 2,intervention,Text_131,3,3,present,present
2,Esta teniendo,Tener,1,0,0,present,present,SPA 2,intervention,Text_131,3,3,present,present
3,Es,Ser,1,0,0,present,present,SPA 2,intervention,Text_131,3,3,present,present
4,Pelean,Pelear,1,0,0,present,present,SPA 2,intervention,Text_131,3,3,present,present
5,Rompe,Romperse,1,0,0,present,present,SPA 2,intervention,Text_131,3,3,present,present
6,Es,Ser,1,0,0,present,present,SPA 2,intervention,Text_131,3,3,present,present
7,Enseña,Enseñar,1,0,0,present,present,SPA 2,intervention,Text_131,3,3,present,present
8,Bailar,Bailar,1,0,0,infinitive,infinitive,SPA 2,intervention,Text_131,4,4,other,other
9,Hace,Hacer,1,0,0,present,present,SPA 2,intervention,Text_131,3,3,present,present
10,Es,Ser,1,0,0,present,present,SPA 2,intervention,Text_131,3,3,present,present
11,Es,Ser,1,0,0,present,present,SPA 2,intervention,Text_131,3,3,present,present
12,Es,Ser,1,0,0,present,present,SPA 2,intervention,Text_131,3,3,present,present
13,Necesita,Necesitar,1,0,0,present,present,SPA 2,intervention,Text_131,3,3,present,present
14,Aprender,Aprender,1,0,0,infinitive,infinitive,SPA 2,intervention,Text_131,4,4,other,other
15,Va a estudiar,Ir a estudiar,1,0,0,present,present,SPA 2,intervention,Text_131,3,3,present,present
16,Habla,Hablar,1,0,0,present,present,SPA 2,intervention,Text_131,3,3,present,present
17,Es,Ser,1,0,0,present,present,SPA 2,intervention,Text_131,3,3,present,present
18,Hace,Hacer,1,0,0,present,present,SPA 2,intervention,Text_131,3,3,present,present
19,Empieza,Empezar,1,0,0,present,present,SPA 2,intervention,Text_131,3,3,present,present
20,Es,Ser,1,0,0,present,present,SPA 2,intervention,Text_131,3,3,present,present
21,Bailando,Bailar,1,0,0,gerund,gerund,SPA 2,intervention,Text_131,5,5,other,other
1,Tiene,Tener,1,0,0,present,present,SPA 2,intervention,Text_132,3,3,present,present
2,Conoce,Conocer,1,0,0,present,present,SPA 2,intervention,Text_132,3,3,present,present
3,Tiene,Tener,1,0,0,present,present,SPA 2,intervention,Text_132,3,3,present,present
4,Va,Ir,1,0,0,present,present,SPA 2,intervention,Text_132,3,3,present,present
5,Quiere,Querer,1,0,0,present,present,SPA 2,intervention,Text_132,3,3,present,present
6,Poder,Poder,0,0,1,infinitive,subjunctive,SPA 2,intervention,Text_132,4,8,other,other
7,Torce,Torcerse,1,0,0,present,present,SPA 2,intervention,Text_132,3,3,present,present
8,Puede,Poder,1,0,0,present,present,SPA 2,intervention,Text_132,3,3,present,present
9,Bailar,Bailar,1,0,0,infinitive,infinitive,SPA 2,intervention,Text_132,4,4,other,other
11,Bailar,Bailar,1,0,0,infinitive,infinitive,SPA 2,intervention,Text_132,4,4,other,other
12,Enseña,Enseñar,1,0,0,present,present,SPA 2,intervention,Text_132,3,3,present,present
13,Gusta,Gustar,1,0,0,present,present,SPA 2,intervention,Text_132,3,3,present,present
14,Ayuda,Ayudar,1,0,0,present,present,SPA 2,intervention,Text_132,3,3,present,present
15,Trabajan,Trabajar,1,0,0,present,present,SPA 2,intervention,Text_132,3,3,present,present
16,Quiere,Querer,1,0,0,present,present,SPA 2,intervention,Text_132,3,3,present,present
17,Descansar,Descansar,1,0,0,infinitive,infinitive,SPA 2,intervention,Text_132,4,4,other,other
18,Mirar,Mirar,1,0,0,infinitive,infinitive,SPA 2,intervention,Text_132,4,4,other,other
19,Puede,Poder,1,0,0,present,present,SPA 2,intervention,Text_132,3,3,present,present
20,Puede,Poder,1,0,0,present,present,SPA 2,intervention,Text_132,3,3,present,present
21,Bailar,Bailar,1,0,0,infinitive,infinitive,SPA 2,intervention,Text_132,4,4,other,other
22,Ayuda,Ayudar,1,0,0,present,present,SPA 2,intervention,Text_132,3,3,present,present
1,Es,Ser,1,0,0,present,present,SPA 2,intervention,Text_133,3,3,present,present
2,Es,Ser,1,0,0,present,present,SPA 2,intervention,Text_133,3,3,present,present
3,Necesita,Necesitar,1,0,0,present,present,SPA 2,intervention,Text_133,3,3,present,present
4,Esta,Estar,1,0,0,present,present,SPA 2,intervention,Text_133,3,3,present,present
5,Tiene,Tener,1,0,0,present,present,SPA 2,intervention,Text_133,3,3,present,present
6,Dice,Decir,1,0,0,present,present,SPA 2,intervention,Text_133,3,3,present,present
7,Quedar,Quedar,0,0,1,infinitive,command,SPA 2,intervention,Text_133,4,9,other,other
8,Se llama,Llamarse,1,0,0,present,present,SPA 2,intervention,Text_133,3,3,present,present
9,Se llama,Llamarse,1,0,0,present,present,SPA 2,intervention,Text_133,3,3,present,present
10,Tiene,Tener,1,0,0,present,present,SPA 2,intervention,Text_133,3,3,present,present
11,Va a haber,Ir a haber,1,0,0,present,present,SPA 2,intervention,Text_133,3,3,present,present
12,Quiere,Querer,1,0,0,present,present,SPA 2,intervention,Text_133,3,3,present,present
13,Se pone,Ponerse,0,0,1,present,infinitive,SPA 2,intervention,Text_133,3,4,other,present
14,Quiere,Querer,1,0,0,present,present,SPA 2,intervention,Text_133,3,3,present,present
15,Se pone,Ponerse,0,0,1,present,infinitive,SPA 2,intervention,Text_133,3,4,other,present
16,Bailar,Bailar,1,0,0,infinitive,infinitive,SPA 2,intervention,Text_133,4,4,other,other
17,Tiene,Tener,1,0,0,present,present,SPA 2,intervention,Text_133,3,3,present,present
18,Tiene,Tener,1,0,0,present,present,SPA 2,intervention,Text_133,3,3,present,present
19,Se llama,Llamarse,1,0,0,present,present,SPA 2,intervention,Text_133,3,3,present,present
20,Se enfada,Enfadarse,1,0,0,present,present,SPA 2,intervention,Text_133,3,3,present,present
21,Es,Ser,1,0,0,present,present,SPA 2,intervention,Text_133,3,3,present,present
22,Ama,Amar,1,0,0,present,present,SPA 2,intervention,Text_133,3,3,present,present
23,Entiendo,Entender,1,0,0,present,present,SPA 2,intervention,Text_133,3,3,present,present
24,Es,Ser,1,0,0,present,present,SPA 2,intervention,Text_133,3,3,present,present
25,Ser,Ser,1,0,0,infinitive,infinitive,SPA 2,intervention,Text_133,4,4,other,other
1,Conoce,Conocer,1,0,0,present,present,SPA 2,intervention,Text_134,3,3,present,present
2,Pregunta,Preguntar,1,0,0,present,present,SPA 2,intervention,Text_134,3,3,present,present
3,Quiere ser,Querer ser,1,0,0,present,present,SPA 2,intervention,Text_134,3,3,present,present
4,Está,Estar,1,0,0,present,present,SPA 2,intervention,Text_134,3,3,present,present
5,Se,Saber,1,0,0,present,present,SPA 2,intervention,Text_134,3,3,present,present
6,Puede,Poder,1,0,0,present,present,SPA 2,intervention,Text_134,3,3,present,present
7,Besar,Besar,1,0,0,infinitive,infinitive,SPA 2,intervention,Text_134,4,4,other,other
8,Pregunta,Preguntar,1,0,0,present,present,SPA 2,intervention,Text_134,3,3,present,present
9,Está,Estar,1,0,0,present,present,SPA 2,intervention,Text_134,3,3,present,present
10,Está,Estar,1,0,0,present,present,SPA 2,intervention,Text_134,3,3,present,present
11,Es,Ser,1,0,0,present,present,SPA 2,intervention,Text_134,3,3,present,present
12,Están,Estar,1,0,0,present,present,SPA 2,intervention,Text_134,3,3,present,present
13,Tiene que bailar,Tener que bailar,1,0,0,present,present,SPA 2,intervention,Text_134,3,3,present,present
14,Es,Ser,1,0,0,present,present,SPA 2,intervention,Text_134,3,3,present,present
15,Ayuda,Ayudar,1,0,0,present,present,SPA 2,intervention,Text_134,3,3,present,present
16,Va,Ir,1,0,0,present,present,SPA 2,intervention,Text_134,3,3,present,present
17,Ayuda,Ayudar,1,0,0,present,present,SPA 2,intervention,Text_134,3,3,present,present
18,Practicar,Practicar,1,0,0,infinitive,infinitive,SPA 2,intervention,Text_134,4,4,other,other
19,Es,Ser,1,0,0,present,present,SPA 2,intervention,Text_134,3,3,present,present
20,Estan,Estar,1,0,0,present,present,SPA 2,intervention,Text_134,3,3,present,present
1,Tiene que bailar,Tener que bailar,1,0,0,present,present,SPA 2,intervention,Text_135,3,3,present,present
2,Sabe,Saber,1,0,0,present,present,SPA 2,intervention,Text_135,3,3,present,present
3,Bailar,Bailar,1,0,0,infinitive,infinitive,SPA 2,intervention,Text_135,4,4,other,other
4,Enseña,Enseñar,1,0,0,present,present,SPA 2,intervention,Text_135,3,3,present,present
5,Bailar,Bailar,1,0,0,infinitive,infinitive,SPA 2,intervention,Text_135,4,4,other,other
6,Aprende,Aprender,1,0,0,present,present,SPA 2,intervention,Text_135,3,3,present,present
7,Hacerse,Hacerse,1,0,0,infinitive,infinitive,SPA 2,intervention,Text_135,4,4,other,other
8,Es,Ser,1,0,0,present,present,SPA 2,intervention,Text_135,3,3,present,present
9,Pelean,Pelear,1,0,0,present,present,SPA 2,intervention,Text_135,3,3,present,present
10,Quiere,Querer,1,0,0,present,present,SPA 2,intervention,Text_135,3,3,present,present
11,Quiere,Querer,1,0,0,present,present,SPA 2,intervention,Text_135,3,3,present,present
12,Está,Estar,1,0,0,present,present,SPA 2,intervention,Text_135,3,3,present,present
13,Pierde,Perder,1,0,0,present,present,SPA 2,intervention,Text_135,3,3,present,present
14,Mira,Mirar,1,0,0,present,present,SPA 2,intervention,Text_135,3,3,present,present
15,Dice,Decir,1,0,0,present,present,SPA 2,intervention,Text_135,3,3,present,present
16,Está,Estar,1,0,0,present,present,SPA 2,intervention,Text_135,3,3,present,present
17,Baila,Bailar,1,0,0,present,present,SPA 2,intervention,Text_135,3,3,present,present
1,Es,Ser,1,0,0,present,present,SPA 2,intervention,Text_136,3,3,present,present
2,Trae,Traer,1,0,0,present,present,SPA 2,intervention,Text_136,3,3,present,present
4,Ensenya,Enseñar,1,0,0,present,present,SPA 2,intervention,Text_136,3,3,present,present
5,Ensenya,Enseñar,1,0,0,present,present,SPA 2,intervention,Text_136,3,3,present,present
6,Bailar,Bailar,1,0,0,infinitive,infinitive,SPA 2,intervention,Text_136,4,4,other,other
7,Duele,Doler,1,0,0,present,present,SPA 2,intervention,Text_136,3,3,present,present
9,Está,Estar,1,0,0,present,present,SPA 2,intervention,Text_136,3,3,present,present
10,Bailar,Bailar,1,0,0,infinitive,infinitive,SPA 2,intervention,Text_136,4,4,other,other
11,Bailar,Bailar,0,0,1,infinitive,ambiguous,SPA 2,intervention,Text_136,4,12,other,other
12,Está,Estar,1,0,0,present,present,SPA 2,intervention,Text_136,3,3,present,present
13,Consola,Consolar,1,0,0,present,present,SPA 2,intervention,Text_136,3,3,present,present
14,Preparando,Preparar,1,0,0,gerund,gerund,SPA 2,intervention,Text_136,5,5,other,other
15,Es,Ser,1,0,0,present,present,SPA 2,intervention,Text_136,3,3,present,present
16,Es,Ser,1,0,0,present,present,SPA 2,intervention,Text_136,3,3,present,present
17,Están,Estar,1,0,0,present,present,SPA 2,intervention,Text_136,3,3,present,present
18,Están,Estar,1,0,0,present,present,SPA 2,intervention,Text_136,3,3,present,present
1,Recuerdo,Recordar,1,0,0,present,present,SPA 2,intervention,Text_137,3,3,present,present
2,Es,Ser,1,0,0,present,present,SPA 2,intervention,Text_137,3,3,present,present
3,Sé,Saber,1,0,0,present,present,SPA 2,intervention,Text_137,3,3,present,present
5,Estaba teniendo,Tener,1,0,0,imperfect,imperfect,SPA 2,intervention,Text_137,2,2,imperfect,imperfect
6,Estaba controlando,Controlar,1,0,0,imperfect,imperfect,SPA 2,intervention,Text_137,2,2,imperfect,imperfect
7,Era,Ser,1,0,0,present,present,SPA 2,intervention,Text_137,3,3,present,present
8,Quería,Querer,1,0,0,present,present,SPA 2,intervention,Text_137,3,3,present,present
9,Llevar,Llevar,1,0,0,infinitive,infinitive,SPA 2,intervention,Text_137,4,4,other,other
10,Quería,Querer,1,0,0,present,present,SPA 2,intervention,Text_137,3,3,present,present
11,Llevar,Llevar,0,0,1,present,subjunctive,SPA 2,intervention,Text_137,3,8,other,present
12,Estaba,Estar,1,0,0,imperfect,imperfect,SPA 2,intervention,Text_137,2,2,imperfect,imperfect
13,Estaba,Estar,1,0,0,present,present,SPA 2,intervention,Text_137,3,3,present,present
14,Se rompía,Romperse,1,0,0,imperfect,imperfect,SPA 2,intervention,Text_137,2,2,imperfect,imperfect
15,Recuerdo,Recordar,1,0,0,present,present,SPA 2,intervention,Text_137,3,3,present,present
16,Tenía,Tener,1,0,0,imperfect,imperfect,SPA 2,intervention,Text_137,2,2,imperfect,imperfect
17,Hacía,Hacer,1,0,0,imperfect,imperfect,SPA 2,intervention,Text_137,2,2,imperfect,imperfect
18,Sobrevivir,Sobrevivir,1,0,0,infinitive,infinitive,SPA 2,intervention,Text_137,4,4,other,other
20,Miraba,Mirar,1,0,0,imperfect,imperfect,SPA 2,intervention,Text_137,2,2,imperfect,imperfect
1,Es,Ser,1,0,0,present,present,SPA 2,intervention,Text_138,3,3,present,present
2,Quiere,Querer,1,0,0,present,present,SPA 2,intervention,Text_138,3,3,present,present
3,Aprender,Aprender,1,0,0,infinitive,infinitive,SPA 2,intervention,Text_138,4,4,other,other
4,Es,Ser,1,0,0,present,present,SPA 2,intervention,Text_138,3,3,present,present
6,Es,Ser,1,0,0,present,present,SPA 2,intervention,Text_138,3,3,present,present
7,Prepera,Preparar,1,0,0,present,present,SPA 2,intervention,Text_138,3,3,present,present
8,Es,Es,1,0,0,present,present,SPA 2,intervention,Text_138,3,3,present,present
9,Practican,Practicar,1,0,0,present,present,SPA 2,intervention,Text_138,3,3,present,present
10,Bailando,Bailar,0,0,1,gerund,noun,SPA 2,intervention,Text_138,5,1000,other,other
11,Hay,Haber,1,0,0,present,present,SPA 2,intervention,Text_138,3,3,present,present
12,Crea,Crear,1,0,0,present,present,SPA 2,intervention,Text_138,3,3,present,present
13,Hacer,Hacer,1,0,0,infinitive,infinitive,SPA 2,intervention,Text_138,4,4,other,other
14,Llaman,Llamarse,1,0,0,present,present,SPA 2,intervention,Text_138,3,3,present,present
15,Encuentra,Encontrar,1,0,0,present,present,SPA 2,intervention,Text_138,3,3,present,present
16,Es enojada,Enojarse,1,0,0,present,present,SPA 2,intervention,Text_138,3,3,present,present
17,Es,Ser,1,0,0,present,present,SPA 2,intervention,Text_138,3,3,present,present
18,Hace,Hacer,1,0,0,present,present,SPA 2,intervention,Text_138,3,3,present,present
19,Bailando,Bailar,0,0,1,gerund,noun,SPA 2,intervention,Text_138,5,1000,other,other
20,Es,Ser,1,0,0,present,present,SPA 2,intervention,Text_138,3,3,present,present
1,Tiene,Tener,1,0,0,present,present,SPA 2,intervention,Text_139,3,3,present,present
2,Documenta,Documentar,1,0,0,present,present,SPA 2,intervention,Text_139,3,3,present,present
3,Crear,Crear,1,0,0,infinitive,infinitive,SPA 2,intervention,Text_139,4,4,other,other
4,Incluyen,Incluir,1,0,0,present,present,SPA 2,intervention,Text_139,3,3,present,present
5,Encontra,Encontrar,0,0,1,present,infinitive,SPA 2,intervention,Text_139,3,4,other,present
6,Sigue,Seguir,1,0,0,present,present,SPA 2,intervention,Text_139,3,3,present,present
7,Encontrar,Encontrar,0,0,1,infinitive,ambiguous,SPA 2,intervention,Text_139,4,12,other,other
8,Necesitan,Necesitar,1,0,0,present,present,SPA 2,intervention,Text_139,3,3,present,present
9,Poder,Poder,1,0,0,infinitive,infinitive,SPA 2,intervention,Text_139,4,4,other,other
10,Bailar,Bailar,1,0,0,infinitive,infinitive,SPA 2,intervention,Text_139,4,4,other,other
11,Se rompe,Romperse,1,0,0,present,present,SPA 2,intervention,Text_139,3,3,present,present
12,Puede,Poder,1,0,0,present,present,SPA 2,intervention,Text_139,3,3,present,present
13,Ser,Ser,1,0,0,infinitive,infinitive,SPA 2,intervention,Text_139,4,4,other,other
14,Tienen,Tener,1,0,0,present,present,SPA 2,intervention,Text_139,3,3,present,present
15,Tiene,Tener,1,0,0,present,present,SPA 2,intervention,Text_139,3,3,present,present
1,Prepara,Preparar,1,0,0,present,present,SPA 2,intervention,Text_140,3,3,present,present
2,Incluye,Incluir,1,0,0,present,present,SPA 2,intervention,Text_140,3,3,present,present
3,Pasan,Pasar,1,0,0,present,present,SPA 2,intervention,Text_140,3,3,present,present
4,Era,Ser,1,0,0,imperfect,imperfect,SPA 2,intervention,Text_140,2,2,imperfect,imperfect
5,Es,Ser,1,0,0,present,present,SPA 2,intervention,Text_140,3,3,present,present
6,Interactúa,Interactuar,1,0,0,present,present,SPA 2,intervention,Text_140,3,3,present,present
7,Preparar,Preparar,1,0,0,infinitive,infinitive,SPA 2,intervention,Text_140,4,4,other,other
8,Estudiar,Estudiar,1,0,0,infinitive,infinitive,SPA 2,intervention,Text_140,4,4,other,other
9,Tiene,Tener,1,0,0,present,present,SPA 2,intervention,Text_140,3,3,present,present
10,Tiene,Tener,1,0,0,present,present,SPA 2,intervention,Text_140,3,3,present,present
11,Publica,Publicar,1,0,0,present,present,SPA 2,intervention,Text_140,3,3,present,present
12,Compartir,Compartir,1,0,0,infinitive,infinitive,SPA 2,intervention,Text_140,4,4,other,other
13,Apoya,Apoyar,1,0,0,present,present,SPA 2,intervention,Text_140,3,3,present,present
14,Es,Ser,1,0,0,present,present,SPA 2,intervention,Text_140,3,3,present,present
15,Es,Ser,1,0,0,present,present,SPA 2,intervention,Text_140,3,3,present,present
16,Prefiere,Preferir,1,0,0,present,present,SPA 2,intervention,Text_140,3,3,present,present
17,Ver,Ver,1,0,0,infinitive,infinitive,SPA 2,intervention,Text_140,4,4,other,other
18,Tiene,Tener,1,0,0,present,present,SPA 2,intervention,Text_140,3,3,present,present
19,Sabe,Saber,1,0,0,present,present,SPA 2,intervention,Text_140,3,3,present,present
20,Puede,Poder,1,0,0,present,present,SPA 2,intervention,Text_140,3,3,present,present
21,Bailar,Bailar,1,0,0,infinitive,infinitive,SPA 2,intervention,Text_140,4,4,other,other
22,Es,Ser,1,0,0,present,present,SPA 2,intervention,Text_140,3,3,present,present
1,Están,Estar,1,0,0,present,present,SPA 2,intervention,Text_141,3,3,present,present
2,Se pregunta,Preguntarse,1,0,0,present,present,SPA 2,intervention,Text_141,3,3,present,present
3,Ser,Ser,1,0,0,infinitive,infinitive,SPA 2,intervention,Text_141,4,4,other,other
4,Acepta,Aceptar,1,0,0,present,present,SPA 2,intervention,Text_141,3,3,present,present
5,Es,Ser,1,0,0,present,present,SPA 2,intervention,Text_141,3,3,present,present
7,Tener,Tener,1,0,0,infinitive,infinitive,SPA 2,intervention,Text_141,4,4,other,other
8,Habla,Hablar,1,0,0,present,present,SPA 2,intervention,Text_141,3,3,present,present
9,Pregunta,Preguntar,1,0,0,present,present,SPA 2,intervention,Text_141,3,3,present,present
11,Está,Estar,1,0,0,present,present,SPA 2,intervention,Text_141,3,3,present,present
12,Ofrece,Ofrecerse,1,0,0,present,present,SPA 2,intervention,Text_141,3,3,present,present
13,Ayudan,Ayudar,0,0,1,present,infinitive,SPA 2,intervention,Text_141,3,4,other,present
14,Practicar,Practicar,1,0,0,infinitive,infinitive,SPA 2,intervention,Text_141,4,4,other,other
15,Argumentan,Argumentar* (Discutir),1,0,0,present,present,SPA 2,intervention,Text_141,3,3,present,present
16,Aceptan,Aceptar,1,0,0,present,present,SPA 2,intervention,Text_141,3,3,present,present
17,Hacer,Hacer,1,0,0,infinitive,infinitive,SPA 2,intervention,Text_141,4,4,other,other
18,Quiere,Querer,1,0,0,present,present,SPA 2,intervention,Text_141,3,3,present,present
19,Se sube,Subirse,1,0,0,present,present,SPA 2,intervention,Text_141,3,3,present,present
20,Duele,Doler,1,0,0,present,present,SPA 2,intervention,Text_141,3,3,present,present
21,Preocupa,Preocuparse,1,0,0,present,present,SPA 2,intervention,Text_141,3,3,present,present
22,Estar,Estar,1,0,0,infinitive,infinitive,SPA 2,intervention,Text_141,4,4,other,other
23,Logra,Logra,1,0,0,present,present,SPA 2,intervention,Text_141,3,3,present,present
24,Sanar,Sanar,1,0,0,infinitive,infinitive,SPA 2,intervention,Text_141,4,4,other,other
25,Van,Ir,1,0,0,present,present,SPA 2,intervention,Text_141,3,3,present,present
1,Es,Ser,1,0,0,present,present,SPA 2,intervention,Text_142,3,3,present,present
2,Es elegido,Ser elegido,1,0,0,present,present,SPA 2,intervention,Text_142,3,3,present,present
3,Ser,Ser,1,0,0,infinitive,infinitive,SPA 2,intervention,Text_142,4,4,other,other
4,Tiene que aprender,Tener que aprender,1,0,0,present,present,SPA 2,intervention,Text_142,3,3,present,present
5,Bailar,Bailar,1,0,0,infinitive,infinitive,SPA 2,intervention,Text_142,4,4,other,other
6,Está,Estar,1,0,0,present,present,SPA 2,intervention,Text_142,3,3,present,present
7,Es,Ser,1,0,0,present,present,SPA 2,intervention,Text_142,3,3,present,present
8,Es,Ser,1,0,0,present,present,SPA 2,intervention,Text_142,3,3,present,present
9,Quiere,Querer,1,0,0,present,present,SPA 2,intervention,Text_142,3,3,present,present
10,Aprender,Aprender,1,0,0,infinitive,infinitive,SPA 2,intervention,Text_142,4,4,other,other
11,Bailar,Bailar,1,0,0,infinitive,infinitive,SPA 2,intervention,Text_142,4,4,other,other
12,Quiere,Querer,1,0,0,present,present,SPA 2,intervention,Text_142,3,3,present,present
13,Aprender,Aprender,1,0,0,infinitive,infinitive,SPA 2,intervention,Text_142,4,4,other,other
14,Hablar,Hablar,1,0,0,infinitive,infinitive,SPA 2,intervention,Text_142,4,4,other,other
16,Se rompe,Romperse,1,0,0,present,present,SPA 2,intervention,Text_142,3,3,present,present
17,Cree,Creer,1,0,0,present,present,SPA 2,intervention,Text_142,3,3,present,present
18,Puede,Poder,1,0,0,present,present,SPA 2,intervention,Text_142,3,3,present,present
19,Bailar,Bailar,1,0,0,infinitive,infinitive,SPA 2,intervention,Text_142,4,4,other,other
20,Puede,Poder,1,0,0,present,present,SPA 2,intervention,Text_142,3,3,present,present
21,Quitarse,Quitarse,1,0,0,infinitive,infinitive,SPA 2,intervention,Text_142,4,4,other,other
22,Bailar,Bailar,1,0,0,infinitive,infinitive,SPA 2,intervention,Text_142,4,4,other,other
23,Está,Estar,1,0,0,present,present,SPA 2,intervention,Text_142,3,3,present,present
1,Es,Ser,1,0,0,present,present,SPA 2,intervention,Text_143,3,3,present,present
2,Tiene,Tener,1,0,0,present,present,SPA 2,intervention,Text_143,3,3,present,present
3,Torce,Torcerse,1,0,0,present,present,SPA 2,intervention,Text_143,3,3,present,present
4,Puede,Poder,1,0,0,present,present,SPA 2,intervention,Text_143,3,3,present,present
5,Bailar,Bailar,1,0,0,infinitive,infinitive,SPA 2,intervention,Text_143,4,4,other,other
6,Es,Ser,1,0,0,present,present,SPA 2,intervention,Text_143,3,3,present,present
7,Ayuda,Ayudar,1,0,0,present,present,SPA 2,intervention,Text_143,3,3,present,present
8,Practicar,Practicar,1,0,0,infinitive,infinitive,SPA 2,intervention,Text_143,4,4,other,other
9,Estaba,Estar,1,0,0,imperfect,imperfect,SPA 2,intervention,Text_143,2,2,imperfect,imperfect
10,Estaba,Estar,1,0,0,imperfect,imperfect,SPA 2,intervention,Text_143,2,2,imperfect,imperfect
11,Pelean,Pelear,1,0,0,present,present,SPA 2,intervention,Text_143,3,3,present,present
12,Quiere,Querer,1,0,0,present,present,SPA 2,intervention,Text_143,3,3,present,present
13,Quiere,Querer,1,0,0,present,present,SPA 2,intervention,Text_143,3,3,present,present
14,Quiere,Querer,1,0,0,present,present,SPA 2,intervention,Text_143,3,3,present,present
15,Llevar,Llevar,1,0,0,infinitive,infinitive,SPA 2,intervention,Text_143,4,4,other,other
16,Quiere,Querer,0,0,1,infinitive,subjunctive,SPA 2,intervention,Text_143,4,8,other,other
17,Llevar,Llevar,1,0,0,infinitive,infinitive,SPA 2,intervention,Text_143,4,4,other,other
18,Crea,Crear,1,0,0,present,present,SPA 2,intervention,Text_143,3,3,present,present
19,Quiere,Querer,1,0,0,present,present,SPA 2,intervention,Text_143,3,3,present,present
20,Ver,Ver,1,0,0,infinitive,infinitive,SPA 2,intervention,Text_143,4,4,other,other
21,Hay,Haber,1,0,0,present,present,SPA 2,intervention,Text_143,3,3,present,present
22,Quiere,Querer,1,0,0,present,present,SPA 2,intervention,Text_143,3,3,present,present
23,Aprender,Aprender,1,0,0,infinitive,infinitive,SPA 2,intervention,Text_143,4,4,other,other
24,Apoya,Apoyar,1,0,0,present,present,SPA 2,intervention,Text_143,3,3,present,present
25,Aprender,Aprender,1,0,0,infinitive,infinitive,SPA 2,intervention,Text_143,4,4,other,other
26,Apoya,Apoyar,1,0,0,present,present,SPA 2,intervention,Text_143,3,3,present,present
27,Bailar,Bailar,1,0,0,infinitive,infinitive,SPA 2,intervention,Text_143,4,4,other,other
28,Esta,Estar,1,0,0,present,present,SPA 2,intervention,Text_143,3,3,present,present
29,Ir,Ir,0,0,1,infinitive,present,SPA 2,intervention,Text_143,4,3,present,other
30,Peinsa,Pensar,1,0,0,present,present,SPA 2,intervention,Text_143,3,3,present,present
1,Hay,Haber,1,0,0,present,present,SPA 2,intervention,Text_144,3,3,present,present
2,Se llama,Llamarse,1,0,0,present,present,SPA 2,intervention,Text_144,3,3,present,present
3,Tiene,Tener,1,0,0,present,present,SPA 2,intervention,Text_144,3,3,present,present
4,Se llama,Llamarse,1,0,0,present,present,SPA 2,intervention,Text_144,3,3,present,present
5,Tiene,Tener,1,0,0,present,present,SPA 2,intervention,Text_144,3,3,present,present
6,Tiene,Tener,1,0,0,present,present,SPA 2,intervention,Text_144,3,3,present,present
7,Está,Estar,1,0,0,present,present,SPA 2,intervention,Text_144,3,3,present,present
8,Preguntar,Preguntar,0,0,1,infinitive,present,SPA 2,intervention,Text_144,4,3,present,other
9,Quiere,Querer,1,0,0,present,present,SPA 2,intervention,Text_144,3,3,present,present
10,Ser,Ser,1,0,0,infinitive,infinitive,SPA 2,intervention,Text_144,4,4,other,other
11,Dice,Decir,1,0,0,present,present,SPA 2,intervention,Text_144,3,3,present,present
12,Está,Estar,1,0,0,present,present,SPA 2,intervention,Text_144,3,3,present,present
13,Poder,Poder,1,0,0,present,present,SPA 2,intervention,Text_144,3,3,present,present
14,Bailar,Bailar,1,0,0,infinitive,infinitive,SPA 2,intervention,Text_144,4,4,other,other
15,Hay,Haber,1,0,0,present,present,SPA 2,intervention,Text_144,3,3,present,present
16,Se llama,Llamarse,1,0,0,present,present,SPA 2,intervention,Text_144,3,3,present,present
17,Quiere,Querer,1,0,0,present,present,SPA 2,intervention,Text_144,3,3,present,present
18,Aprender,Aprender,1,0,0,infinitive,infinitive,SPA 2,intervention,Text_144,4,4,other,other
19,Habla,Hablar,1,0,0,present,present,SPA 2,intervention,Text_144,3,3,present,present
20,Ayuda,Ayudar,1,0,0,present,present,SPA 2,intervention,Text_144,3,3,present,present
21,Aprender,Aprender,1,0,0,infinitive,infinitive,SPA 2,intervention,Text_144,4,4,other,other
22,Habla,Hablar,1,0,0,present,present,SPA 2,intervention,Text_144,3,3,present,present
23,Bailar,Bailar,1,0,0,infinitive,infinitive,SPA 2,intervention,Text_144,4,4,other,other
24,Monta,Montar,1,0,0,present,present,SPA 2,intervention,Text_144,3,3,present,present
25,Cae,Caerse,1,0,0,present,present,SPA 2,intervention,Text_144,3,3,present,present
26,Puede,Poder,1,0,0,present,present,SPA 2,intervention,Text_144,3,3,present,present
27,Bailar,Bailar,1,0,0,infinitive,infinitive,SPA 2,intervention,Text_144,4,4,other,other
28,Quiere,Querer,1,0,0,present,present,SPA 2,intervention,Text_144,3,3,present,present
29,Quiere,Querer,1,0,0,present,present,SPA 2,intervention,Text_144,3,3,present,present
30,Quiere,Querer,1,0,0,present,present,SPA 2,intervention,Text_144,3,3,present,present
31,Ver,Ver,1,0,0,infinitive,infinitive,SPA 2,intervention,Text_144,4,4,other,other
32,Se llama,Llamarse,1,0,0,present,present,SPA 2,intervention,Text_144,3,3,present,present
33,Están hablando,Hablar,1,0,0,present,present,SPA 2,intervention,Text_144,3,3,present,present
34,Puede,Poder,1,0,0,present,present,SPA 2,intervention,Text_144,3,3,present,present
35,Oír,Oír,1,0,0,infinitive,infinitive,SPA 2,intervention,Text_144,4,4,other,other
36,Está,Estar,1,0,0,present,present,SPA 2,intervention,Text_144,3,3,present,present
37,Haber,Haber,1,0,0,infinitive,infinitive,SPA 2,intervention,Text_144,4,4,other,other
38,Hay,Haber,1,0,0,present,present,SPA 2,intervention,Text_144,3,3,present,present
39,Está,Estar,1,0,0,present,present,SPA 2,intervention,Text_144,3,3,present,present
40,Está,Estar,1,0,0,present,present,SPA 2,intervention,Text_144,3,3,present,present
41,Ayuda,Ayudar,1,0,0,present,present,SPA 2,intervention,Text_144,3,3,present,present
42,Está,Estar,1,0,0,present,present,SPA 2,intervention,Text_144,3,3,present,present
43,Baila,Bailar,1,0,0,present,present,SPA 2,intervention,Text_144,3,3,present,present
44,Están hablando,Hablar,1,0,0,present,present,SPA 2,intervention,Text_144,3,3,present,present
1,Tiene,Tener,1,0,0,present,present,SPA 2,intervention,Text_145,3,3,present,present
2,Es,Ser,1,0,0,present,present,SPA 2,intervention,Text_145,3,3,present,present
3,Era,Ser,1,0,0,imperfect,imperfect,SPA 2,intervention,Text_145,2,2,imperfect,imperfect
4,Daba,Dar,0,0,1,imperfect,preterite,SPA 2,intervention,Text_145,2,1,preterit,imperfect
5,Tiene,Tener,1,0,0,present,present,SPA 2,intervention,Text_145,3,3,present,present
6,Conocer,Conocer,0,0,1,infinitive,subjunctive,SPA 2,intervention,Text_145,4,8,other,other
7,Dice,Decir,0,0,1,present,preterite,SPA 2,intervention,Text_145,3,1,preterit,present
8,Era,Ser,1,0,0,imperfect,imperfect,SPA 2,intervention,Text_145,2,2,imperfect,imperfect
9,Tiene,Tener,1,0,0,present,present,SPA 2,intervention,Text_145,3,3,present,present
10,Quiere,Querer,1,0,0,present,present,SPA 2,intervention,Text_145,3,3,present,present
11,Quiere,Querer,1,0,0,present,present,SPA 2,intervention,Text_145,3,3,present,present
12,Grababa,Grabar,0,0,1,imperfect,preterite,SPA 2,intervention,Text_145,2,1,preterit,imperfect
13,Documentaba,Documentar,0,0,1,imperfect,preterite,SPA 2,intervention,Text_145,2,1,preterit,imperfect
14,Documentaba,Documentar,0,0,1,imperfect,preterite,SPA 2,intervention,Text_145,2,1,preterit,imperfect
15,Puede,Poder,1,0,0,present,present,SPA 2,intervention,Text_145,3,3,present,present
16,Tener,Tener,0,0,0,infinitive,infinitive,SPA 2,intervention,Text_145,4,4,other,other
17,Es,Ser,1,0,0,present,present,SPA 2,intervention,Text_145,3,3,present,present
18,Puede,Poder,1,0,0,present,present,SPA 2,intervention,Text_145,3,3,present,present
19,Bailar,Bailar,1,0,0,infinitive,infinitive,SPA 2,intervention,Text_145,4,4,other,other
20,Practica,Practicar,1,0,0,present,present,SPA 2,intervention,Text_145,3,3,present,present
21,Bailar,Bailar,1,0,0,infinitive,infinitive,SPA 2,intervention,Text_145,4,4,other,other
22,Rompia,Romperse,0,0,1,imperfect,present,SPA 2,intervention,Text_145,2,3,present,imperfect
23,Montaba,Montar,1,0,0,imperfect,imperfect,SPA 2,intervention,Text_145,2,2,imperfect,imperfect
24,Era,Ser,1,0,0,imperfect,imperfect,SPA 2,intervention,Text_145,2,2,imperfect,imperfect
25,Es,Ser,0,0,1,present,imperfect,SPA 2,intervention,Text_145,3,2,imperfect,present
26,Es recuperaba,Recuperarse,0,0,1,imperfect,preterite,SPA 2,intervention,Text_145,2,1,preterit,imperfect
27,Puede,Poder,0,0,1,present,preterite,SPA 2,intervention,Text_145,3,1,preterit,present
28,Bailar,Bailar,1,0,0,infinitive,infinitive,SPA 2,intervention,Text_145,4,4,other,other
29,Sabe,Saber,0,0,1,present,imperfect,SPA 2,intervention,Text_145,3,2,imperfect,present
30,Bailar,Bailar,1,0,0,infinitive,infinitive,SPA 2,intervention,Text_145,4,4,other,other
31,Era,Ser,1,0,0,imperfect,imperfect,SPA 2,intervention,Text_145,2,2,imperfect,imperfect
32,Baila,Bailar,0,0,1,present,preterite,SPA 2,intervention,Text_145,3,1,preterit,present
33,Era,Ser,1,0,0,imperfect,imperfect,SPA 2,intervention,Text_145,2,2,imperfect,imperfect
34,Era,Ser,1,0,0,imperfect,imperfect,SPA 2,intervention,Text_145,2,2,imperfect,imperfect
35,Era,Ser,1,0,0,imperfect,imperfect,SPA 2,intervention,Text_145,2,2,imperfect,imperfect
1,Leíamos,Leer,0,0,1,imperfect,preterite,SPA 2,intervention,Text_146,2,1,preterit,imperfect
2,Es,Ser,1,0,0,present,present,SPA 2,intervention,Text_146,3,3,present,present
3,Sigue,Seguir,1,0,0,present,present,SPA 2,intervention,Text_146,3,3,present,present
4,Son,Ser,1,0,0,present,present,SPA 2,intervention,Text_146,3,3,present,present
5,Es,Ser,1,0,0,present,present,SPA 2,intervention,Text_146,3,3,present,present
6,Quiere,Querer,1,0,0,present,present,SPA 2,intervention,Text_146,3,3,present,present
7,Estudiar,Estudiar,1,0,0,infinitive,infinitive,SPA 2,intervention,Text_146,4,4,other,other
8,Va,Ir,1,0,0,present,present,SPA 2,intervention,Text_146,3,3,present,present
9,Está,Estar,1,0,0,present,present,SPA 2,intervention,Text_146,3,3,present,present
10,Dice,Decir,1,0,0,present,present,SPA 2,intervention,Text_146,3,3,present,present
12,Trabaja,Trabajar,1,0,0,present,present,SPA 2,intervention,Text_146,3,3,present,present
13,Da,Dar,1,0,0,present,present,SPA 2,intervention,Text_146,3,3,present,present
14,Está,Estar,1,0,0,present,present,SPA 2,intervention,Text_146,3,3,present,present
15,Tranquiliza,Tranquilizar,1,0,0,present,present,SPA 2,intervention,Text_146,3,3,present,present
16,Invita,Invitar,1,0,0,present,present,SPA 2,intervention,Text_146,3,3,present,present
17,Tiene,Tener,1,0,0,present,present,SPA 2,intervention,Text_146,3,3,present,present
18,Quiere,Querer,1,0,0,present,present,SPA 2,intervention,Text_146,3,3,present,present
19,Ser,Ser,1,0,0,infinitive,infinitive,SPA 2,intervention,Text_146,4,4,other,other
20,Está,Estar,1,0,0,present,present,SPA 2,intervention,Text_146,3,3,present,present
21,Quiere,Querer,1,0,0,present,present,SPA 2,intervention,Text_146,3,3,present,present
22,Pide,Pedir,1,0,0,present,present,SPA 2,intervention,Text_146,3,3,present,present
23,Está,Estar,1,0,0,present,present,SPA 2,intervention,Text_146,3,3,present,present
24,Dice,Decir,1,0,0,present,present,SPA 2,intervention,Text_146,3,3,present,present
25,Están,Estar,1,0,0,present,present,SPA 2,intervention,Text_146,3,3,present,present
26,Está,Estar,1,0,0,present,present,SPA 2,intervention,Text_146,3,3,present,present
27,Hace,Hacer,1,0,0,present,present,SPA 2,intervention,Text_146,3,3,present,present
28,Se recupera,Recuperarse,1,0,0,present,present,SPA 2,intervention,Text_146,3,3,present,present
29,Es,Ser,1,0,0,present,present,SPA 2,intervention,Text_146,3,3,present,present
1,Es,Ser,1,0,0,present,present,SPA 2,intervention,Text_147,3,3,present,present
2,Tiene,Tener,1,0,0,present,present,SPA 2,intervention,Text_147,3,3,present,present
3,Quiere,Querer,1,0,0,present,present,SPA 2,intervention,Text_147,3,3,present,present
4,Ser,Ser,0,0,1,infinitive,infinitive,SPA 2,intervention,Text_147,4,4,other,other
5,Tienen,Tener,1,0,0,present,present,SPA 2,intervention,Text_147,3,3,present,present
6,Quiere,Querer,1,0,0,present,present,SPA 2,intervention,Text_147,3,3,present,present
7,Llevar,Llevar,1,0,0,infinitive,infinitive,SPA 2,intervention,Text_147,4,4,other,other
8,Gusta,Gustar,1,0,0,present,present,SPA 2,intervention,Text_147,3,3,present,present
9,Tiene,Tener,1,0,0,present,present,SPA 2,intervention,Text_147,3,3,present,present
10,Gusta,Gustar,1,0,0,present,present,SPA 2,intervention,Text_147,3,3,present,present
11,Ver,Ver,1,0,0,infinitive,infinitive,SPA 2,intervention,Text_147,4,4,other,other
12,Ve,Ver,1,0,0,present,present,SPA 2,intervention,Text_147,3,3,present,present
13,Gusta,Gustar,1,0,0,present,present,SPA 2,intervention,Text_147,3,3,present,present
14,Planear,Planear,1,0,0,infinitive,infinitive,SPA 2,intervention,Text_147,4,4,other,other
15,Tiene,Tener,1,0,0,present,present,SPA 2,intervention,Text_147,3,3,present,present
16,Tiene,Tener,1,0,0,present,present,SPA 2,intervention,Text_147,3,3,present,present
17,Piensa,Pensar,1,0,0,present,present,SPA 2,intervention,Text_147,3,3,present,present
18,Es,Ser,1,0,0,present,present,SPA 2,intervention,Text_147,3,3,present,present
19,Gusta,Gustar,1,0,0,present,present,SPA 2,intervention,Text_147,3,3,present,present
20,Es,Ser,1,0,0,present,present,SPA 2,intervention,Text_147,3,3,present,present
21,Quiere,Querer,1,0,0,present,present,SPA 2,intervention,Text_147,3,3,present,present
22,Bailar,Bailar,1,0,0,present,present,SPA 2,intervention,Text_147,3,3,present,present
23,Duele,Doler,1,0,0,present,present,SPA 2,intervention,Text_147,3,3,present,present
24,Bailar,Bailar,0,0,1,infinitive,present,SPA 2,intervention,Text_147,4,3,present,other
25,Describe,Describir,1,0,0,present,present,SPA 2,intervention,Text_147,3,3,present,present
1,Da,Dar,1,0,0,present,present,SPA 2,intervention,Text_148,3,3,present,present
2,Conoce,Conocer,1,0,0,present,present,SPA 2,intervention,Text_148,3,3,present,present
3,Tiene,Tener,1,0,0,present,present,SPA 2,intervention,Text_148,3,3,present,present
4,Se llama,Llamarse,1,0,0,present,present,SPA 2,intervention,Text_148,3,3,present,present
5,Está preparar,Preparar,1,0,0,present,present,SPA 2,intervention,Text_148,3,3,present,present
6,Están,Estar,1,0,0,present,present,SPA 2,intervention,Text_148,3,3,present,present
7,Hace,Hacer,1,0,0,present,present,SPA 2,intervention,Text_148,3,3,present,present
8,Está,Estar,1,0,0,present,present,SPA 2,intervention,Text_148,3,3,present,present
9,Practica,Practicar,1,0,0,present,present,SPA 2,intervention,Text_148,3,3,present,present
10,Bailar,Bailar,1,0,0,infinitive,infinitive,SPA 2,intervention,Text_148,4,4,other,other
11,Quiere,Querer,1,0,0,present,present,SPA 2,intervention,Text_148,3,3,present,present
12,Aprender,Aprender,1,0,0,infinitive,infinitive,SPA 2,intervention,Text_148,4,4,other,other
13,Quiere,Querer,1,0,0,present,present,SPA 2,intervention,Text_148,3,3,present,present
14,Hablar,Hablar,1,0,0,infinitive,infinitive,SPA 2,intervention,Text_148,4,4,other,other
15,Hablan,Hablar,1,0,0,present,present,SPA 2,intervention,Text_148,3,3,present,present
16,Dice,Decir,1,0,0,present,present,SPA 2,intervention,Text_148,3,3,present,present
17,Son,Ser,1,0,0,present,present,SPA 2,intervention,Text_148,3,3,present,present
18,Rompe,Romper,1,0,0,present,present,SPA 2,intervention,Text_148,3,3,present,present
20,Piensa,Pensar,1,0,0,present,present,SPA 2,intervention,Text_148,3,3,present,present
21,Tiene que bailar,Bailar,1,0,0,present,present,SPA 2,intervention,Text_148,3,3,present,present
22,Se siente,Sentirse,1,0,0,present,present,SPA 2,intervention,Text_148,3,3,present,present
23,Bailar,Bailar,1,0,0,present,present,SPA 2,intervention,Text_148,3,3,present,present
24,Hace,Hacer,1,0,0,present,present,SPA 2,intervention,Text_148,3,3,present,present
25,Está,Estar,1,0,0,present,present,SPA 2,intervention,Text_148,3,3,present,present
26,Habla,Hablar,1,0,0,present,present,SPA 2,intervention,Text_148,3,3,present,present
27,Dice,Decir,1,0,0,present,present,SPA 2,intervention,Text_148,3,3,present,present
28,Hace,Hacer,0,0,1,present,ambiguous,SPA 2,intervention,Text_148,3,12,other,present
29,Está,Estar,1,0,0,present,present,SPA 2,intervention,Text_148,3,3,present,present
1,Es,Ser,1,0,0,present,present,SPA 2,intervention,Text_149,3,3,present,present
2,Se llama,Llamarse,1,0,0,present,present,SPA 2,intervention,Text_149,3,3,present,present
3,Pasar,Pasar,0,0,1,infinitive,present,SPA 2,intervention,Text_149,4,3,present,other
4,Se llama,Llamarse,1,0,0,present,present,SPA 2,intervention,Text_149,3,3,present,present
5,Pregunta,Preguntar,1,0,0,present,present,SPA 2,intervention,Text_149,3,3,present,present
6,Quiere,Querer,1,0,0,present,present,SPA 2,intervention,Text_149,3,3,present,present
7,Dice,Decir,1,0,0,present,present,SPA 2,intervention,Text_149,3,3,present,present
8,Da,Dar,1,0,0,present,present,SPA 2,intervention,Text_149,3,3,present,present
9,Vamos,Ir,1,0,0,present,present,SPA 2,intervention,Text_149,3,3,present,present
10,Conocer,Conocer,0,0,1,infinitive,present,SPA 2,intervention,Text_149,4,3,present,other
11,Se llama,Llamarse,1,0,0,present,present,SPA 2,intervention,Text_149,3,3,present,present
12,Pregunta,Preguntar,1,0,0,present,present,SPA 2,intervention,Text_149,3,3,present,present
13,Puedes,Poder,1,0,0,present,present,SPA 2,intervention,Text_149,3,3,present,present
14,Ayudame,Ayudar,0,0,1,command,infinitive,SPA 2,intervention,Text_149,9,4,other,other
15,Practicar,Practicar,1,0,0,infinitive,infinitive,SPA 2,intervention,Text_149,4,4,other,other
16,Quiero,Querer,1,0,0,present,present,SPA 2,intervention,Text_149,3,3,present,present
17,Ir,Ir,1,0,0,infinitive,infinitive,SPA 2,intervention,Text_149,4,4,other,other
18,Dice,Decir,1,0,0,present,present,SPA 2,intervention,Text_149,3,3,present,present
19,Empiezo,Empezar,1,0,0,present,present,SPA 2,intervention,Text_149,3,3,present,present
20,Se pasa,Pasarse,1,0,0,present,present,SPA 2,intervention,Text_149,3,3,present,present
21,Preguntar,Preguntar,0,0,1,infinitive,present,SPA 2,intervention,Text_149,4,3,present,other
22,Puede,Poder,1,0,0,present,present,SPA 2,intervention,Text_149,3,3,present,present
23,Ser,Ser,1,0,0,infinitive,infinitive,SPA 2,intervention,Text_149,4,4,other,other
24,Dice,Decir,1,0,0,present,present,SPA 2,intervention,Text_149,3,3,present,present
25,Discute,Discutir,1,0,0,present,present,SPA 2,intervention,Text_149,3,3,present,present
26,Quiere,Querer,1,0,0,present,present,SPA 2,intervention,Text_149,3,3,present,present
27,Ser,Ser,1,0,0,infinitive,infinitive,SPA 2,intervention,Text_149,4,4,other,other
28,Quiere,Querer,1,0,0,present,present,SPA 2,intervention,Text_149,3,3,present,present
29,Pasa,Pasar,1,0,0,present,present,SPA 2,intervention,Text_149,3,3,present,present
30,Son,Ser,1,0,0,present,present,SPA 2,intervention,Text_149,3,3,present,present
1,Quería,Querer,1,0,0,imperfect,imperfect,SPA 2,intervention,Text_150,2,2,imperfect,imperfect
2,Casar,Casar,1,0,0,infinitive,infinitive,SPA 2,intervention,Text_150,4,4,other,other
3,eran,Ser,1,0,0,imperfect,imperfect,SPA 2,intervention,Text_150,2,2,imperfect,imperfect
4,Casar,Casarse,1,0,0,infinitive,infinitive,SPA 2,intervention,Text_150,4,4,other,other
5,Se llama,Llamarse,1,0,0,present,present,SPA 2,intervention,Text_150,3,3,present,present
6,Tiene,Tener,0,0,1,present,imperfect,SPA 2,intervention,Text_150,3,2,imperfect,present
7,Hacía,Hacer,0,0,1,imperfect,preterite,SPA 2,intervention,Text_150,2,1,preterit,imperfect
8,Es,Ser,1,0,0,present,present,SPA 2,intervention,Text_150,3,3,present,present
9,Era,Ser,1,0,0,imperfect,imperfect,SPA 2,intervention,Text_150,2,2,imperfect,imperfect
10,Necesitaba,Necesitar,1,0,0,imperfect,imperfect,SPA 2,intervention,Text_150,2,2,imperfect,imperfect
11,Aprender,Aprender,1,0,0,infinitive,infinitive,SPA 2,intervention,Text_150,4,4,other,other
12,Bailar,Bailar,1,0,0,infinitive,infinitive,SPA 2,intervention,Text_150,4,4,other,other
14,Se lastimaba,Lastimarse,0,0,1,imperfect,preterite,SPA 2,intervention,Text_150,2,1,preterit,imperfect
15,Necesitaba,Necesitar,1,0,0,imperfect,imperfect,SPA 2,intervention,Text_150,2,2,imperfect,imperfect
16,Aprender,Aprender,1,0,0,infinitive,infinitive,SPA 2,intervention,Text_150,4,4,other,other
17,Quería,Querer,1,0,0,imperfect,imperfect,SPA 2,intervention,Text_150,2,2,imperfect,imperfect
18,Estudiar,Estudiar,1,0,0,infinitive,infinitive,SPA 2,intervention,Text_150,4,4,other,other
19,Trabajaba,Trabajar,0,0,1,imperfect,preterite,SPA 2,intervention,Text_150,2,1,preterit,imperfect
20,Aprendía,Aprender,0,0,1,imperfect,infinitive,SPA 2,intervention,Text_150,2,4,other,imperfect
21,Tenía,Tener,1,0,0,imperfect,imperfect,SPA 2,intervention,Text_150,2,2,imperfect,imperfect
22,Quería,Querer,1,0,0,imperfect,imperfect,SPA 2,intervention,Text_150,2,2,imperfect,imperfect
23,Quería,Querer,1,0,0,imperfect,imperfect,SPA 2,intervention,Text_150,2,2,imperfect,imperfect
24,Ayudaba,Ayudar,0,0,1,imperfect,preterite,SPA 2,intervention,Text_150,2,1,preterit,imperfect
25,Aceptaba,Aceptar,0,0,1,imperfect,preterite,SPA 2,intervention,Text_150,2,1,preterit,imperfect
26,Recuperaba,Recuperarse,0,0,1,imperfect,preterite,SPA 2,intervention,Text_150,2,1,preterit,imperfect
27,Podía,Poder,0,0,1,imperfect,preterite,SPA 2,intervention,Text_150,2,1,preterit,imperfect
28,Bailar,Bailar,1,0,0,infinitive,infinitive,SPA 2,intervention,Text_150,4,4,other,other
29,Era,Ser,0,0,1,imperfect,preterite,SPA 2,intervention,Text_150,2,1,preterit,imperfect
30,Bailaba,Bailar,0,0,1,imperfect,preterite,SPA 2,intervention,Text_150,2,1,preterit,imperfect
32,Bailar,Bailar,1,0,0,infinitive,infinitive,SPA 2,intervention,Text_150,4,4,other,other
1,Regala,Regalar,0,0,1,present,preterite,SPA 2,intervention,Text_151,3,1,preterit,present
2,Estaba,Estar,0,0,1,imperfect,present,SPA 2,intervention,Text_151,2,3,present,imperfect
3,Piense,Pensar,0,0,1,ambiguous,imperfect,SPA 2,intervention,Text_151,12,2,imperfect,other
4,Quiere,Querer,0,0,1,present,imperfect,SPA 2,intervention,Text_151,3,2,imperfect,present
5,Casar,Casar,1,0,0,infinitive,infinitive,SPA 2,intervention,Text_151,4,4,other,other
6,Conoce,Conocer,1,0,0,present,present,SPA 2,intervention,Text_151,3,3,present,present
7,Se cae,Caerse,1,0,0,present,present,SPA 2,intervention,Text_151,3,3,present,present
8,Montando,Montar,1,0,0,gerund,gerund,SPA 2,intervention,Text_151,5,5,other,other
9,Tiene que mantener,Mantener,1,0,0,present,present,SPA 2,intervention,Text_151,3,3,present,present
10,Es,Ser,1,0,1,present,present,SPA 2,intervention,Text_151,3,3,present,present
11,Quiere,Querer,1,0,1,present,present,SPA 2,intervention,Text_151,3,3,present,present
12,Decir,Decir,1,0,0,infinitive,infinitive,SPA 2,intervention,Text_151,4,4,other,other
13,Quiere,Querer,1,0,0,present,present,SPA 2,intervention,Text_151,3,3,present,present
14,Publicada,Publicar,0,0,1,participle,preterite,SPA 2,intervention,Text_151,13,1,preterit,other
15,Es,Ser,1,0,0,present,present,SPA 2,intervention,Text_151,3,3,present,present
16,Era,Ser,1,0,0,imperfect,imperfect,SPA 2,intervention,Text_151,2,2,imperfect,imperfect
17,Es,Ser,0,0,1,present,imperfect,SPA 2,intervention,Text_151,3,2,imperfect,present
18,Estaba,Estar,1,0,0,imperfect,imperfect,SPA 2,intervention,Text_151,2,2,imperfect,imperfect
19,Gusta,Gustar,1,0,0,present,present,SPA 2,intervention,Text_151,3,3,present,present
20,Bailar,Bailar,1,0,0,infinitive,infinitive,SPA 2,intervention,Text_151,4,4,other,other
21,Decía,Decir,0,0,1,imperfect,preterite,SPA 2,intervention,Text_151,2,1,preterit,imperfect
23,Siente,Sentir,0,0,1,present,preterite,SPA 2,intervention,Text_151,3,1,preterit,present
24,Estaba,Estar,1,0,0,imperfect,imperfect,SPA 2,intervention,Text_151,2,2,imperfect,imperfect
25,Baile,Bailar,0,0,1,ambiguous,preterite,SPA 2,intervention,Text_151,12,1,preterit,other
26,Estaba,Estar,1,0,0,imperfect,imperfect,SPA 2,intervention,Text_151,2,2,imperfect,imperfect
27,Es,Ser,0,0,1,present,imperfect,SPA 2,intervention,Text_151,3,2,imperfect,present
28,Estaba,Estar,1,0,0,imperfect,imperfect,SPA 2,intervention,Text_151,2,2,imperfect,imperfect
1,Tiene,Tener,0,0,1,present,preterite,SPA 2,intervention,Text_152,3,1,preterit,present
2,Sucedía,Suceder,1,0,0,imperfect,imperfect,SPA 2,intervention,Text_152,2,2,imperfect,imperfect
3,Hay,Haber,1,0,0,present,present,SPA 2,intervention,Text_152,3,3,present,present
4,Hay,Haber,0,0,1,present,preterite,SPA 2,intervention,Text_152,3,1,preterit,present
5,Montaba,Montar,0,0,1,imperfect,present,SPA 2,intervention,Text_152,2,3,present,imperfect
7,Hay,Haber,1,0,0,present,present,SPA 2,intervention,Text_152,3,3,present,present
8,Veía,Ver,1,0,0,imperfect,imperfect,SPA 2,intervention,Text_152,2,2,imperfect,imperfect
9,Veía,Ver,1,0,0,imperfect,imperfect,SPA 2,intervention,Text_152,2,2,imperfect,imperfect
10,Transformado,Transformar,1,0,0,participle,ambiguous,SPA 2,intervention,Text_152,13,12,other,other
11,Habla,Hablar,0,0,1,present,preterite,SPA 2,intervention,Text_152,3,1,preterit,present
12,Quería,Querer,1,0,0,imperfect,imperfect,SPA 2,intervention,Text_152,2,2,imperfect,imperfect
13,Vestir,Vestir,1,0,0,infinitive,infinitive,SPA 2,intervention,Text_152,4,4,other,other
14,Hacia,Hacer,0,0,1,imperfect,preterite,SPA 2,intervention,Text_152,2,1,preterit,imperfect
15,Necesitaba,Necesitar,1,0,0,imperfect,imperfect,SPA 2,intervention,Text_152,2,2,imperfect,imperfect
16,Quería,Querer,1,0,0,imperfect,imperfect,SPA 2,intervention,Text_152,2,2,imperfect,imperfect
17,Esta,Estar,0,0,1,present,subjunctive,SPA 2,intervention,Text_152,3,8,other,present
18,Dole,Doler,0,0,1,present,imperfect,SPA 2,intervention,Text_152,3,2,imperfect,present
19,Va,Ir,1,0,0,present,preterite,SPA 2,intervention,Text_152,3,1,preterit,present
20,Hay,Hay,1,0,0,present,preterite,SPA 2,intervention,Text_152,3,1,preterit,present
1,Es,Ser,1,0,0,present,present,SPA 2,intervention,Text_153,3,3,present,present
2,Tiene,Tener,1,0,0,present,present,SPA 2,intervention,Text_153,3,3,present,present
3,Es,Ser,1,0,0,present,present,SPA 2,intervention,Text_153,3,3,present,present
4,Elege,Elegir,1,0,0,present,present,SPA 2,intervention,Text_153,3,3,present,present
5,Estar,Estar,0,0,1,infinitive,subjunctive,SPA 2,intervention,Text_153,4,8,other,other
6,Puede,Poder,1,0,0,present,present,SPA 2,intervention,Text_153,3,3,present,present
7,Bailar,Bailar,1,0,0,infinitive,infinitive,SPA 2,intervention,Text_153,4,4,other,other
8,Intenta,Intentar,1,0,0,present,present,SPA 2,intervention,Text_153,3,3,present,present
9,Enseñar,Enseñar,1,0,0,infinitive,infinitive,SPA 2,intervention,Text_153,4,4,other,other
10,Bailar,Bailar,1,0,0,infinitive,infinitive,SPA 2,intervention,Text_153,4,4,other,other
12,Se cura,Curarse,1,0,0,present,present,SPA 2,intervention,Text_153,3,3,present,present
13,Baile,Bailar,1,0,0,present,present,SPA 2,intervention,Text_153,3,3,present,present
14,Comete,Cometer,1,0,0,present,present,SPA 2,intervention,Text_153,3,3,present,present
15,Discute,Discutir,1,0,0,present,present,SPA 2,intervention,Text_153,3,3,present,present
16,Quiere,Querer,1,0,0,present,present,SPA 2,intervention,Text_153,3,3,present,present
17,Tener,Tener,1,0,0,infinitive,infinitive,SPA 2,intervention,Text_153,4,4,other,other
18,Quiere,Querer,1,0,0,present,present,SPA 2,intervention,Text_153,3,3,present,present
19,Tener,Tener,0,0,1,infinitive,subjunctive,SPA 2,intervention,Text_153,4,8,other,other
20,Se queja,Quejarse,1,0,0,present,present,SPA 2,intervention,Text_153,3,3,present,present
21,Intenta,Intentar,1,0,0,present,present,SPA 2,intervention,Text_153,3,3,present,present
22,Aprender,Aprender,1,0,0,infinitive,infinitive,SPA 2,intervention,Text_153,4,4,other,other
23,Planea,Planear,1,0,0,present,present,SPA 2,intervention,Text_153,3,3,present,present
24,Estudiar,Estudiar,1,0,0,infinitive,infinitive,SPA 2,intervention,Text_153,4,4,other,other
26,Bailar,Bailar,1,0,0,infinitive,infinitive,SPA 2,intervention,Text_153,4,4,other,other
27,Filma,Filmar,1,0,0,present,present,SPA 2,intervention,Text_153,3,3,present,present
28,Baila,Bailar,1,0,0,present,present,SPA 2,intervention,Text_153,3,3,present,present
29,Pone,Poner,1,0,0,present,present,SPA 2,intervention,Text_153,3,3,present,present
30,Habla,Hablar,1,0,0,present,present,SPA 2,intervention,Text_153,3,3,present,present
31,Intenta,Intentar,1,0,0,present,present,SPA 2,intervention,Text_153,3,3,present,present
32,Mirar,Mirar,1,0,0,infinitive,infinitive,SPA 2,intervention,Text_153,4,4,other,other
33,Puede,Poder,1,0,0,present,present,SPA 2,intervention,Text_153,3,3,present,present
34,Pierde,Perder,1,0,0,present,present,SPA 2,intervention,Text_153,3,3,present,present
1,Tener,Tener,1,0,0,present,present,SPA 2,intervention,Text_54,3,3,present,present
2,Hacer,Hacer,1,0,0,present,present,SPA 2,intervention,Text_54,3,3,present,present
3,Ofrecer,Ofrecer,1,0,0,present,present,SPA 2,intervention,Text_54,3,3,present,present
4,Estan tener,Tener,1,0,0,present,present,SPA 2,intervention,Text_54,3,3,present,present
5,Está,Estar,1,0,0,present,present,SPA 2,intervention,Text_54,3,3,present,present
6,Cree,Creer,1,0,0,present,present,SPA 2,intervention,Text_54,3,3,present,present
7,Está,Estar,0,0,1,present,subjunctive,SPA 2,intervention,Text_54,3,8,other,present
8,Dice,Decir,1,0,0,present,present,SPA 2,intervention,Text_54,3,3,present,present
9,Significa,Significar,1,0,0,present,present,SPA 2,intervention,Text_54,3,3,present,present
10,Ofrecer,Ofrecer,1,0,0,present,present,SPA 2,intervention,Text_54,3,3,present,present
11,Tener,Tener,1,0,0,infinitive,infinitive,SPA 2,intervention,Text_54,4,4,other,other
12,Tiene,Tener,1,0,0,present,present,SPA 2,intervention,Text_54,3,3,present,present
13,Va a tener,Tener,1,0,0,present,present,SPA 2,intervention,Text_54,3,3,present,present
14,Es,Ser,1,0,0,present,present,SPA 2,intervention,Text_54,3,3,present,present
15,Quiere,Querer,1,0,0,present,present,SPA 2,intervention,Text_54,3,3,present,present
16,Lleva,Llevar,0,0,1,present,subjunctive,SPA 2,intervention,Text_54,3,8,other,present
17,Quiere,Querer,1,0,0,present,present,SPA 2,intervention,Text_54,3,3,present,present
18,Es,Ser,1,0,0,present,present,SPA 2,intervention,Text_54,3,3,present,present
19,Quiere,Querer,1,0,0,present,present,SPA 2,intervention,Text_54,3,3,present,present
20,Llevar,Llevar,1,0,0,infinitive,infinitive,SPA 2,intervention,Text_54,4,4,other,other
21,Quiere,Querer,1,0,0,present,present,SPA 2,intervention,Text_54,3,3,present,present
22,Ser,Ser,0,0,1,present,subjunctive,SPA 2,intervention,Text_54,3,8,other,present
23,Dice,Decir,1,0,0,present,present,SPA 2,intervention,Text_54,3,3,present,present
24,Tiene,Tener,1,0,0,present,present,SPA 2,intervention,Text_54,3,3,present,present
25,Llega,Llegar,1,0,0,present,present,SPA 2,intervention,Text_54,3,3,present,present
26,Siente,Sentir,1,0,0,present,present,SPA 2,intervention,Text_54,3,3,present,present
27,Puede,Poder,1,0,0,present,present,SPA 2,intervention,Text_54,3,3,present,present
28,Bailar,Bailar,1,0,0,infinitive,infinitive,SPA 2,intervention,Text_54,4,4,other,other
29,Bailan,Bailar,1,0,0,present,present,SPA 2,intervention,Text_54,3,3,present,present
30,Comete,Cometer,1,0,0,present,present,SPA 2,intervention,Text_54,3,3,present,present
31,Ayuda,Ayudar,1,0,0,present,present,SPA 2,intervention,Text_54,3,3,present,present
32,Tienen,Tener,1,0,0,present,present,SPA 2,intervention,Text_54,3,3,present,present
33,Es,Ser,1,0,0,present,present,SPA 2,intervention,Text_54,3,3,present,present
1,Era,Ser,1,0,0,imperfect,imperfect,SPA 3,control,Text_154,2,2,imperfect,imperfect
2,Se llamó,Llamarse,0,0,1,preterite,imperfect,SPA 3,control,Text_154,1,2,imperfect,preterit
3,Era,Ser,1,0,0,imperfect,imperfect,SPA 3,control,Text_154,2,2,imperfect,imperfect
4,Fue,ser,1,0,0,preterite,preterite,SPA 3,control,Text_154,1,1,preterit,preterit
5,Estudiar,Estudiar,1,0,0,infinitive,infinitive,SPA 3,control,Text_154,4,4,other,other
6,Fue cambiados,ser cambiados,1,0,0,preterite,preterite,SPA 3,control,Text_154,1,1,preterit,preterit
7,Necesitó,necesitar,0,0,1,preterite,imperfect,SPA 3,control,Text_154,1,2,imperfect,preterit
8,Buscar,buscar,1,0,0,infinitive,infinitive,SPA 3,control,Text_154,4,4,other,other
9,Llamó,llamar,1,0,0,preterite,preterite,SPA 3,control,Text_154,1,1,preterit,preterit
10,Ayudar,ayudar,0,0,1,infinitive,subjunctive,SPA 3,control,Text_154,4,8,other,other
11,Pudieron,poder,1,0,0,preterite,preterite,SPA 3,control,Text_154,1,1,preterit,preterit
12,Buscó,buscar,1,0,0,preterite,preterite,SPA 3,control,Text_154,1,1,preterit,preterit
13,Había,haber,1,0,0,imperfect,imperfect,SPA 3,control,Text_154,2,2,imperfect,imperfect
14,Fueron,ir,1,0,0,preterite,preterite,SPA 3,control,Text_154,1,1,preterit,preterit
15,Habló,hablar,1,0,0,preterite,preterite,SPA 3,control,Text_154,1,1,preterit,preterit
16,Dijo,decir,1,0,0,preterite,preterite,SPA 3,control,Text_154,1,1,preterit,preterit
17,Puede,poder,0,0,1,present,imperfect,SPA 3,control,Text_154,3,2,imperfect,present
18,Buscar,buscar,1,0,0,infinitive,infinitive,SPA 3,control,Text_154,4,4,other,other
19,Dio,dar,1,0,0,preterite,preterite,SPA 3,control,Text_154,1,1,preterit,preterit
20,Tomó,tomar,1,0,0,preterite,preterite,SPA 3,control,Text_154,1,1,preterit,preterit
21,Era,ser,1,0,0,imperfect,imperfect,SPA 3,control,Text_154,2,2,imperfect,imperfect
22,Era,ser,1,0,0,imperfect,imperfect,SPA 3,control,Text_154,2,2,imperfect,imperfect
23,Invitó,invitar,1,0,0,preterite,preterite,SPA 3,control,Text_154,1,1,preterit,preterit
24,Bailaron,bailar,1,0,0,preterite,preterite,SPA 3,control,Text_154,1,1,preterit,preterit
25,Invitó,invitar,1,0,0,preterite,preterite,SPA 3,control,Text_154,1,1,preterit,preterit
26,Celebrató,celebrar,1,0,0,preterite,preterite,SPA 3,control,Text_154,1,1,preterit,preterit
27,Era,ser,1,0,0,imperfect,imperfect,SPA 3,control,Text_154,2,2,imperfect,imperfect
28,Fue sorprendido,sorprenderse,1,0,0,preterite,preterite,SPA 3,control,Text_154,1,1,preterit,preterit
29,Es,ser,0,0,1,present,imperfect,SPA 3,control,Text_154,3,2,imperfect,present
30,Beber,beber,1,0,0,infinitive,infinitive,SPA 3,control,Text_154,4,4,other,other
31,Cambiaron,cambiar,1,0,0,preterite,preterite,SPA 3,control,Text_154,1,1,preterit,preterit
1,decide,decidir,1,0,0,present,present,SPA 3,control,Text_155,3,3,present,present
2,tomar,tomar,1,0,0,infinitive,infinitive,SPA 3,control,Text_155,4,4,other,other
3,estudiar,estudiar,1,0,0,infinitive,infinitive,SPA 3,control,Text_155,4,4,other,other
4,se encuentra,encontrarse,1,0,0,present,present,SPA 3,control,Text_155,3,3,present,present
5,hablan,hablar,1,0,0,present,present,SPA 3,control,Text_155,3,3,present,present
6,hablan,hablar,1,0,0,present,present,SPA 3,control,Text_155,3,3,present,present
7,agarra,agarrar,1,0,0,present,present,SPA 3,control,Text_155,3,3,present,present
8,trata,tratar,1,0,0,present,present,SPA 3,control,Text_155,3,3,present,present
9,encontrar,encontrar,1,0,0,infinitive,infinitive,SPA 3,control,Text_155,4,4,other,other
10,vive,vivir,1,0,0,present,present,SPA 3,control,Text_155,3,3,present,present
11,se encuentra,encontrarse,1,0,0,present,present,SPA 3,control,Text_155,3,3,present,present
12,va,ir,1,0,0,present,present,SPA 3,control,Text_155,3,3,present,present
13,es,ser,1,0,0,present,present,SPA 3,control,Text_155,3,3,present,present
14,es,ser,1,0,0,present,present,SPA 3,control,Text_155,3,3,present,present
15,aprende,aprender,1,0,0,present,present,SPA 3,control,Text_155,3,3,present,present
16,van,ir,1,0,0,present,present,SPA 3,control,Text_155,3,3,present,present
17,se encuentra,encontrarse,1,0,0,present,present,SPA 3,control,Text_155,3,3,present,present
18,es,ser,1,0,0,present,present,SPA 3,control,Text_155,3,3,present,present
19,devolver,devolver,1,0,0,infinitive,infinitive,SPA 3,control,Text_155,4,4,other,other
1,Se llama,llamarse,1,0,0,present,present,SPA 3,control,Text_156,3,3,present,present
2,Viaja,viajar,1,0,0,present,present,SPA 3,control,Text_156,3,3,present,present
3,Está,estar,1,0,0,present,present,SPA 3,control,Text_156,3,3,present,present
4,Se encuentra,encontrarse,1,0,0,present,present,SPA 3,control,Text_156,3,3,present,present
5,Se llama,llamarse,1,0,0,present,present,SPA 3,control,Text_156,3,3,present,present
6,habla,hablar,1,0,0,present,present,SPA 3,control,Text_156,3,3,present,present
7,busca,buscar,1,0,0,present,present,SPA 3,control,Text_156,3,3,present,present
8,Ve,ver,1,0,0,present,present,SPA 3,control,Text_156,3,3,present,present
9,Van,ir,1,0,0,present,present,SPA 3,control,Text_156,3,3,present,present
10,Abrió,abrir,1,0,0,preterite,preterite,SPA 3,control,Text_156,1,1,preterit,preterit
11,reconoce,reconocer,0,0,1,present,preterite,SPA 3,control,Text_156,3,1,preterit,present
12,tomó,tomar,1,0,0,preterite,preterite,SPA 3,control,Text_156,1,1,preterit,preterit
13,es,ser,1,0,0,present,present,SPA 3,control,Text_156,3,3,present,present
14,busca,buscar,1,0,0,present,present,SPA 3,control,Text_156,3,3,present,present
15,Va,ir,1,0,0,present,present,SPA 3,control,Text_156,3,3,present,present
16,está,estar,1,0,0,present,present,SPA 3,control,Text_156,3,3,present,present
17,conoce,conocer,1,0,0,present,present,SPA 3,control,Text_156,3,3,present,present
18,invita,invitar,1,0,0,present,present,SPA 3,control,Text_156,3,3,present,present
19,pasa,pasar,1,0,0,present,present,SPA 3,control,Text_156,3,3,present,present
20,toman,tomar,1,0,0,present,present,SPA 3,control,Text_156,3,3,present,present
21,va,ir,1,0,0,present,present,SPA 3,control,Text_156,3,3,present,present
22,piensa,pensar,1,0,0,present,present,SPA 3,control,Text_156,3,3,present,present
23,voy,ir,1,0,0,present,present,SPA 3,control,Text_156,3,3,present,present
24,es,ser,1,0,0,present,present,SPA 3,control,Text_156,3,3,present,present
26,apoya,apoyar,0,0,1,present,subjunctive,SPA 3,control,Text_156,3,8,other,present
27,es,ser,1,0,0,present,present,SPA 3,control,Text_156,3,3,present,present
28,gana,ganar,1,0,0,present,present,SPA 3,control,Text_156,3,3,present,present
29,recibe,recibir,1,0,0,present,present,SPA 3,control,Text_156,3,3,present,present
30,se llama,llamarse,1,0,0,present,present,SPA 3,control,Text_156,3,3,present,present
31,conoce,conocer,1,0,0,present,present,SPA 3,control,Text_156,3,3,present,present
32,quiere,querer,1,0,0,present,present,SPA 3,control,Text_156,3,3,present,present
33,intercambian,intercambiar,1,0,0,present,present,SPA 3,control,Text_156,3,3,present,present
34,intercambian,intercambiar,1,0,0,present,present,SPA 3,control,Text_156,3,3,present,present
35,busca,buscar,1,0,0,present,present,SPA 3,control,Text_156,3,3,present,present
2,estaba,Estar,1,0,0,imperfect,imperfect,SPA 3,control,Text_157,2,2,imperfect,imperfect
4,subió,Subir,1,0,0,preterite,preterite,SPA 3,control,Text_157,1,1,preterit,preterit
5,viajar,Viajar,1,0,0,infinitive,infinitive,SPA 3,control,Text_157,4,4,other,other
6,estaba,Estar,1,0,0,imperfect,imperfect,SPA 3,control,Text_157,2,2,imperfect,imperfect
7,escuchó,Escuchar,1,0,0,preterite,preterite,SPA 3,control,Text_157,1,1,preterit,preterit
8,conoció,Conocer,1,0,0,preterite,preterite,SPA 3,control,Text_157,1,1,preterit,preterit
11,estuvo,Estar,1,0,0,preterite,preterite,SPA 3,control,Text_157,1,1,preterit,preterit
12,tuvo,Tener,1,0,0,preterite,preterite,SPA 3,control,Text_157,1,1,preterit,preterit
12,comió,Comer,1,0,0,preterite,preterite,SPA 3,control,Text_157,1,1,preterit,preterit
14,descubrió,Descubir,1,0,0,preterite,preterite,SPA 3,control,Text_157,1,1,preterit,preterit
15,fue,Ir,1,0,0,preterite,preterite,SPA 3,control,Text_157,1,1,preterit,preterit
16,tuvo,Tener,1,0,0,preterite,preterite,SPA 3,control,Text_157,1,1,preterit,preterit
1,Se llama,Llamarse,1,0,0,present,present,SPA 3,control,Text_158,3,3,present,present
2,Fue,Ser,1,0,0,preterite,preterite,SPA 3,control,Text_158,1,1,preterit,preterit
3,Fue,Ser,1,0,0,preterite,preterite,SPA 3,control,Text_158,1,1,preterit,preterit
4,Estaba,Estar,1,0,0,imperfect,imperfect,SPA 3,control,Text_158,2,2,imperfect,imperfect
5,Visitar,Visitar,1,0,0,infinitive,infinitive,SPA 3,control,Text_158,4,4,other,other
6,Gusta,Gustar,1,0,0,present,present,SPA 3,control,Text_158,3,3,present,present
7,Estuvo,Estar,0,0,1,preterite,imperfect,SPA 3,control,Text_158,1,2,imperfect,preterit
8,Conoció,Conocer,1,0,0,preterite,preterite,SPA 3,control,Text_158,1,1,preterit,preterit
9,Se llama,Llamarse,1,0,0,present,present,SPA 3,control,Text_158,3,3,present,present
10,Fue,Ser,1,0,0,preterite,preterite,SPA 3,control,Text_158,1,1,preterit,preterit
11,Fue,Ser,1,0,0,preterite,preterite,SPA 3,control,Text_158,1,1,preterit,preterit
12,Tuvieron,Tener,0,0,1,preterite,imperfect,SPA 3,control,Text_158,1,2,imperfect,preterit
13,Tomó,Tomar,1,0,0,preterite,preterite,SPA 3,control,Text_158,1,1,preterit,preterit
14,Estuvo,Estar,1,0,0,preterite,preterite,SPA 3,control,Text_158,1,1,preterit,preterit
15,Pasó,Pasar,1,0,0,preterite,preterite,SPA 3,control,Text_158,1,1,preterit,preterit
16,Tentando,Intentar,1,0,0,gerund,gerund,SPA 3,control,Text_158,5,5,other,other
17,Encontrar,Encontrar,1,0,0,infinitive,infinitive,SPA 3,control,Text_158,4,4,other,other
18,Intercambiar,Intercambiar,1,0,0,infinitive,infinitive,SPA 3,control,Text_158,4,4,other,other
19,Conoció,Conocer,1,0,0,preterite,preterite,SPA 3,control,Text_158,1,1,preterit,preterit
20,Conoció,Conocer,1,0,0,preterite,preterite,SPA 3,control,Text_158,1,1,preterit,preterit
21,Pasó,Pasar,1,0,0,preterite,preterite,SPA 3,control,Text_158,1,1,preterit,preterit
22,Fue,Ser,1,0,0,preterite,preterite,SPA 3,control,Text_158,1,1,preterit,preterit
23,Fue,Ser,1,0,0,preterite,preterite,SPA 3,control,Text_158,1,1,preterit,preterit
24,Intercambiar,Intercambiar,1,0,0,infinitive,infinitive,SPA 3,control,Text_158,4,4,other,other
25,Hicieron,Hacer,1,0,0,preterite,preterite,SPA 3,control,Text_158,1,1,preterit,preterit
26,Estuvo,Estar,1,0,0,preterite,preterite,SPA 3,control,Text_158,1,1,preterit,preterit
27,Supieron,Saber,0,0,1,preterite,imperfect,SPA 3,control,Text_158,1,2,imperfect,preterit
28,Encontrar,Encontrar,1,0,0,infinitive,infinitive,SPA 3,control,Text_158,4,4,other,other
1,Ir a estudiar,Ir a estudiar,1,0,0,imperfect,imperfect,SPA 3,control,Text_159,2,2,imperfect,imperfect
2,se fue,irse,1,0,0,preterite,preterite,SPA 3,control,Text_159,1,1,preterit,preterit
3,estaba,estar,1,0,0,preterite,preterite,SPA 3,control,Text_159,1,1,preterit,preterit
4,subir,subir,1,0,0,infinitive,infinitive,SPA 3,control,Text_159,4,4,other,other
5,habló,hablar,1,0,0,preterite,preterite,SPA 3,control,Text_159,1,1,preterit,preterit
6,hablaron,hablar,1,0,0,preterite,preterite,SPA 3,control,Text_159,1,1,preterit,preterit
7,gustar,gustar,1,0,0,present,present,SPA 3,control,Text_159,3,3,present,present
8,cambió,cambiar,1,0,0,preterite,preterite,SPA 3,control,Text_159,1,1,preterit,preterit
9,tenía,tener,1,0,0,preterite,preterite,SPA 3,control,Text_159,1,1,preterit,preterit
10,vio,ver,1,0,0,preterite,preterite,SPA 3,control,Text_159,1,1,preterit,preterit
11,tuvo,tener,1,0,0,preterite,preterite,SPA 3,control,Text_159,1,1,preterit,preterit
12,trató,tratar,1,0,0,preterite,preterite,SPA 3,control,Text_159,1,1,preterit,preterit
13,encontrar,encontrar,1,0,0,infinitive,infinitive,SPA 3,control,Text_159,4,4,other,other
14,pudo,poder,1,0,0,preterite,preterite,SPA 3,control,Text_159,1,1,preterit,preterit
15,encontrar,encontrar,1,0,0,infinitive,infinitive,SPA 3,control,Text_159,4,4,other,other
16,compró,comprar,1,0,0,preterite,preterite,SPA 3,control,Text_159,1,1,preterit,preterit
17,fue,ir,1,0,0,preterite,preterite,SPA 3,control,Text_159,1,1,preterit,preterit
18,encontró,encontrar,1,0,0,preterite,preterite,SPA 3,control,Text_159,1,1,preterit,preterit
19,conocía,conocer,1,0,0,imperfect,imperfect,SPA 3,control,Text_159,2,2,imperfect,imperfect
20,dio,dar,1,0,0,preterite,preterite,SPA 3,control,Text_159,1,1,preterit,preterit
21,encontrar,encontrar,1,0,0,infinitive,infinitive,SPA 3,control,Text_159,4,4,other,other
22,tuvo,tener,1,0,0,preterite,preterite,SPA 3,control,Text_159,1,1,preterit,preterit
23,pudo,poder,1,0,0,preterite,preterite,SPA 3,control,Text_159,1,1,preterit,preterit
24,encontrar,encontrar,1,0,0,infinitive,infinitive,SPA 3,control,Text_159,4,4,other,other
25,hizo,hacer,1,0,0,preterite,preterite,SPA 3,control,Text_159,1,1,preterit,preterit
26,dieron,dar,1,0,0,preterite,preterite,SPA 3,control,Text_159,1,1,preterit,preterit
27,animó,animar,1,0,0,preterite,preterite,SPA 3,control,Text_159,1,1,preterit,preterit
28,estaba,estar,1,0,0,imperfect,imperfect,SPA 3,control,Text_159,2,2,imperfect,imperfect
29,salieron,salir,1,0,0,preterite,preterite,SPA 3,control,Text_159,1,1,preterit,preterit
30,llamó,llamar,1,0,0,preterite,preterite,SPA 3,control,Text_159,1,1,preterit,preterit
31,contactó,contactar,1,0,0,preterite,preterite,SPA 3,control,Text_159,1,1,preterit,preterit
32,recuperó,recuperar,1,0,0,preterite,preterite,SPA 3,control,Text_159,1,1,preterit,preterit
2,vive,vivir,1,0,0,present,present,SPA 3,control,Text_160,3,3,present,present
3,trabaja,trabajar,1,0,0,present,present,SPA 3,control,Text_160,3,3,present,present
4,quiere,querer,1,0,0,present,present,SPA 3,control,Text_160,3,3,present,present
5,viajar,viajar,1,0,0,infinitive,infinitive,SPA 3,control,Text_160,4,4,other,other
6,preparan,preparar,1,0,0,present,present,SPA 3,control,Text_160,3,3,present,present
7,llegar,llegar,0,0,1,infinitive,present,SPA 3,control,Text_160,4,3,present,other
8,discutir,discutir,0,0,1,infinitive,present,SPA 3,control,Text_160,4,3,present,other
9,conoce,conocer,1,0,0,present,present,SPA 3,control,Text_160,3,3,present,present
10,es,ser,1,0,0,present,present,SPA 3,control,Text_160,3,3,present,present
11,voy,ir,1,0,0,present,present,SPA 3,control,Text_160,3,3,present,present
12,salien,salir,1,0,0,present,present,SPA 3,control,Text_160,3,3,present,present
13,agarran,agarrar,1,0,0,present,present,SPA 3,control,Text_160,3,3,present,present
14,conoce,conocer,1,0,0,present,present,SPA 3,control,Text_160,3,3,present,present
15,se da,darse,1,0,0,present,present,SPA 3,control,Text_160,3,3,present,present
16,es,ser,1,0,0,present,present,SPA 3,control,Text_160,3,3,present,present
17,conoce,conocer,1,0,0,present,present,SPA 3,control,Text_160,3,3,present,present
18,incluyen,incluir,1,0,0,present,present,SPA 3,control,Text_160,3,3,present,present
19,visitan,visitar,1,0,0,present,present,SPA 3,control,Text_160,3,3,present,present
20,visitar,visitar,0,0,1,infinitive,present,SPA 3,control,Text_160,4,3,present,other
21,encontrar,encontrar,0,0,1,infinitive,present,SPA 3,control,Text_160,4,3,present,other
22,agarran,agarrar,1,0,0,present,present,SPA 3,control,Text_160,3,3,present,present
1,viaja,Viajar,1,0,0,present,present,SPA 3,control,Text_161,3,3,present,present
2,estudiar,Estudiar,1,0,0,infinitive,infinitive,SPA 3,control,Text_161,4,4,other,other
3,conoce,Conocer,1,0,0,present,present,SPA 3,control,Text_161,3,3,present,present
4,estudiar,Ser,1,0,0,present,present,SPA 3,control,Text_161,3,3,present,present
5,estudiar,Ser,1,0,0,present,present,SPA 3,control,Text_161,3,3,present,present
6,mezclan,Mezclar,1,0,0,present,present,SPA 3,control,Text_161,3,3,present,present
7,sale,Salir,1,0,0,present,present,SPA 3,control,Text_161,3,3,present,present
8,compra,Comprar,1,0,0,present,present,SPA 3,control,Text_161,3,3,present,present
9,va,Ir,1,0,0,present,present,SPA 3,control,Text_161,3,3,present,present
10,conoce,Conocer,1,0,0,present,present,SPA 3,control,Text_161,3,3,present,present
11,da,Dar,1,0,0,present,present,SPA 3,control,Text_161,3,3,present,present
12,va,Ir,1,0,0,present,present,SPA 3,control,Text_161,3,3,present,present
13,viva,Vivir,1,0,0,present,present,SPA 3,control,Text_161,3,3,present,present
14,habla,Hablar,1,0,0,present,present,SPA 3,control,Text_161,3,3,present,present
15,va,Ir,1,0,0,present,present,SPA 3,control,Text_161,3,3,present,present
16,van,Ir,1,0,0,present,present,SPA 3,control,Text_161,3,3,present,present
17,encuentra,Encontrar,1,0,0,present,present,SPA 3,control,Text_161,3,3,present,present
1,se va,Irse,1,0,0,present,present,SPA 3,control,Text_162,3,3,present,present
2,se conoce,Conocerse,1,0,0,present,present,SPA 3,control,Text_162,3,3,present,present
3,era,Ser,1,0,0,imperfect,imperfect,SPA 3,control,Text_162,2,2,imperfect,imperfect
4,estaba haciendo,Estar haciendo,1,0,0,imperfect,imperfect,SPA 3,control,Text_162,2,2,imperfect,imperfect
5,tenían,Tener,1,0,0,imperfect,imperfect,SPA 3,control,Text_162,2,2,imperfect,imperfect
6,confundieron,Confundir,1,0,0,preterite,preterite,SPA 3,control,Text_162,1,1,preterit,preterit
7,necesitaba,Necesitar,1,0,0,imperfect,imperfect,SPA 3,control,Text_162,2,2,imperfect,imperfect
NA,encontrar,Encontrar,1,0,0,infinitive,infinitive,SPA 3,control,Text_162,4,4,other,other
8,encontrarlo,Encontrar,1,0,0,infinitive,infinitive,SPA 3,control,Text_162,4,4,other,other
9,se conoció,Conocerse,1,0,0,preterite,preterite,SPA 3,control,Text_162,1,1,preterit,preterit
10,invitaron,Invitar,1,0,0,preterite,preterite,SPA 3,control,Text_162,1,1,preterit,preterit
11,ver,Ver,1,0,0,infinitive,infinitive,SPA 3,control,Text_162,4,4,other,other
12,se mensajó,Mensajear,1,0,0,preterite,preterite,SPA 3,control,Text_162,1,1,preterit,preterit
13,convinieron,Convenir,1,0,0,preterite,preterite,SPA 3,control,Text_162,1,1,preterit,preterit
14,cambiar,Cambiar,1,0,0,infinitive,infinitive,SPA 3,control,Text_162,4,4,other,other
15,regresó,Regresar,1,0,0,preterite,preterite,SPA 3,control,Text_162,1,1,preterit,preterit
16,descubró,Descubir,1,0,0,preterite,preterite,SPA 3,control,Text_162,1,1,preterit,preterit
17,fueron intercambiados,Ser intercambiadas,1,0,0,preterite,preterite,SPA 3,control,Text_162,1,1,preterit,preterit
1,Es,ser,1,0,0,present,present,SPA 3,control,Text_163,3,3,present,present
2,viaja,viajar,1,0,0,present,present,SPA 3,control,Text_163,3,3,present,present
3,hacer,hacer,1,0,0,infinitive,infinitive,SPA 3,control,Text_163,4,4,other,other
4,es,ser,1,0,0,present,present,SPA 3,control,Text_163,3,3,present,present
5,ayuda,ayudar,1,0,0,present,present,SPA 3,control,Text_163,3,3,present,present
6,conoce,conocer,1,0,0,present,present,SPA 3,control,Text_163,3,3,present,present
7,hablaron,hablar,0,0,1,preterite,present,SPA 3,control,Text_163,1,3,present,preterit
8,recibió,recibir,0,0,1,preterite,present,SPA 3,control,Text_163,1,3,present,preterit
9,lleva,llevar,1,0,0,present,present,SPA 3,control,Text_163,3,3,present,present
10,comieron,comer,0,0,1,preterite,present,SPA 3,control,Text_163,1,3,present,preterit
11,conoce,conocer,1,0,0,present,present,SPA 3,control,Text_163,3,3,present,present
12,tiene,tener,1,0,0,present,present,SPA 3,control,Text_163,3,3,present,present
13,da,dar,1,0,0,present,present,SPA 3,control,Text_163,3,3,present,present
14,conoce,conocer,1,0,0,present,present,SPA 3,control,Text_163,3,3,present,present
15,estuve,estar,0,0,1,preterite,present,SPA 3,control,Text_163,1,3,present,preterit
16,devuelve,devolver,1,0,0,present,present,SPA 3,control,Text_163,3,3,present,present
17,van,ir,1,0,0,present,present,SPA 3,control,Text_163,3,3,present,present
18,son,ser,1,0,0,present,present,SPA 3,control,Text_163,3,3,present,present
19,se equivocaron,equivocarse,1,0,0,preterite,preterite,SPA 3,control,Text_163,1,1,preterit,preterit
1,es,Ser,1,0,0,present,present,SPA 3,control,Text_164,3,3,present,present
2,dicidió,Decidir,1,0,0,preterite,preterite,SPA 3,control,Text_164,1,1,preterit,preterit
NA,estudiar,estudiar,1,0,0,infinitive,infinitive,SPA 3,control,Text_164,4,4,other,other
3,describió,Describir,0,0,1,preterite,present,SPA 3,control,Text_164,1,3,present,preterit
4,es,Ser,1,0,0,present,present,SPA 3,control,Text_164,3,3,present,present
5,intercambiaron,Intercambiar,1,0,0,preterite,preterite,SPA 3,control,Text_164,1,1,preterit,preterit
6,fueron intercambiadas,Ser intercambiadas,1,0,0,preterite,preterite,SPA 3,control,Text_164,1,1,preterit,preterit
7,sabían,Sabían,1,0,0,imperfect,imperfect,SPA 3,control,Text_164,2,2,imperfect,imperfect
8,se encontraron,Encontrarse,1,0,0,preterite,preterite,SPA 3,control,Text_164,1,1,preterit,preterit
9,reunirse,Reunirse,0,0,1,infinitive,preterite,SPA 3,control,Text_164,4,1,preterit,other
10,hizo,Hacer,1,0,0,preterite,preterite,SPA 3,control,Text_164,1,1,preterit,preterit
11,fue,Ir,1,0,0,preterite,preterite,SPA 3,control,Text_164,1,1,preterit,preterit
12,comió,Comer,1,0,0,preterite,preterite,SPA 3,control,Text_164,1,1,preterit,preterit
1,Es,Ser,1,0,0,present,present,SPA 3,control,Text_165,3,3,present,present
2,Va,Ir,1,0,0,present,present,SPA 3,control,Text_165,3,3,present,present
3,Hacer,Hacer,1,0,0,infinitive,infinitive,SPA 3,control,Text_165,4,4,other,other
4,Llega,Llegar,1,0,0,present,present,SPA 3,control,Text_165,3,3,present,present
5,Conoce,Conocer,1,0,0,present,present,SPA 3,control,Text_165,3,3,present,present
6,Vive,Vivir,1,0,0,present,present,SPA 3,control,Text_165,3,3,present,present
7,Tiene,Tener,1,0,0,present,present,SPA 3,control,Text_165,3,3,present,present
8,Conoció,Conocer,0,0,1,preterite,pluperfect,SPA 3,control,Text_165,1,6,other,preterit
9,Había hablando,Hablar,1,0,0,pluperfect,pluperfect,SPA 3,control,Text_165,6,6,other,other
10,Trata,Tratar,1,0,0,present,present,SPA 3,control,Text_165,3,3,present,present
11,Encontrar,Encontrar,1,0,0,infinitive,infinitive,SPA 3,control,Text_165,4,4,other,other
12,puede,Poder,1,0,0,present,present,SPA 3,control,Text_165,3,3,present,present
13,Encontrar,Encontrar,1,0,0,infinitive,infinitive,SPA 3,control,Text_165,4,4,other,other
14,Conoce,Conocer,1,0,0,present,present,SPA 3,control,Text_165,3,3,present,present
15,Hace,Hacer,1,0,0,present,present,SPA 3,control,Text_165,3,3,present,present
16,Va a bailar,Ir a bailar,1,0,0,present,present,SPA 3,control,Text_165,3,3,present,present
17,Va,Ir,1,0,0,present,present,SPA 3,control,Text_165,3,3,present,present
18,Encuentra,Encontrar,1,0,0,present,present,SPA 3,control,Text_165,3,3,present,present
19,Puede,Poder,1,0,0,present,present,SPA 3,control,Text_165,3,3,present,present
20,Recuperar,Recuperar,1,0,0,infinitive,infinitive,SPA 3,control,Text_165,4,4,other,other
1,Es,Ser,1,0,0,present,present,SPA 3,control,Text_166,3,3,present,present
2,Estudia,Estudiar,1,0,0,present,present,SPA 3,control,Text_166,3,3,present,present
3,Consigue,Conseguir,1,0,0,present,present,SPA 3,control,Text_166,3,3,present,present
4,Estudiar,Estudiar,1,0,0,infinitive,infinitive,SPA 3,control,Text_166,4,4,other,other
5,Se tomála,Tomarse,1,0,0,present,present,SPA 3,control,Text_166,3,3,present,present
6,Llegando,Llegar,0,0,1,gerund,ambiguous,SPA 3,control,Text_166,5,12,other,other
8,Se llama,Llamarse,1,0,0,present,present,SPA 3,control,Text_166,3,3,present,present
9,Puso,Poder,0,0,1,preterite,imperfect,SPA 3,control,Text_166,1,2,imperfect,preterit
10,Ubicarse,Ubicarse,1,0,0,infinitive,infinitive,SPA 3,control,Text_166,4,4,other,other
11,Compró,Comprar,1,0,0,preterite,preterite,SPA 3,control,Text_166,1,1,preterit,preterit
12,Estaba,Estar,1,0,0,imperfect,imperfect,SPA 3,control,Text_166,2,2,imperfect,imperfect
13,Tenía,Tener,0,0,1,imperfect,preterit,SPA 3,control,Text_166,2,1,preterit,imperfect
14,Había,Haber,1,0,0,imperfect,imperfect,SPA 3,control,Text_166,2,2,imperfect,imperfect
15,Ubicó,Ubicarse,1,0,0,preterite,preterite,SPA 3,control,Text_166,1,1,preterit,preterit
1,Es,Ser,1,0,0,present,present,SPA 3,control,Text_167,3,3,present,present
2,Es,Ser,1,0,0,present,present,SPA 3,control,Text_167,3,3,present,present
3,Quiere,Querer,1,0,0,present,present,SPA 3,control,Text_167,3,3,present,present
4,Ir,Ir,1,0,0,infinitive,infinitive,SPA 3,control,Text_167,4,4,other,other
5,Conoce,Conocer,1,0,0,present,present,SPA 3,control,Text_167,3,3,present,present
6,Se dio,Darse cuenta,1,0,0,preterite,preterite,SPA 3,control,Text_167,1,1,preterit,preterit
7,Había perdido,Perder,1,0,0,pluperfect,pluperfect,SPA 3,control,Text_167,6,6,other,other
8,Tenía,Tener,1,0,0,imperfect,imperfect,SPA 3,control,Text_167,2,2,imperfect,imperfect
9,Tenía,Tener,1,0,0,imperfect,imperfect,SPA 3,control,Text_167,2,2,imperfect,imperfect
10,Vive,Vivir,1,0,0,present,present,SPA 3,control,Text_167,3,3,present,present
11,Disfruta,Disfrutar,1,0,0,present,present,SPA 3,control,Text_167,3,3,present,present
12,Aprende,Aprender,1,0,0,present,present,SPA 3,control,Text_167,3,3,present,present
13,Venden,Vender,1,0,0,present,present,SPA 3,control,Text_167,3,3,present,present
14,Va,Ir,1,0,0,present,present,SPA 3,control,Text_167,3,3,present,present
15,Conoció,Conocer,1,0,0,preterite,preterite,SPA 3,control,Text_167,1,1,preterit,preterit
16,Dice,Decir,1,0,0,present,present,SPA 3,control,Text_167,3,3,present,present
17,Ponen,Poner,1,0,0,present,present,SPA 3,control,Text_167,3,3,present,present
18,Quiere,Querer,1,0,0,present,present,SPA 3,control,Text_167,3,3,present,present
19,Encontrar,Encontrar,1,0,0,infinitive,infinitive,SPA 3,control,Text_167,4,4,other,other
20,Recuperar,Recuperar,1,0,0,infinitive,infinitive,SPA 3,control,Text_167,4,4,other,other
21,Se encuentra,Encontrarse,1,0,0,present,present,SPA 3,control,Text_167,3,3,present,present
22,Dijo,Decir,1,0,0,preterite,preterite,SPA 3,control,Text_167,1,1,preterit,preterit
23,Vive,Vivir,1,0,0,present,present,SPA 3,control,Text_167,3,3,present,present
24,Ir,Ir,1,0,0,infinitive,infinitive,SPA 3,control,Text_167,4,4,other,other
25,Va,Ir,1,0,0,present,present,SPA 3,control,Text_167,3,3,present,present
26,Presenta,Presentar,1,0,0,present,present,SPA 3,control,Text_167,3,3,present,present
27,Hay,Haber,1,0,0,present,present,SPA 3,control,Text_167,3,3,present,present
28,Encuentra,Encontrar,1,0,0,present,present,SPA 3,control,Text_167,3,3,present,present
29,Recupera,Recuperar,1,0,0,present,present,SPA 3,control,Text_167,3,3,present,present
1,Llevó,Llevar,1,0,0,preterite,preterite,SPA 3,control,Text_168,1,1,preterit,preterit
2,Había,Haber,0,0,1,imperfect,preterite,SPA 3,control,Text_168,2,1,preterit,imperfect
3,Necesitaban,Necesitar,1,0,0,imperfect,imperfect,SPA 3,control,Text_168,2,2,imperfect,imperfect
4,Encontrar,Encontrar,1,0,0,infinitive,infinitive,SPA 3,control,Text_168,4,4,other,other
5,Tenía,Tener,1,0,0,imperfect,imperfect,SPA 3,control,Text_168,2,2,imperfect,imperfect
6,Descubrió,Descubir,1,0,0,preterite,preterite,SPA 3,control,Text_168,1,1,preterit,preterit
7,Hacía,Hacer,0,0,1,imperfect,preterite,SPA 3,control,Text_168,2,1,preterit,imperfect
8,Bailar,Bailar,1,0,0,infinitive,infinitive,SPA 3,control,Text_168,4,4,other,other
9,Durmió,Dormir,1,0,0,preterite,preterite,SPA 3,control,Text_168,1,1,preterit,preterit
10,Comían,Comer,0,0,1,imperfect,preterite,SPA 3,control,Text_168,2,1,preterit,imperfect
11,Hablaba,Hablar,0,0,1,imperfect,preterite,SPA 3,control,Text_168,2,1,preterit,imperfect
13,Hablaban,Hablar,1,0,0,imperfect,imperfect,SPA 3,control,Text_168,2,2,imperfect,imperfect
14,Durmió,Dormir,1,0,0,preterite,preterite,SPA 3,control,Text_168,1,1,preterit,preterit
15,Fueron,Ir,1,0,0,preterite,preterite,SPA 3,control,Text_168,1,1,preterit,preterit
16,Fueron,Ser,1,0,0,preterite,preterite,SPA 3,control,Text_168,1,1,preterit,preterit
17,Comunicar,Comunicarse,1,0,0,infinitive,infinitive,SPA 3,control,Text_168,4,4,other,other
18,Tener,Tener,1,0,0,infinitive,infinitive,SPA 3,control,Text_168,4,4,other,other
1,Es,Ser,0,0,1,present,imperfect,SPA 3,control,Text_169,3,2,imperfect,present
2,Se llama,Llamarse,0,0,1,present,imperfect,SPA 3,control,Text_169,3,2,imperfect,present
3,Había estudiado,Haber estudiado,1,0,0,pluperfect,pluperfect,SPA 3,control,Text_169,6,6,other,other
4,Quería,Querer,1,0,0,imperfect,imperfect,SPA 3,control,Text_169,2,2,imperfect,imperfect
5,aprender,aprender,1,0,0,infinitive,infinitive,SPA 3,control,Text_169,4,4,other,other
6,Quiso,Querer,0,0,1,preterite,imperfect,SPA 3,control,Text_169,1,2,imperfect,preterit
7,Viajar,viajar,1,0,0,infinitive,infinitive,SPA 3,control,Text_169,4,4,other,other
8,Habla,Hablar,1,0,0,present,present,SPA 3,control,Text_169,3,3,present,present
9,Decidió,Decidir,1,0,0,preterite,preterite,SPA 3,control,Text_169,1,1,preterit,preterit
10,Viajar,Viajar,1,0,0,infinitive,infinitive,SPA 3,control,Text_169,4,4,other,other
11,Conoció,Conocer,1,0,0,preterite,preterite,SPA 3,control,Text_169,1,1,preterit,preterit
12,Mencionó,Mencionar,1,0,0,preterite,preterite,SPA 3,control,Text_169,1,1,preterit,preterit
13,Es,Ser,0,0,1,present,imperfect,SPA 3,control,Text_169,3,2,imperfect,present
14,Llegó,Llegar,1,0,0,preterite,preterite,SPA 3,control,Text_169,1,1,preterit,preterit
15,Querer,Querer,1,0,0,infinitive,infinitive,SPA 3,control,Text_169,4,4,other,other
16,Tomó,Tomar,1,0,0,preterite,preterite,SPA 3,control,Text_169,1,1,preterit,preterit
17,Conoció,Conocer,1,0,0,preterite,preterite,SPA 3,control,Text_169,1,1,preterit,preterit
18,Conoció,Conocer,1,0,0,preterite,preterite,SPA 3,control,Text_169,1,1,preterit,preterit
19,Conoció,Conocer,1,0,0,preterite,preterite,SPA 3,control,Text_169,1,1,preterit,preterit
20,Trataba,Tratar,0,0,1,imperfect,preterite,SPA 3,control,Text_169,2,1,preterit,imperfect
21,Encontrar,encontrar,1,0,0,infinitive,infinitive,SPA 3,control,Text_169,4,4,other,other
22,Contactar,Contactar,1,0,0,infinitive,infinitive,SPA 3,control,Text_169,4,4,other,other
23,Obtener,Obtener,1,0,0,infinitive,infinitive,SPA 3,control,Text_169,4,4,other,other
24,Devolver,Devolver,1,0,0,infinitive,infinitive,SPA 3,control,Text_169,4,4,other,other
25,Salieron,Salir,1,0,0,preterite,preterite,SPA 3,control,Text_169,1,1,preterit,preterit
26,Fueron,Ir,1,0,0,preterite,preterite,SPA 3,control,Text_169,1,1,preterit,preterit
1,Viaja,Viajar,1,0,0,present,present,SPA 3,control,Text_170,3,3,present,present
2,Encontra,Encontrar,1,0,0,present,present,SPA 3,control,Text_170,3,3,present,present
3,Son,Ser,1,0,0,present,present,SPA 3,control,Text_170,3,3,present,present
4,Partir,Partir,0,0,1,infinitive,present,SPA 3,control,Text_170,4,3,present,other
5,Dice,Decir,1,0,0,present,present,SPA 3,control,Text_170,3,3,present,present
7,Tiene,Tener,1,0,0,present,present,SPA 3,control,Text_170,3,3,present,present
8,Tiene,Tener,1,0,0,present,present,SPA 3,control,Text_170,3,3,present,present
9,Es,Ser,1,0,0,present,present,SPA 3,control,Text_170,3,3,present,present
11,Es,Ser,1,0,0,ambiguous,ambiguous,SPA 3,control,Text_170,12,12,other,other
12,Jugar,Jugar,0,0,1,infinitive,present,SPA 3,control,Text_170,4,3,present,other
13,Ayudar,Ayudar,0,0,1,infinitive,present,SPA 3,control,Text_170,4,3,present,other
14,Tomar,Tomar,0,0,1,infinitive,present,SPA 3,control,Text_170,4,3,present,other
15,Encontra,Encontrar,1,0,0,present,present,SPA 3,control,Text_170,3,3,present,present
16,Intercambiar,Intercambiarse,0,0,1,infinitive,present,SPA 3,control,Text_170,4,3,present,other
17,Dar,Darse,0,0,1,infinitive,present,SPA 3,control,Text_170,4,3,present,other
1,Salió,Salir,1,0,0,preterite,preterite,SPA 3,control,Text_171,1,1,preterit,preterit
2,Se llama,Llamarse,1,0,0,present,present,SPA 3,control,Text_171,3,3,present,present
3,Tomó,Tomar,1,0,0,preterite,preterite,SPA 3,control,Text_171,1,1,preterit,preterit
4,Tomó,Tomar,1,0,0,preterite,preterite,SPA 3,control,Text_171,1,1,preterit,preterit
5,Vive,Vivir,0,0,1,present,imperfect,SPA 3,control,Text_171,3,2,imperfect,present
6,Conoció,Conocer,1,0,0,preterite,preterite,SPA 3,control,Text_171,1,1,preterit,preterit
7,Intercambiar,Intercambiar,0,0,1,infinitive,preterite,SPA 3,control,Text_171,4,1,preterit,other
9,Tiene,Tener,0,0,1,present,preterite,SPA 3,control,Text_171,3,1,preterit,present
10,Pasaba,Pasar,0,0,1,imperfect,preterite,SPA 3,control,Text_171,2,1,preterit,imperfect
11,Conocío,Conocer,1,0,0,preterite,preterite,SPA 3,control,Text_171,1,1,preterit,preterit
12,Pasó,Pasar,1,0,0,preterite,preterite,SPA 3,control,Text_171,1,1,preterit,preterit
13,Ver,Ver,0,0,1,infinitive,gerund,SPA 3,control,Text_171,4,5,other,other
14,Comío,Comer,1,0,0,preterite,preterite,SPA 3,control,Text_171,1,1,preterit,preterit
15,Comío,Comer,1,0,0,preterite,preterite,SPA 3,control,Text_171,1,1,preterit,preterit
16,Comío,Comer,0,0,1,preterite,pluperfect,SPA 3,control,Text_171,1,6,other,preterit
17,Visitaba,Visitar,0,0,1,imperfect,infinitive,SPA 3,control,Text_171,2,4,other,imperfect
1,Es,Ser,1,0,0,present,present,SPA 3,control,Text_172,3,3,present,present
2,Se llama,Llamarse,1,0,0,present,present,SPA 3,control,Text_172,3,3,present,present
3,Es,Ser,1,0,0,present,present,SPA 3,control,Text_172,3,3,present,present
4,Tenía,Tener,0,0,1,imperfect,preterite,SPA 3,control,Text_172,2,1,preterit,imperfect
5,Estudiar,Estudiar,1,0,0,infinitive,infinitive,SPA 3,control,Text_172,4,4,other,other
6,Fue,Ir,1,0,0,preterite,preterite,SPA 3,control,Text_172,1,1,preterit,preterit
7,Se perdió,Perderse,1,0,0,preterite,preterite,SPA 3,control,Text_172,1,1,preterit,preterit
8,Tenía,Tener,1,0,0,imperfect,imperfect,SPA 3,control,Text_172,2,2,imperfect,imperfect
9,Pasó,Pasar,1,0,0,preterite,preterite,SPA 3,control,Text_172,1,1,preterit,preterit
10,Buscar,Buscar,0,0,1,infinitive,gerund,SPA 3,control,Text_172,4,5,other,other
11,Hizo,Hacer,1,0,0,preterite,preterite,SPA 3,control,Text_172,1,1,preterit,preterit
12,Sacaron,Sacar,1,0,0,preterite,preterite,SPA 3,control,Text_172,1,1,preterit,preterit
14,Dio,Dar,1,0,0,preterite,preterite,SPA 3,control,Text_172,1,1,preterit,preterit
15,Tenía,Tener,1,0,0,imperfect,imperfect,SPA 3,control,Text_172,2,2,imperfect,imperfect
16,Conocía,Conocer,0,0,1,imperfect,preterite,SPA 3,control,Text_172,2,1,preterit,imperfect
17,Obtiene,Onbtener,0,0,1,present,preterite,SPA 3,control,Text_172,3,1,preterit,present
18,Vives,Vivir,0,0,1,present,imperfect,SPA 3,control,Text_172,3,2,imperfect,present
19,Recibió,Recibir,1,0,0,preterite,preterite,SPA 3,control,Text_172,1,1,preterit,preterit
20,Es,Ser,1,0,0,present,present,SPA 3,control,Text_172,3,3,present,present
21,Dice,Decir,1,0,0,present,present,SPA 3,control,Text_172,3,3,present,present
22,Sabes,Saber,1,0,0,present,present,SPA 3,control,Text_172,3,3,present,present
23,Estaba,Estar,0,0,1,imperfect,present,SPA 3,control,Text_172,2,3,present,imperfect
24,Fue,Ir,1,0,0,preterite,preterite,SPA 3,control,Text_172,1,1,preterit,preterit
25,Estaban,Estar,1,0,0,imperfect,imperfect,SPA 3,control,Text_172,2,2,imperfect,imperfect
26,Dio,Dar,1,0,0,preterite,preterite,SPA 3,control,Text_172,1,1,preterit,preterit
27,Se fue,Irse,1,0,0,preterite,preterite,SPA 3,control,Text_172,1,1,preterit,preterit
1,Es,NA,1,0,0,present,present,SPA 3,control,Text_173,3,3,present,present
2,Está viajando,NA,1,0,0,present,present,SPA 3,control,Text_173,3,3,present,present
3,Conoció,NA,0,0,1,preterite,present,SPA 3,control,Text_173,1,3,present,preterit
4,Vive,NA,1,0,0,present,present,SPA 3,control,Text_173,3,3,present,present
5,Hablan,NA,1,0,0,present,present,SPA 3,control,Text_173,3,3,present,present
6,Llegaron,NA,0,0,1,preterite,infinitive,SPA 3,control,Text_173,1,4,other,preterit
7,Salieron,NA,1,0,0,preterite,preterite,SPA 3,control,Text_173,1,1,preterit,preterit
8,Conoce,NA,1,0,0,present,present,SPA 3,control,Text_173,3,3,present,present
9,Toman,NA,1,0,0,present,present,SPA 3,control,Text_173,3,3,present,present
10,Van,NA,1,0,0,present,present,SPA 3,control,Text_173,3,3,present,present
11,Trataba,NA,0,0,1,imperfect,present,SPA 3,control,Text_173,2,3,present,imperfect
12,Encontrar,NA,1,0,0,infinitive,infinitive,SPA 3,control,Text_173,4,4,other,other
13,Conoce,NA,1,0,0,present,present,SPA 3,control,Text_173,3,3,present,present
14,Tienen,NA,1,0,0,present,present,SPA 3,control,Text_173,3,3,present,present
15,Estuvieron,NA,1,0,0,preterite,preterite,SPA 3,control,Text_173,1,1,preterit,preterit
16,Está,NA,0,0,1,present,imperfect,SPA 3,control,Text_173,3,2,imperfect,present
17,Salen,NA,1,0,0,present,present,SPA 3,control,Text_173,3,3,present,present
18,Conocen,NA,1,0,0,present,present,SPA 3,control,Text_173,3,3,present,present
19,Dice,NA,1,0,0,present,present,SPA 3,control,Text_173,3,3,present,present
21,Puede,NA,1,0,0,present,subjunctive,SPA 3,control,Text_173,3,8,other,present
22,Encontrar,NA,1,0,0,infinitive,infinitive,SPA 3,control,Text_173,4,4,other,other
23,Pasa,NA,1,0,0,present,present,SPA 3,control,Text_173,3,3,present,present
24,Encontrando,NA,0,0,1,gerund,infinitive,SPA 3,control,Text_173,5,4,other,other
25,Se ven,NA,1,0,0,present,present,SPA 3,control,Text_173,3,3,present,present
26,Intercambian,NA,1,0,0,present,present,SPA 3,control,Text_173,3,3,present,present
1,Era,Ser,1,0,0,imperfect,imperfect,SPA 3,control,Text_174,2,2,imperfect,imperfect
2,Quería,Querer,1,0,0,imperfect,imperfect,SPA 3,control,Text_174,2,2,imperfect,imperfect
3,Ir,Ir,1,0,0,infinitive,infinitive,SPA 3,control,Text_174,4,4,other,other
4,Aprender,Aprender,1,0,0,infinitive,infinitive,SPA 3,control,Text_174,4,4,other,other
5,Buscó,Buscar,1,0,0,preterite,preterite,SPA 3,control,Text_174,1,1,preterit,preterit
7,Preparó,Preparar,1,0,0,preterite,preterite,SPA 3,control,Text_174,1,1,preterit,preterit
8,Estaba sentado,Estar sentado,1,0,0,imperfect,imperfect,SPA 3,control,Text_174,2,2,imperfect,imperfect
9,Hablaron,Hablar,1,0,0,preterite,preterite,SPA 3,control,Text_174,1,1,preterit,preterit
10,Llegar,Llegar,1,0,0,infinitive,infinitive,SPA 3,control,Text_174,4,4,other,other
11,Vio,Ver,1,0,0,preterite,preterite,SPA 3,control,Text_174,1,1,preterit,preterit
12,Tuvo,Tener,0,0,1,preterite,imperfect,SPA 3,control,Text_174,1,2,imperfect,preterit
13,Tuvo,Tener,0,0,1,preterite,imperfect,SPA 3,control,Text_174,1,2,imperfect,preterit
14,Tuvo,Tener,0,0,1,preterite,imperfect,SPA 3,control,Text_174,1,2,imperfect,preterit
15,Necesitó,Necesitar,0,0,1,preterite,imperfect,SPA 3,control,Text_174,1,2,imperfect,preterit
16,Buscar,Buscar,1,0,0,infinitive,infinitive,SPA 3,control,Text_174,4,4,other,other
17,Buscó,Buscar,1,0,0,preterite,preterite,SPA 3,control,Text_174,1,1,preterit,preterit
18,Supo,Saber,0,0,1,preterite,imperfect,SPA 3,control,Text_174,1,2,imperfect,preterit
19,Está,Estar,0,0,1,present,imperfect,SPA 3,control,Text_174,3,2,imperfect,present
20,Estaba buscando,Estar buscando,1,0,0,imperfect,imperfect,SPA 3,control,Text_174,2,2,imperfect,imperfect
21,Hizo,Hacer,1,0,0,preterite,preterite,SPA 3,control,Text_174,1,1,preterit,preterit
22,Encontró,Encontrar,1,0,0,preterite,preterite,SPA 3,control,Text_174,1,1,preterit,preterit
23,Añadió,Añadir,1,0,0,preterite,preterite,SPA 3,control,Text_174,1,1,preterit,preterit
24,Intercambiaron,Intercambiar,1,0,0,preterite,preterite,SPA 3,control,Text_174,1,1,preterit,preterit
25,Llegar,Llegar,0,0,1,infinitive,preterite,SPA 3,control,Text_174,4,1,preterit,other
26,Vio,Ver,1,0,0,preterite,preterite,SPA 3,control,Text_174,1,1,preterit,preterit
27,Tuvo,Tener,0,0,1,preterite,imperfect,SPA 3,control,Text_174,1,2,imperfect,preterit
1,Se llama,Llamarse,1,0,0,present,present,SPA 3,control,Text_175,3,3,present,present
2,Se llamo,Llamarse,1,0,0,present,present,SPA 3,control,Text_175,3,3,present,present
3,Lleguo,Llegar,1,0,0,preterite,preterite,SPA 3,control,Text_175,1,1,preterit,preterit
4,Estudiar,Estudiar,1,0,0,infinitive,infinitive,SPA 3,control,Text_175,4,4,other,other
5,Estudiar,Estudiar,1,0,0,present,present,SPA 3,control,Text_175,3,3,present,present
6,Empezo,Empezar,1,0,0,preterite,preterite,SPA 3,control,Text_175,1,1,preterit,preterit
7,Estaba hablando,Hablar,1,0,0,imperfect,imperfect,SPA 3,control,Text_175,2,2,imperfect,imperfect
8,Estaba dejando,Dejar,1,0,0,imperfect,imperfect,SPA 3,control,Text_175,2,2,imperfect,imperfect
9,Encantaba,Encantar,1,0,0,imperfect,imperfect,SPA 3,control,Text_175,2,2,imperfect,imperfect
10,Decidio,Decidir,1,0,0,preterite,preterite,SPA 3,control,Text_175,1,1,preterit,preterit
11,Viajar,Viajar,1,0,0,infinitive,infinitive,SPA 3,control,Text_175,4,4,other,other
12,Tener,Tener,1,0,0,infinitive,infinitive,SPA 3,control,Text_175,4,4,other,other
13,Estaba,Estar,0,0,1,imperfect,preterite,SPA 3,control,Text_175,2,1,preterit,imperfect
14,Se llamaba,Llamarse,1,0,0,imperfect,imperfect,SPA 3,control,Text_175,2,2,imperfect,imperfect
15,Estaba hablando,Hablar,1,0,0,imperfect,imperfect,SPA 3,control,Text_175,2,2,imperfect,imperfect
16,Intercambiaron,Intercambiar,1,0,0,preterite,preterite,SPA 3,control,Text_175,1,1,preterit,preterit
17,Encontro,Encontrar,1,0,0,preterite,preterite,SPA 3,control,Text_175,1,1,preterit,preterit
18,Se llamaba,Llamarse,1,0,0,imperfect,imperfect,SPA 3,control,Text_175,2,2,imperfect,imperfect
19,Estaban,Estar,0,0,1,imperfect,preterite,SPA 3,control,Text_175,2,1,preterit,imperfect
20,Queria,Querer,1,0,0,imperfect,imperfect,SPA 3,control,Text_175,2,2,imperfect,imperfect
21,Hablar,Hablar,1,0,0,infinitive,infinitive,SPA 3,control,Text_175,4,4,other,other
22,Concocia,Conocer,0,0,1,imperfect,preterite,SPA 3,control,Text_175,2,1,preterit,imperfect
23,Iba,Ir,0,0,1,imperfect,preterite,SPA 3,control,Text_175,2,1,preterit,imperfect
24,Fue,Ir,1,0,0,preterite,preterite,SPA 3,control,Text_175,1,1,preterit,preterit
25,Bailar,Bailar,1,0,0,infinitive,infinitive,SPA 3,control,Text_175,4,4,other,other
26,Estaba,Estar,1,0,0,imperfect,imperfect,SPA 3,control,Text_175,2,2,imperfect,imperfect
27,Gustaba,Gustar,1,0,0,imperfect,imperfect,SPA 3,control,Text_175,2,2,imperfect,imperfect
29,Aprendio,Aprender,1,0,0,preterite,preterite,SPA 3,control,Text_175,1,1,preterit,preterit
30,Dice,Decir,1,0,0,present,present,SPA 3,control,Text_175,3,3,present,present
31,Eran,Ser,1,0,0,imperfect,imperfect,SPA 3,control,Text_175,2,2,imperfect,imperfect
32,Aprendia,Aprender,0,0,1,imperfect,preterite,SPA 3,control,Text_175,2,1,preterit,imperfect
33,Encontro,Encontrar,1,0,0,preterite,preterite,SPA 3,control,Text_175,1,1,preterit,preterit
34,Son,Ser,0,0,1,present,imperfect,SPA 3,control,Text_175,3,2,imperfect,present
35,Estaba,Estar,1,0,0,imperfect,imperfect,SPA 3,control,Text_175,2,2,imperfect,imperfect
36,Esta llorando,Llorar,1,0,0,imperfect,imperfect,SPA 3,control,Text_175,2,2,imperfect,imperfect
37,Dio,Dar,1,0,0,preterite,preterite,SPA 3,control,Text_175,1,1,preterit,preterit
2,Conoció,Conocer,1,0,0,preterite,preterite,SPA 3,control,Text_176,1,1,preterit,preterit
3,Perdió,Perder,1,0,0,preterite,preterite,SPA 3,control,Text_176,1,1,preterit,preterit
4,Aprendió,Aprender,1,0,0,preterite,preterite,SPA 3,control,Text_176,1,1,preterit,preterit
5,Comió,Comer,1,0,0,preterite,preterite,SPA 3,control,Text_176,1,1,preterit,preterit
6,Fue,Ser,1,0,0,preterite,preterite,SPA 3,control,Text_176,1,1,preterit,preterit
7,Fue,Ser,1,0,0,preterite,preterite,SPA 3,control,Text_176,1,1,preterit,preterit
8,Tenía,Tener,1,0,0,imperfect,imperfect,SPA 3,control,Text_176,2,2,imperfect,imperfect
9,Fueron,Ir,1,0,0,preterite,preterite,SPA 3,control,Text_176,1,1,preterit,preterit
10,Admiraon,Admirar,1,0,0,preterite,preterite,SPA 3,control,Text_176,1,1,preterit,preterit
11,Fieron,Ir,1,0,0,preterite,preterite,SPA 3,control,Text_176,1,1,preterit,preterit
12,Aprendió,Aprender,1,0,0,preterite,preterite,SPA 3,control,Text_176,1,1,preterit,preterit
13,Son,Ser,1,0,0,present,present,SPA 3,control,Text_176,3,3,present,present
14,Hay,Haber,1,0,0,present,present,SPA 3,control,Text_176,3,3,present,present
15,Comer,Comer,0,0,1,infinitive,ambiguous,SPA 3,control,Text_176,4,12,other,other
16,Están,Estar,1,0,0,present,present,SPA 3,control,Text_176,3,3,present,present
17,Pudo,Poder,1,0,0,preterite,preterite,SPA 3,control,Text_176,1,1,preterit,preterit
18,Mantenerse,Mantenerse,1,0,0,infinitive,infinitive,SPA 3,control,Text_176,4,4,other,other
19,Hizo,Hacer,1,0,0,preterite,preterite,SPA 3,control,Text_176,1,1,preterit,preterit
20,Regresó,Regresar,1,0,0,preterite,preterite,SPA 3,control,Text_176,1,1,preterit,preterit
21,Devolvió,Devolver,1,0,0,preterite,preterite,SPA 3,control,Text_176,1,1,preterit,preterit
1,Fue,Ir,1,0,0,preterite,preterite,SPA 3,control,Text_177,1,1,preterit,preterit
2,Era,Ser,1,0,0,imperfect,imperfect,SPA 3,control,Text_177,2,2,imperfect,imperfect
3,Había,Haber,1,0,0,imperfect,imperfect,SPA 3,control,Text_177,2,2,imperfect,imperfect
4,Hacé,Hacer,1,0,0,preterite,preterite,SPA 3,control,Text_177,1,1,preterit,preterit
5,Hablé,Hablar,1,0,0,preterite,preterite,SPA 3,control,Text_177,1,1,preterit,preterit
6,Llegaron,Llegar,1,0,0,preterite,preterite,SPA 3,control,Text_177,1,1,preterit,preterit
7,Tenía,Tener,1,0,0,imperfect,imperfect,SPA 3,control,Text_177,2,2,imperfect,imperfect
8,Es,Ser,0,0,1,present,imperfect,SPA 3,control,Text_177,3,2,imperfect,present
9,Tenía,Tener,0,0,1,imperfect,preterite,SPA 3,control,Text_177,2,1,preterit,imperfect
10,Gusta,Gustar,0,0,1,present,preterite,SPA 3,control,Text_177,3,1,preterit,present
11,Es,Ser,0,0,1,present,imperfect,SPA 3,control,Text_177,3,2,imperfect,present
12,Comí,Comer,1,0,0,preterite,preterite,SPA 3,control,Text_177,1,1,preterit,preterit
13,Tiene,Tener,0,0,1,present,preterite,SPA 3,control,Text_177,3,1,preterit,present
1,Va,Ir,1,0,0,present,present,SPA 3,control,Text_178,3,3,present,present
2,Perdió,Perder,1,0,0,preterite,preterite,SPA 3,control,Text_178,1,1,preterit,preterit
3,Tomó,Tomar,1,0,0,preterite,preterite,SPA 3,control,Text_178,1,1,preterit,preterit
4,Llegó,Llegar,1,0,0,preterite,preterite,SPA 3,control,Text_178,1,1,preterit,preterit
5,Buscaba,Buscar,0,0,1,imperfect,preterite,SPA 3,control,Text_178,2,1,preterit,imperfect
6,Conoció,Conocer,1,0,0,preterite,preterite,SPA 3,control,Text_178,1,1,preterit,preterit
7,Fue,Ir,1,0,0,preterite,preterite,SPA 3,control,Text_178,1,1,preterit,preterit
8,Encontró,Encontrar,1,0,0,preterite,preterite,SPA 3,control,Text_178,1,1,preterit,preterit
9,Conoció,Conocer,1,0,0,preterite,preterite,SPA 3,control,Text_178,1,1,preterit,preterit
10,Obtener,Obtener,1,0,0,infinitive,infinitive,SPA 3,control,Text_178,4,4,other,other
11,Tomó,Tomar,1,0,0,preterite,preterite,SPA 3,control,Text_178,1,1,preterit,preterit
1,Hay,Haber,1,0,0,present,present,SPA 3,control,Text_179,3,3,present,present
2,Es,Ser,1,0,0,present,present,SPA 3,control,Text_179,3,3,present,present
3,Viaja,Viajar,1,0,0,present,present,SPA 3,control,Text_179,3,3,present,present
4,Pierde,Perder,1,0,0,present,present,SPA 3,control,Text_179,3,3,present,present
5,Cuentra,Encontrar,1,0,0,present,present,SPA 3,control,Text_179,3,3,present,present
6,Son,Ser,1,0,0,present,present,SPA 3,control,Text_179,3,3,present,present
7,Hay,Haber,1,0,0,present,present,SPA 3,control,Text_179,3,3,present,present
9,Tiene pedir,Tener que pedir,1,0,0,present,present,SPA 3,control,Text_179,3,3,present,present
10,Es,Ser,1,0,0,present,present,SPA 3,control,Text_179,3,3,present,present
11,Es,Ser,1,0,0,present,present,SPA 3,control,Text_179,3,3,present,present
12,Ubicarse,Ubicarse,1,0,0,infinitive,infinitive,SPA 3,control,Text_179,4,4,other,other
13,Va,Ir,1,0,0,present,present,SPA 3,control,Text_179,3,3,present,present
14,Pide,Pedir,1,0,0,present,present,SPA 3,control,Text_179,3,3,present,present
15,Era,Ser,1,0,0,imperfect,imperfect,SPA 3,control,Text_179,2,2,imperfect,imperfect
16,Gusta,Gustar,1,0,0,present,present,SPA 3,control,Text_179,3,3,present,present
17,Practicar,Practicar,1,0,0,infinitive,infinitive,SPA 3,control,Text_179,4,4,other,other
18,Va a buscar,Ir a buscar,1,0,0,present,present,SPA 3,control,Text_179,3,3,present,present
19,Quiere,Querer,1,0,0,present,present,SPA 3,control,Text_179,3,3,present,present
20,Recuperar,Recuperar,1,0,0,infinitive,infinitive,SPA 3,control,Text_179,4,4,other,other
21,Obtiene,Obtener,1,0,0,present,present,SPA 3,control,Text_179,3,3,present,present
22,Camina,Caminar,1,0,0,present,present,SPA 3,control,Text_179,3,3,present,present
23,Llegar,Llegar,1,0,0,infinitive,infinitive,SPA 3,control,Text_179,4,4,other,other
24,Pierde,Perder,1,0,0,present,present,SPA 3,control,Text_179,3,3,present,present
25,Quiere,Querer,1,0,0,present,present,SPA 3,control,Text_179,3,3,present,present
26,Recuperar,Recuperar,1,0,0,infinitive,infinitive,SPA 3,control,Text_179,4,4,other,other
27,Es,Ser,1,0,0,present,present,SPA 3,control,Text_179,3,3,present,present
28,Quieren,Querer,1,0,0,present,present,SPA 3,control,Text_179,3,3,present,present
29,Se reunieron,Reunirse,0,0,1,preterite,infinitive,SPA 3,control,Text_179,1,4,other,preterit
30,Comer,Comer,1,0,0,infinitive,infinitive,SPA 3,control,Text_179,4,4,other,other
31,Toma,Tomar,1,0,0,present,present,SPA 3,control,Text_179,3,3,present,present
32,Estaba,Estar,0,0,1,imperfect,present,SPA 3,control,Text_179,2,3,present,imperfect
33,Fueron,Ir,0,0,1,preterite,present,SPA 3,control,Text_179,1,3,present,preterit
34,Era,Ser,0,0,1,imperfect,present,SPA 3,control,Text_179,2,3,present,imperfect
35,Bailar,Bailar,1,0,0,infinitive,infinitive,SPA 3,control,Text_179,4,4,other,other
36,Gusta,Gustar,1,0,0,present,present,SPA 3,control,Text_179,3,3,present,present
37,Acabo,Acabar,0,0,1,preterite,present,SPA 3,control,Text_179,1,3,present,preterit
38,Hay,Haber,1,0,0,present,present,SPA 3,control,Text_179,3,3,present,present
39,Hay,Haber,1,0,0,present,present,SPA 3,control,Text_179,3,3,present,present
40,Era,Ser,1,0,0,imperfect,imperfect,SPA 3,control,Text_179,2,2,imperfect,imperfect
41,Celebrando,Celebrar,0,0,1,gerund,ambiguous,SPA 3,control,Text_179,5,12,other,other
42,Se avergonzo,Avergonzarse,1,0,0,preterite,preterite,SPA 3,control,Text_179,1,1,preterit,preterit
43,Celebrando,Celebrar,0,0,1,gerund,ambiguous,SPA 3,control,Text_179,5,12,other,other
1,Hay,Haber,1,0,0,present,present,SPA 3,control,Text_180,3,3,present,present
2,Se llama,Llamarse,1,0,0,present,present,SPA 3,control,Text_180,3,3,present,present
3,Es,Ser,1,0,0,present,present,SPA 3,control,Text_180,3,3,present,present
4,Participó,Participar,0,0,1,preterite,present,SPA 3,control,Text_180,1,3,present,preterit
5,Es,Ser,1,0,0,present,present,SPA 3,control,Text_180,3,3,present,present
6,Está,Estar,1,0,0,present,present,SPA 3,control,Text_180,3,3,present,present
7,Vuela,Volar,1,0,0,present,present,SPA 3,control,Text_180,3,3,present,present
8,Viajar,Viajar,1,0,0,infinitive,infinitive,SPA 3,control,Text_180,4,4,other,other
9,Es,Ser,1,0,0,present,present,SPA 3,control,Text_180,3,3,present,present
10,Gusta,Gustar,1,0,0,present,present,SPA 3,control,Text_180,3,3,present,present
11,Conoció,Conocer,1,0,0,preterite,preterite,SPA 3,control,Text_180,1,1,preterit,preterit
12,Tienen,Tener,1,0,0,present,present,SPA 3,control,Text_180,3,3,present,present
13,Cambian,Cambiar,1,0,0,present,present,SPA 3,control,Text_180,3,3,present,present
14,Está,Estar,1,0,0,present,present,SPA 3,control,Text_180,3,3,present,present
15,Tiene,Tener,1,0,0,present,present,SPA 3,control,Text_180,3,3,present,present
16,Hace,Hacer,1,0,0,present,present,SPA 3,control,Text_180,3,3,present,present
17,Se llaman,Llamarse,1,0,0,present,present,SPA 3,control,Text_180,3,3,present,present
18,Ayudan,Ayudar,1,0,0,present,present,SPA 3,control,Text_180,3,3,present,present
19,Da,Dar,1,0,0,present,present,SPA 3,control,Text_180,3,3,present,present
20,Habla,Hablar,1,0,0,present,present,SPA 3,control,Text_180,3,3,present,present
21,Extraña,Extrañar,1,0,0,present,present,SPA 3,control,Text_180,3,3,present,present
22,Está,Estar,1,0,0,present,present,SPA 3,control,Text_180,3,3,present,present
23,Habla,Hablar,1,0,0,present,present,SPA 3,control,Text_180,3,3,present,present
24,Es,Ser,1,0,0,present,present,SPA 3,control,Text_180,3,3,present,present
26,Empacar,Empacar,1,0,0,infinitive,infinitive,SPA 3,control,Text_180,4,4,other,other
28,Sigue,Seguir,1,0,0,present,present,SPA 3,control,Text_180,3,3,present,present
29,Sabe,Saber,1,0,0,present,present,SPA 3,control,Text_180,3,3,present,present
30,Encontrar,Encontrar,1,0,0,infinitive,infinitive,SPA 3,control,Text_180,4,4,other,other
31,Encuentra,Encontrar,1,0,0,present,present,SPA 3,control,Text_180,3,3,present,present
32,Se llamado,Llamarse,1,0,0,present,present,SPA 3,control,Text_180,3,3,present,present
33,Vive,Vivir,1,0,0,present,present,SPA 3,control,Text_180,3,3,present,present
34,Es,Ser,1,0,0,present,present,SPA 3,control,Text_180,3,3,present,present
35,Habla,Hablar,1,0,0,present,present,SPA 3,control,Text_180,3,3,present,present
36,Se hace,Hacerse,1,0,0,present,present,SPA 3,control,Text_180,3,3,present,present
37,Toma,Tomar,1,0,0,present,present,SPA 3,control,Text_180,3,3,present,present
38,Se pierde,Perderse,1,0,0,present,present,SPA 3,control,Text_180,3,3,present,present
39,Pasa,Pasar,1,0,0,present,present,SPA 3,control,Text_180,3,3,present,present
40,Come,Comer,1,0,0,present,present,SPA 3,control,Text_180,3,3,present,present
41,Ca* (Va),Ir,1,0,0,present,present,SPA 3,control,Text_180,3,3,present,present
42,Se lo pasa,Pasarse,1,0,0,present,present,SPA 3,control,Text_180,3,3,present,present
43,Encuentra,Encontrar,1,0,0,present,present,SPA 3,control,Text_180,3,3,present,present
44,Recupera,Recuperar,1,0,0,present,present,SPA 3,control,Text_180,3,3,present,present
1,Vivía,Vivir,1,0,0,imperfect,imperfect,SPA 3,control,Text_181,2,2,imperfect,imperfect
2,Practicaba,Practicar,1,0,0,imperfect,imperfect,SPA 3,control,Text_181,2,2,imperfect,imperfect
3,Quería,Querer,1,0,0,imperfect,imperfect,SPA 3,control,Text_181,2,2,imperfect,imperfect
4,Estudiar,Estudiar,1,0,0,infinitive,infinitive,SPA 3,control,Text_181,4,4,other,other
5,Descubrió,Descubrir,1,0,0,preterite,preterite,SPA 3,control,Text_181,1,1,preterit,preterit
6,Asistió,Asistir,1,0,0,preterite,preterite,SPA 3,control,Text_181,1,1,preterit,preterit
7,Decidió,Decidir,1,0,0,preterite,preterite,SPA 3,control,Text_181,1,1,preterit,preterit
8,Ir,Ir,1,0,0,infinitive,infinitive,SPA 3,control,Text_181,4,4,other,other
9,Conoció,Conocer,1,0,0,preterite,preterite,SPA 3,control,Text_181,1,1,preterit,preterit
10,Hablaron,Hablar,1,0,0,preterite,preterite,SPA 3,control,Text_181,1,1,preterit,preterit
11,Saludaron,Saludar,1,0,0,preterite,preterite,SPA 3,control,Text_181,1,1,preterit,preterit
12,Dijo,Decir,0,0,1,preterite,imperfect,SPA 3,control,Text_181,1,2,imperfect,preterit
13,Llegó,Llegar,1,0,0,preterite,preterite,SPA 3,control,Text_181,1,1,preterit,preterit
14,Abrió,Abrir,1,0,0,preterite,preterite,SPA 3,control,Text_181,1,1,preterit,preterit
15,Descubrió,Descubrir,1,0,0,preterite,preterite,SPA 3,control,Text_181,1,1,preterit,preterit
16,Es,Ser,0,0,1,present,imperfect,SPA 3,control,Text_181,3,2,imperfect,present
17,Es,Ser,0,0,1,present,imperfect,SPA 3,control,Text_181,3,2,imperfect,present
18,Exploraron,Explorar,1,0,0,preterite,preterite,SPA 3,control,Text_181,1,1,preterit,preterit
19,Compraron,Comprar,1,0,0,preterite,preterite,SPA 3,control,Text_181,1,1,preterit,preterit
20,Fueron,Ir,1,0,0,preterite,preterite,SPA 3,control,Text_181,1,1,preterit,preterit
21,Recordó,Recordar,1,0,0,preterite,preterite,SPA 3,control,Text_181,1,1,preterit,preterit
22,Es,Ser,0,0,1,present,imperfect,SPA 3,control,Text_181,3,2,imperfect,present
23,Preguntó,Preguntar,1,0,0,preterite,preterite,SPA 3,control,Text_181,1,1,preterit,preterit
24,Descubrió,Descubrir,1,0,0,preterite,preterite,SPA 3,control,Text_181,1,1,preterit,preterit
27,Dio,Dar,1,0,0,preterite,preterite,SPA 3,control,Text_181,1,1,preterit,preterit
28,Tomó,Tomar,1,0,0,preterite,preterite,SPA 3,control,Text_181,1,1,preterit,preterit
29,Ir,Ir,1,0,0,infinitive,infinitive,SPA 3,control,Text_181,4,4,other,other
30,Abrió,Abrir,1,0,0,preterite,preterite,SPA 3,control,Text_181,1,1,preterit,preterit
31,Dijo,Decir,1,0,0,preterite,preterite,SPA 3,control,Text_181,1,1,preterit,preterit
32,Conoce,Conocer,0,0,1,present,imperfect,SPA 3,control,Text_181,3,2,imperfect,present
33,Invitó,Invitar,1,0,0,preterite,preterite,SPA 3,control,Text_181,1,1,preterit,preterit
34,Ir,Ir,1,0,0,infinitive,infinitive,SPA 3,control,Text_181,4,4,other,other
35,Fue,Ir,1,0,0,preterite,preterite,SPA 3,control,Text_181,1,1,preterit,preterit
36,Fueron,Ir,1,0,0,preterite,preterite,SPA 3,control,Text_181,1,1,preterit,preterit
37,Recibió,Recibir,1,0,0,preterite,preterite,SPA 3,control,Text_181,1,1,preterit,preterit
38,Aceptó,Aceptar,1,0,0,preterite,preterite,SPA 3,control,Text_181,1,1,preterit,preterit
39,Creó,Crear,0,0,1,preterite,pluperfect,SPA 3,control,Text_181,1,6,other,preterit
40,Estuvieron,Estar,1,0,0,preterite,preterite,SPA 3,control,Text_181,1,1,preterit,preterit
41,Ir,Ir,1,0,0,infinitive,infinitive,SPA 3,control,Text_181,4,4,other,other
42,Intercambiar,Intercambiar,1,0,0,infinitive,infinitive,SPA 3,control,Text_181,4,4,other,other
43,Intercambiaron,Intercambiar,1,0,0,preterite,preterite,SPA 3,control,Text_181,1,1,preterit,preterit
44,Llegó,Llegar,1,0,0,preterite,preterite,SPA 3,control,Text_181,1,1,preterit,preterit
45,Abrió,Abrir,1,0,0,preterite,preterite,SPA 3,control,Text_181,1,1,preterit,preterit
46,Descubrió,Descubrir,1,0,0,preterite,preterite,SPA 3,control,Text_181,1,1,preterit,preterit
47,Es,Ser,0,0,1,present,imperfect,SPA 3,control,Text_181,3,2,imperfect,present
1,Está,Estar,0,0,1,present,imperfect,SPA 3,control,Text_182,3,2,imperfect,present
2,Decidió,Decidir,1,0,0,preterite,preterite,SPA 3,control,Text_182,1,1,preterit,preterit
3,Estudiar,Estudiar,1,0,0,infinitive,infinitive,SPA 3,control,Text_182,4,4,other,other
4,Habló,Hablar,1,0,0,preterite,preterite,SPA 3,control,Text_182,1,1,preterit,preterit
5,Era,Ser,1,0,0,imperfect,imperfect,SPA 3,control,Text_182,2,2,imperfect,imperfect
6,Está,Estar,0,0,1,present,preterite,SPA 3,control,Text_182,3,1,preterit,present
7,Dio,Dar,1,0,0,preterite,preterite,SPA 3,control,Text_182,1,1,preterit,preterit
8,Vive,Vivir,0,0,1,present,imperfect,SPA 3,control,Text_182,3,2,imperfect,present
9,Tienen,Tener,0,0,1,present,imperfect,SPA 3,control,Text_182,3,2,imperfect,present
10,Está,Estar,0,0,1,present,preterite,SPA 3,control,Text_182,3,1,preterit,present
11,Se da,Darse,0,0,1,present,preterite,SPA 3,control,Text_182,3,1,preterit,present
12,Está,Estar,0,0,1,present,imperfect,SPA 3,control,Text_182,3,2,imperfect,present
13,Está,Estar,0,0,1,present,imperfect,SPA 3,control,Text_182,3,2,imperfect,present
14,Tienen,Tener,0,0,1,present,imperfect,SPA 3,control,Text_182,3,2,imperfect,present
15,Tuve comprar,Tener que comprar,1,0,0,preterite,preterite,SPA 3,control,Text_182,1,1,preterit,preterit
16,Exploraba,Explorar,0,0,1,imperfect,preterite,SPA 3,control,Text_182,2,1,preterit,imperfect
17,Aprendió,Aprender,1,0,0,preterite,preterite,SPA 3,control,Text_182,1,1,preterit,preterit
18,Comió,Comer,0,0,1,preterite,imperfect,SPA 3,control,Text_182,1,2,imperfect,preterit
19,Reconoció,Reconocer,1,0,0,preterite,preterite,SPA 3,control,Text_182,1,1,preterit,preterit
20,Fue a mirar,Ir a mirar,1,0,0,preterite,preterite,SPA 3,control,Text_182,1,1,preterit,preterit
21,Habla,Hablar,0,0,1,present,preterite,SPA 3,control,Text_182,3,1,preterit,present
22,Pensaba,Pensar,1,0,0,imperfect,imperfect,SPA 3,control,Text_182,2,2,imperfect,imperfect
23,Es,Ser,0,0,1,present,imperfect,SPA 3,control,Text_182,3,2,imperfect,present
24,Invitó,Invitar,1,0,0,preterite,preterite,SPA 3,control,Text_182,1,1,preterit,preterit
25,Fue,Ir,1,0,0,preterite,preterite,SPA 3,control,Text_182,1,1,preterit,preterit
26,Fueron,Ir,1,0,0,preterite,preterite,SPA 3,control,Text_182,1,1,preterit,preterit
27,Bailaron,Bailar,1,0,0,preterite,preterite,SPA 3,control,Text_182,1,1,preterit,preterit
28,Está,Estar,0,0,1,present,imperfect,SPA 3,control,Text_182,3,2,imperfect,present
30,Dormir,Dormir,1,0,0,infinitive,infinitive,SPA 3,control,Text_182,4,4,other,other
31,Duerme,Dormir,0,0,1,present,preterite,SPA 3,control,Text_182,3,1,preterit,present
32,Fue,Ir,1,0,0,preterite,preterite,SPA 3,control,Text_182,1,1,preterit,preterit
33,Está,Estar,0,0,1,present,imperfect,SPA 3,control,Text_182,3,2,imperfect,present
34,Tiene,Tener,0,0,1,present,imperfect,SPA 3,control,Text_182,3,2,imperfect,present
35,Quiere,Querer,0,0,1,present,imperfect,SPA 3,control,Text_182,3,2,imperfect,present
37,Dar,Dar,1,0,0,infinitive,infinitive,SPA 3,control,Text_182,4,4,other,other
38,Está,Estar,0,0,1,present,imperfect,SPA 3,control,Text_182,3,2,imperfect,present
39,Jugar,Jugar,0,0,1,infinitive,noun,SPA 3,control,Text_182,4,1000,other,other
40,Invita,Invitar,0,0,1,present,preterite,SPA 3,control,Text_182,3,1,preterit,present
41,Jugar,Jugar,0,0,1,infinitive,noun,SPA 3,control,Text_182,4,1000,other,other
42,Contacto,Contactar,1,0,0,preterite,preterite,SPA 3,control,Text_182,1,1,preterit,preterit
43,Pudieron,Poder,1,0,0,preterite,preterite,SPA 3,control,Text_182,1,1,preterit,preterit
44,Intercambiarse,Intercambiarse,1,0,0,infinitive,infinitive,SPA 3,control,Text_182,4,4,other,other
1,Viajó,Viajar,1,0,0,preterite,preterite,SPA 3,control,Text_183,1,1,preterit,preterit
2,Estudiar,Estudiar,1,0,0,infinitive,infinitive,SPA 3,control,Text_183,4,4,other,other
3,Llegó,Llegar,1,0,0,preterite,preterite,SPA 3,control,Text_183,1,1,preterit,preterit
4,Abrió,Abrir,1,0,0,preterite,preterite,SPA 3,control,Text_183,1,1,preterit,preterit
5,Dio cuenta,Darse cuenta,1,0,0,preterite,preterite,SPA 3,control,Text_183,1,1,preterit,preterit
6,Era,Ser,1,0,0,imperfect,imperfect,SPA 3,control,Text_183,2,2,imperfect,imperfect
7,Era,Ser,1,0,0,imperfect,imperfect,SPA 3,control,Text_183,2,2,imperfect,imperfect
8,Se sentaba,Sentarse,0,0,1,imperfect,preterite,SPA 3,control,Text_183,2,1,preterit,imperfect
9,Conoció,Conocer,1,0,0,preterite,preterite,SPA 3,control,Text_183,1,1,preterit,preterit
10,Pasó,Pasar,1,0,0,preterite,preterite,SPA 3,control,Text_183,1,1,preterit,preterit
11,Tuvieron,Tener,1,0,0,preterite,preterite,SPA 3,control,Text_183,1,1,preterit,preterit
12,Fueron,Ir,1,0,0,preterite,preterite,SPA 3,control,Text_183,1,1,preterit,preterit
13,Se encontró,Encontrarse,1,0,0,preterite,preterite,SPA 3,control,Text_183,1,1,preterit,preterit
14,Recuperó,Recuperar,1,0,0,preterite,preterite,SPA 3,control,Text_183,1,1,preterit,preterit
1,Prepara,Preparar,1,0,0,present,present,SPA 3,control,Text_184,3,3,present,present
2,Está,Estar,1,0,0,present,present,SPA 3,control,Text_184,3,3,present,present
3,Está,Estar,1,0,0,present,present,SPA 3,control,Text_184,3,3,present,present
4,Conoce,Conocer,1,0,0,present,present,SPA 3,control,Text_184,3,3,present,present
5,Da cuenta,Darse cuenta,1,0,0,present,present,SPA 3,control,Text_184,3,3,present,present
6,Tiene,Tener,1,0,0,present,present,SPA 3,control,Text_184,3,3,present,present
7,Es,Ser,1,0,0,present,present,SPA 3,control,Text_184,3,3,present,present
8,Conoce,Conocer,1,0,0,present,present,SPA 3,control,Text_184,3,3,present,present
9,Conoce,Conocer,1,0,0,present,present,SPA 3,control,Text_184,3,3,present,present
10,Conoce,Conocer,1,0,0,present,present,SPA 3,control,Text_184,3,3,present,present
11,Es,Ser,1,0,0,present,present,SPA 3,control,Text_184,3,3,present,present
12,Tiene,Tener,1,0,0,present,present,SPA 3,control,Text_184,3,3,present,present
13,Conoce,Conocer,1,0,0,present,present,SPA 3,control,Text_184,3,3,present,present
14,Tienen,Tener,1,0,0,present,present,SPA 3,control,Text_184,3,3,present,present
1,Quería,Querer,1,0,0,imperfect,imperfect,SPA 3,intervention,Text_185,2,2,imperfect,imperfect
2,Practicar,Practicar,1,0,0,infinitive,infinitive,SPA 3,intervention,Text_185,4,4,other,other
3,Decidió,Decidir,1,0,0,preterite,preterite,SPA 3,intervention,Text_185,1,1,preterit,preterit
4,Viajar,Viajar,1,0,0,infinitive,infinitive,SPA 3,intervention,Text_185,4,4,other,other
5,Encontró,Encontrar,1,0,0,preterite,preterite,SPA 3,intervention,Text_185,1,1,preterit,preterit
6,Se llamaba,Llamarse,1,0,0,imperfect,imperfect,SPA 3,intervention,Text_185,2,2,imperfect,imperfect
7,Encontró,Encontrar,1,0,0,preterite,preterite,SPA 3,intervention,Text_185,1,1,preterit,preterit
8,Notó,Notar,1,0,0,preterite,preterite,SPA 3,intervention,Text_185,1,1,preterit,preterit
9,Tiene,Tener,0,0,1,present,imperfect,SPA 3,intervention,Text_185,3,2,imperfect,present
10,Encontraron,Encontrar,1,0,0,preterite,preterite,SPA 3,intervention,Text_185,1,1,preterit,preterit
11,Buscó,Buscar,1,0,0,preterite,preterite,SPA 3,intervention,Text_185,1,1,preterit,preterit
12,Encontró,Encontrar,1,0,0,preterite,preterite,SPA 3,intervention,Text_185,1,1,preterit,preterit
13,Fueron,Ir,1,0,0,preterite,preterite,SPA 3,intervention,Text_185,1,1,preterit,preterit
14,Fueron,Ir,1,0,0,preterite,preterite,SPA 3,intervention,Text_185,1,1,preterit,preterit
15,Invitaron,Invitar,1,0,0,preterite,preterite,SPA 3,intervention,Text_185,1,1,preterit,preterit
16,Dijo,Decir,1,0,0,preterite,preterite,SPA 3,intervention,Text_185,1,1,preterit,preterit
17,Tuvo,Tener,0,0,1,preterite,imperfect,SPA 3,intervention,Text_185,1,2,imperfect,preterit
18,Salir,Salir,1,0,0,infinitive,infinitive,SPA 3,intervention,Text_185,4,4,other,other
19,Llamar,Llamar,1,0,0,infinitive,infinitive,SPA 3,intervention,Text_185,4,4,other,other
20,Recibió,Recibir,1,0,0,preterite,preterite,SPA 3,intervention,Text_185,1,1,preterit,preterit
21,Se unió,Unirse,0,0,1,preterite,infinitive,SPA 3,intervention,Text_185,1,4,other,preterit
22,Encontraron,Encontrarse,1,0,0,preterite,preterite,SPA 3,intervention,Text_185,1,1,preterit,preterit
23,Anunció,Anunciar,1,0,0,preterite,preterite,SPA 3,intervention,Text_185,1,1,preterit,preterit
24,Están,Estar,0,0,1,present,imperfect,SPA 3,intervention,Text_185,3,2,imperfect,present
25,Intercambiaron,Intercambiar,1,0,0,preterite,preterite,SPA 3,intervention,Text_185,1,1,preterit,preterit
26,Recibió,Recibir,1,0,0,preterite,preterite,SPA 3,intervention,Text_185,1,1,preterit,preterit
1,Fue,NA,1,0,0,preterite,preterite,SPA 3,intervention,Text_186,1,1,preterit,preterit
2,Estudiar,NA,1,0,0,infinitive,infinitive,SPA 3,intervention,Text_186,4,4,other,other
3,Conoció,NA,1,0,0,preterite,preterite,SPA 3,intervention,Text_186,1,1,preterit,preterit
4,Se llama,NA,1,0,0,present,present,SPA 3,intervention,Text_186,3,3,present,present
5,Salieron,NA,1,0,0,preterite,preterite,SPA 3,intervention,Text_186,1,1,preterit,preterit
6,Tomó,NA,1,0,0,preterite,preterite,SPA 3,intervention,Text_186,1,1,preterit,preterit
7,Es,ser,0,0,1,present,imperfect,SPA 3,intervention,Text_186,3,2,imperfect,present
8,Podía,NA,1,0,0,imperfect,imperfect,SPA 3,intervention,Text_186,2,2,imperfect,imperfect
9,Encontrar,NA,1,0,0,infinitive,infinitive,SPA 3,intervention,Text_186,4,4,other,other
10,Tomó,NA,1,0,0,preterite,preterite,SPA 3,intervention,Text_186,1,1,preterit,preterit
11,Conoció,NA,1,0,0,preterite,preterite,SPA 3,intervention,Text_186,1,1,preterit,preterit
12,Fue,NA,1,0,0,preterite,preterite,SPA 3,intervention,Text_186,1,1,preterit,preterit
14,Era,NA,1,0,0,imperfect,imperfect,SPA 3,intervention,Text_186,2,2,imperfect,imperfect
15,Gritó,NA,1,0,0,preterite,preterite,SPA 3,intervention,Text_186,1,1,preterit,preterit
16,Estaba,NA,1,0,0,imperfect,imperfect,SPA 3,intervention,Text_186,2,2,imperfect,imperfect
17,Encontró,NA,1,0,0,preterite,preterite,SPA 3,intervention,Text_186,1,1,preterit,preterit
18,Fue,NA,1,0,0,preterite,preterite,SPA 3,intervention,Text_186,1,1,preterit,preterit
19,Cambiar,NA,1,0,0,infinitive,infinitive,SPA 3,intervention,Text_186,4,4,other,other
20,Llegó,NA,1,0,0,preterite,preterite,SPA 3,intervention,Text_186,1,1,preterit,preterit
21,Dijeron,NA,1,0,0,preterite,preterite,SPA 3,intervention,Text_186,1,1,preterit,preterit
22,Estaban,NA,1,0,0,imperfect,imperfect,SPA 3,intervention,Text_186,2,2,imperfect,imperfect
23,Estaba,NA,1,0,0,imperfect,imperfect,SPA 3,intervention,Text_186,2,2,imperfect,imperfect
24,Celebraron,NA,1,0,0,preterite,preterite,SPA 3,intervention,Text_186,1,1,preterit,preterit
25,Tuve,NA,0,0,1,preterite,imperfect,SPA 3,intervention,Text_186,1,2,imperfect,preterit
1,Se va,Irse,1,0,0,present,present,SPA 3,intervention,Text_187,3,3,present,present
2,Decidió,Decidir,1,0,0,preterite,preterite,SPA 3,intervention,Text_187,1,1,preterit,preterit
3,Quería,Querer,1,0,0,imperfect,imperfect,SPA 3,intervention,Text_187,2,2,imperfect,imperfect
4,Viajar,Viajar,1,0,0,infinitive,infinitive,SPA 3,intervention,Text_187,4,4,other,other
5,Estudiar,Estudiar,1,0,0,infinitive,infinitive,SPA 3,intervention,Text_187,4,4,other,other
6,Preparó,Prepararse,1,0,0,preterite,preterite,SPA 3,intervention,Text_187,1,1,preterit,preterit
7,Practicó,Practicar,1,0,0,preterite,preterite,SPA 3,intervention,Text_187,1,1,preterit,preterit
8,Pudo,Poder,1,0,0,preterite,preterite,SPA 3,intervention,Text_187,1,1,preterit,preterit
9,Ir,Ir,1,0,0,infinitive,infinitive,SPA 3,intervention,Text_187,4,4,other,other
10,Tenía,Tener,1,0,0,imperfect,imperfect,SPA 3,intervention,Text_187,2,2,imperfect,imperfect
11,Recogieron,Recoger,1,0,0,preterite,preterite,SPA 3,intervention,Text_187,1,1,preterit,preterit
12,Conoció,Conocer,1,0,0,preterite,preterite,SPA 3,intervention,Text_187,1,1,preterit,preterit
13,Estaba,Estar,1,0,0,imperfect,imperfect,SPA 3,intervention,Text_187,2,2,imperfect,imperfect
14,Levantó,Levantar,1,0,0,preterite,preterite,SPA 3,intervention,Text_187,1,1,preterit,preterit
15,Estaba,Estar,1,0,0,imperfect,imperfect,SPA 3,intervention,Text_187,2,2,imperfect,imperfect
16,Pensando,Pesar,1,0,0,gerund,gerund,SPA 3,intervention,Text_187,5,5,other,other
17,Llegó,Llegar,1,0,0,preterite,preterite,SPA 3,intervention,Text_187,1,1,preterit,preterit
18,Se dio cuenta,Darse cuenta,1,0,0,preterite,preterite,SPA 3,intervention,Text_187,1,1,preterit,preterit
19,Levantó,Levantar,1,0,0,preterite,preterite,SPA 3,intervention,Text_187,1,1,preterit,preterit
20,Pertenecía,Pertenecer,1,0,0,imperfect,imperfect,SPA 3,intervention,Text_187,2,2,imperfect,imperfect
21,Estuvo,Estar,0,0,1,preterite,imperfect,SPA 3,intervention,Text_187,1,2,imperfect,preterit
22,Buscaba,Buscar,1,0,0,imperfect,imperfect,SPA 3,intervention,Text_187,2,2,imperfect,imperfect
23,Quería,Querer,1,0,0,imperfect,imperfect,SPA 3,intervention,Text_187,2,2,imperfect,imperfect
24,Intercambiar,Intercambiar,1,0,0,infinitive,infinitive,SPA 3,intervention,Text_187,4,4,other,other
25,Podía,Poder,1,0,0,imperfect,imperfect,SPA 3,intervention,Text_187,2,2,imperfect,imperfect
26,Encontrar,Encontrar,1,0,0,infinitive,infinitive,SPA 3,intervention,Text_187,4,4,other,other
27,Encontraba,Encontrar,1,0,0,imperfect,imperfect,SPA 3,intervention,Text_187,2,2,imperfect,imperfect
28,Encontró,Encontrar,1,0,0,preterite,preterite,SPA 3,intervention,Text_187,1,1,preterit,preterit
29,Pudieron,Poder,1,0,0,preterite,preterite,SPA 3,intervention,Text_187,1,1,preterit,preterit
30,Intercambiar,Intercambiar,1,0,0,infinitive,infinitive,SPA 3,intervention,Text_187,4,4,other,other
31,Se hicieron,Hacerse,1,0,0,preterite,preterite,SPA 3,intervention,Text_187,1,1,preterit,preterit
32,Tomó,Tomar,1,0,0,preterite,preterite,SPA 3,intervention,Text_187,1,1,preterit,preterit
1,Era,Ser,1,0,0,imperfect,imperfect,SPA 3,intervention,Text_188,2,2,imperfect,imperfect
2,Conoció,Conocer,1,0,0,preterite,preterite,SPA 3,intervention,Text_188,1,1,preterit,preterit
3,Probó,Probar,1,0,0,preterite,preterite,SPA 3,intervention,Text_188,1,1,preterit,preterit
4,Perdió,Perder,1,0,0,preterite,preterite,SPA 3,intervention,Text_188,1,1,preterit,preterit
5,Es,Ser,1,0,0,present,present,SPA 3,intervention,Text_188,3,3,present,present
6,Tratando,Tratar,1,0,0,gerund,gerund,SPA 3,intervention,Text_188,5,5,other,other
7,Encontrar,Encontrar,1,0,0,infinitive,infinitive,SPA 3,intervention,Text_188,4,4,other,other
8,Tiene,Tener,1,0,0,present,present,SPA 3,intervention,Text_188,3,3,present,present
9,Va,Ir,1,0,0,present,present,SPA 3,intervention,Text_188,3,3,present,present
10,Es,Ser,1,0,0,present,present,SPA 3,intervention,Text_188,3,3,present,present
11,Se encuentra,Encontrar,1,0,0,present,present,SPA 3,intervention,Text_188,3,3,present,present
12,Va,Ir,1,0,0,present,present,SPA 3,intervention,Text_188,3,3,present,present
13,Se duerme,Dormirse,1,0,0,present,present,SPA 3,intervention,Text_188,3,3,present,present
14,Va,Ir,1,0,0,present,present,SPA 3,intervention,Text_188,3,3,present,present
15,Anima,Animar,1,0,0,present,present,SPA 3,intervention,Text_188,3,3,present,present
16,Se reúne,Reunirse,1,0,0,present,present,SPA 3,intervention,Text_188,3,3,present,present
17,Recupera,Recuperar,1,0,0,present,present,SPA 3,intervention,Text_188,3,3,present,present
1,Va,Ir,1,0,0,present,present,SPA 3,intervention,Text_189,3,3,present,present
2,Tiene,Tener,1,0,0,present,present,SPA 3,intervention,Text_189,3,3,present,present
3,Decidió,Decidir,1,0,0,preterite,preterite,SPA 3,intervention,Text_189,1,1,preterit,preterit
4,Quería,Querer,1,0,0,imperfect,imperfect,SPA 3,intervention,Text_189,2,2,imperfect,imperfect
5,Ir,Ir,1,0,0,infinitive,infinitive,SPA 3,intervention,Text_189,4,4,other,other
6,Ayudó,Ayudar,1,0,0,preterite,preterite,SPA 3,intervention,Text_189,1,1,preterit,preterit
7,Aprender,Aprender,1,0,0,infinitive,infinitive,SPA 3,intervention,Text_189,4,4,other,other
8,Conoció,Conocer,1,0,0,preterite,preterite,SPA 3,intervention,Text_189,1,1,preterit,preterit
9,Es,Ser,0,0,1,present,imperfect,SPA 3,intervention,Text_189,3,2,imperfect,present
10,Estudió,Estudiar,1,0,0,preterite,preterite,SPA 3,intervention,Text_189,1,1,preterit,preterit
11,Llegó,Llegar,1,0,0,preterite,preterite,SPA 3,intervention,Text_189,1,1,preterit,preterit
12,Estaba,Estar,1,0,0,imperfect,imperfect,SPA 3,intervention,Text_189,2,2,imperfect,imperfect
13,Conocer,Conocer,1,0,0,infinitive,infinitive,SPA 3,intervention,Text_189,4,4,other,other
14,Llegó,Llegar,1,0,0,preterite,preterite,SPA 3,intervention,Text_189,1,1,preterit,preterit
15,Vio,Ver,1,0,0,preterite,preterite,SPA 3,intervention,Text_189,1,1,preterit,preterit
16,Se había equivocado,Equivocarse,1,0,0,pluperfect,pluperfect,SPA 3,intervention,Text_189,6,6,other,other
17,Conoció,Conocer,1,0,0,preterite,preterite,SPA 3,intervention,Text_189,1,1,preterit,preterit
18,Fue,Ir,1,0,0,preterite,preterite,SPA 3,intervention,Text_189,1,1,preterit,preterit
19,Dio,Dar,1,0,0,preterite,ambiguous,SPA 3,intervention,Text_189,1,12,other,preterit
20,Llegó,Llegar,1,0,0,preterite,preterite,SPA 3,intervention,Text_189,1,1,preterit,preterit
21,Vivía,Vivir,1,0,0,imperfect,imperfect,SPA 3,intervention,Text_189,2,2,imperfect,imperfect
22,Invitó,Invitar,1,0,0,preterite,preterite,SPA 3,intervention,Text_189,1,1,preterit,preterit
23,Ir,Ir,1,0,0,infinitive,infinitive,SPA 3,intervention,Text_189,4,4,other,other
24,Bailar,Bailar,1,0,0,infinitive,infinitive,SPA 3,intervention,Text_189,4,4,other,other
25,Hizo,Hacer,1,0,0,preterite,preterite,SPA 3,intervention,Text_189,1,1,preterit,preterit
26,Aprendió,Aprender,1,0,0,preterite,preterite,SPA 3,intervention,Text_189,1,1,preterit,preterit
27,Llegó,Llegar,1,0,0,preterite,preterite,SPA 3,intervention,Text_189,1,1,preterit,preterit
28,Ir,Ir,1,0,0,infinitive,infinitive,SPA 3,intervention,Text_189,4,4,other,other
29,Se conectó,Conectarse,1,0,0,preterite,preterite,SPA 3,intervention,Text_189,1,1,preterit,preterit
30,Recuperar,Recuperar,1,0,0,infinitive,infinitive,SPA 3,intervention,Text_189,4,4,other,other
31,Llegaba,Llegar,0,0,1,imperfect,preterite,SPA 3,intervention,Text_189,2,1,preterit,imperfect
32,Se habían equivocado,Equivocarse,1,0,0,pluperfect,pluperfect,SPA 3,intervention,Text_189,6,6,other,other
33,Es,Ser,1,0,0,present,present,SPA 3,intervention,Text_189,3,3,present,present
1,Estudió,Estudiar,1,0,0,preterite,preterite,SPA 3,intervention,Text_190,1,1,preterit,preterit
2,Fue a viajar,Ir a viajar,1,0,0,preterite,preterite,SPA 3,intervention,Text_190,1,1,preterit,preterit
3,Ayudó,Ayudar,1,0,0,preterite,preterite,SPA 3,intervention,Text_190,1,1,preterit,preterit
4,Fue,Ir a viajar,1,0,0,preterite,preterite,SPA 3,intervention,Text_190,1,1,preterit,preterit
5,Estuvo,Estar,0,0,1,preterite,imperfect,SPA 3,intervention,Text_190,1,2,imperfect,preterit
6,Estuvo,Estar,0,0,1,preterite,imperfect,SPA 3,intervention,Text_190,1,2,imperfect,preterit
7,Comieron,Comer,1,0,0,preterite,preterite,SPA 3,intervention,Text_190,1,1,preterit,preterit
8,Fue,Ir,1,0,0,preterite,preterite,SPA 3,intervention,Text_190,1,1,preterit,preterit
9,Ayudó,Ayudar,1,0,0,preterite,preterite,SPA 3,intervention,Text_190,1,1,preterit,preterit
10,Llegó,Llegar,1,0,0,preterite,preterite,SPA 3,intervention,Text_190,1,1,preterit,preterit
11,Estuvo,Estar,0,0,1,preterite,imperfect,SPA 3,intervention,Text_190,1,2,imperfect,preterit
12,Iba,Ir,0,0,1,imperfect,preterite,SPA 3,intervention,Text_190,2,1,preterit,imperfect
13,Fue,Ir,0,0,1,preterite,imperfect,SPA 3,intervention,Text_190,1,2,imperfect,preterit
14,Fue,Ir,0,0,1,preterite,imperfect,SPA 3,intervention,Text_190,1,2,imperfect,preterit
15,Pidó,Pedir,1,0,0,preterite,preterite,SPA 3,intervention,Text_190,1,1,preterit,preterit
16,Necesitó,Necesitar,0,0,1,preterite,imperfect,SPA 3,intervention,Text_190,1,2,imperfect,preterit
17,Buscar,Buscar,1,0,0,infinitive,infinitive,SPA 3,intervention,Text_190,4,4,other,other
18,Regresó,Regresar,0,0,1,preterite,ambiguous,SPA 3,intervention,Text_190,1,12,other,preterit
19,Fueron,Ir,1,0,0,preterite,preterite,SPA 3,intervention,Text_190,1,1,preterit,preterit
20,Vieron,Ver,1,0,0,preterite,preterite,SPA 3,intervention,Text_190,1,1,preterit,preterit
21,Estaban,Estar,1,0,0,imperfect,imperfect,SPA 3,intervention,Text_190,2,2,imperfect,imperfect
22,Era buscando,Estar buscando,1,0,0,imperfect,imperfect,SPA 3,intervention,Text_190,2,2,imperfect,imperfect
23,Hablaron,Hablar,1,0,0,preterite,preterite,SPA 3,intervention,Text_190,1,1,preterit,preterit
24,Se sentían,Sentirse,1,0,0,imperfect,imperfect,SPA 3,intervention,Text_190,2,2,imperfect,imperfect
25,Consiguió,Conseguir,1,0,0,preterite,preterite,SPA 3,intervention,Text_190,1,1,preterit,preterit
26,Regresó,Regresar,1,0,0,preterite,preterite,SPA 3,intervention,Text_190,1,1,preterit,preterit
27,Había tomar,Tomar,0,0,1,imperfect,pluperfect,SPA 3,intervention,Text_190,2,6,other,imperfect
1,Quiso,Querer,0,0,1,preterite,imperfect,SPA 3,intervention,Text_191,1,2,imperfect,preterit
2,Ir,Ir,1,0,0,infinitive,infinitive,SPA 3,intervention,Text_191,4,4,other,other
3,Tenía,Tener,1,0,0,imperfect,imperfect,SPA 3,intervention,Text_191,2,2,imperfect,imperfect
4,Van,Ir,0,0,1,present,preterite,SPA 3,intervention,Text_191,3,1,preterit,present
5,Recibir,Recibir,1,0,0,infinitive,infinitive,SPA 3,intervention,Text_191,4,4,other,other
6,Viajar,Viajar,0,0,1,infinitive,preterite,SPA 3,intervention,Text_191,4,1,preterit,other
7,Encontró,Encontrar,1,0,0,preterite,preterite,SPA 3,intervention,Text_191,1,1,preterit,preterit
8,Tenía,Tener,0,0,1,imperfect,pluperfect,SPA 3,intervention,Text_191,2,6,other,imperfect
9,Son,Ser,0,0,1,present,preterite,SPA 3,intervention,Text_191,3,1,preterit,present
10,Sé,Saber,0,0,1,present,imperfect,SPA 3,intervention,Text_191,3,2,imperfect,present
11,Llegó,Llegar,1,0,0,preterite,preterite,SPA 3,intervention,Text_191,1,1,preterit,preterit
12,Tuve,Tener,0,0,1,preterite,imperfect,SPA 3,intervention,Text_191,1,2,imperfect,preterit
13,Es,Ser,0,0,1,present,imperfect,SPA 3,intervention,Text_191,3,2,imperfect,present
14,Iban,Ir,0,0,1,imperfect,preterite,SPA 3,intervention,Text_191,2,1,preterit,imperfect
15,Compraron,Comprar,0,0,1,preterite,infinitive,SPA 3,intervention,Text_191,1,4,other,preterit
16,Vio,Ver,1,0,0,preterite,preterite,SPA 3,intervention,Text_191,1,1,preterit,preterit
17,Sabía,Saber,1,0,0,imperfect,imperfect,SPA 3,intervention,Text_191,2,2,imperfect,imperfect
18,Hablar,Hablar,0,0,1,infinitive,preterite,SPA 3,intervention,Text_191,4,1,preterit,other
19,Indicó,Indicar,1,0,0,preterite,preterite,SPA 3,intervention,Text_191,1,1,preterit,preterit
20,Vivir,Vivir,0,0,1,infinitive,imperfect,SPA 3,intervention,Text_191,4,2,imperfect,other
21,Es,Ser,0,0,1,present,imperfect,SPA 3,intervention,Text_191,3,2,imperfect,present
22,Vivó,Vivir,0,0,1,preterite,imperfect,SPA 3,intervention,Text_191,1,2,imperfect,preterit
23,Invitó,Invitar,1,0,0,preterite,preterite,SPA 3,intervention,Text_191,1,1,preterit,preterit
24,Sintieron,Sentir,1,0,0,preterite,preterite,SPA 3,intervention,Text_191,1,1,preterit,preterit
25,Era,Ser,1,0,0,imperfect,imperfect,SPA 3,intervention,Text_191,2,2,imperfect,imperfect
26,Iban,Ir,0,0,1,imperfect,preterite,SPA 3,intervention,Text_191,2,1,preterit,imperfect
27,Recibió,Recibir,1,0,0,preterite,preterite,SPA 3,intervention,Text_191,1,1,preterit,preterit
28,Era,Ser,1,0,0,imperfect,imperfect,SPA 3,intervention,Text_191,2,2,imperfect,imperfect
29,Hablaron,Hablar,1,0,0,preterite,preterite,SPA 3,intervention,Text_191,1,1,preterit,preterit
30,Quedaron,Quedar,1,0,0,preterite,preterite,SPA 3,intervention,Text_191,1,1,preterit,preterit
31,Intercambiar,Intercambiar,1,0,0,infinitive,infinitive,SPA 3,intervention,Text_191,4,4,other,other
32,Agarraron,Agarrar,1,0,0,preterite,preterite,SPA 3,intervention,Text_191,1,1,preterit,preterit
1,Planeó,Planear,0,0,1,preterite,imperfect,SPA 3,intervention,Text_192,1,2,imperfect,preterit
2,Ir,Ir,1,0,0,preterite,preterite,SPA 3,intervention,Text_192,1,1,preterit,preterit
3,Estudió,Estudiar,0,0,1,preterite,pluperfect,SPA 3,intervention,Text_192,1,6,other,preterit
4,Vio,Ver,1,0,0,preterite,preterite,SPA 3,intervention,Text_192,1,1,preterit,preterit
5,Conoce,Conocer,0,0,1,present,preterite,SPA 3,intervention,Text_192,3,1,preterit,present
6,Se dio cuenta,Darse cuenta,1,0,0,preterite,preterite,SPA 3,intervention,Text_192,1,1,preterit,preterit
7,Tenía,Tener,1,0,0,imperfect,imperfect,SPA 3,intervention,Text_192,2,2,imperfect,imperfect
8,Llegó,Llegar,1,0,0,preterite,preterite,SPA 3,intervention,Text_192,1,1,preterit,preterit
9,Se estaba quedando,Quedarse,1,0,0,imperfect,imperfect,SPA 3,intervention,Text_192,2,2,imperfect,imperfect
10,Llevó,Llevar,1,0,0,preterite,preterite,SPA 3,intervention,Text_192,1,1,preterit,preterit
11,Compraron,Comprar,1,0,0,preterite,preterite,SPA 3,intervention,Text_192,1,1,preterit,preterit
12,Fueron,Ir,1,0,0,preterite,preterite,SPA 3,intervention,Text_192,1,1,preterit,preterit
13,Comer,Comer,1,0,0,infinitive,infinitive,SPA 3,intervention,Text_192,4,4,other,other
14,Se encontraron,Encontrarse,1,0,0,preterite,preterite,SPA 3,intervention,Text_192,1,1,preterit,preterit
15,Conocía,Conocer,1,0,0,imperfect,imperfect,SPA 3,intervention,Text_192,2,2,imperfect,imperfect
16,Eran,Ser,1,0,0,imperfect,imperfect,SPA 3,intervention,Text_192,2,2,imperfect,imperfect
17,Solían,Soler,1,0,0,imperfect,imperfect,SPA 3,intervention,Text_192,2,2,imperfect,imperfect
18,Salir,Salir,1,0,0,infinitive,infinitive,SPA 3,intervention,Text_192,4,4,other,other
19,Recibió,Recibir,1,0,0,preterite,preterite,SPA 3,intervention,Text_192,1,1,preterit,preterit
20,Fue recibido,Recibir,1,0,0,preterite,preterite,SPA 3,intervention,Text_192,1,1,preterit,preterit
21,Fue,Ser,1,0,0,preterite,preterite,SPA 3,intervention,Text_192,1,1,preterit,preterit
22,Invitó,Invitar,1,0,0,preterite,preterite,SPA 3,intervention,Text_192,1,1,preterit,preterit
23,Pasar,Pasar,1,0,0,infinitive,infinitive,SPA 3,intervention,Text_192,4,4,other,other
24,Fue,Ir,1,0,0,preterite,preterite,SPA 3,intervention,Text_192,1,1,preterit,preterit
25,Bailó,Bailar,1,0,0,preterite,preterite,SPA 3,intervention,Text_192,1,1,preterit,preterit
26,Jugó,Jugar,1,0,0,preterite,preterite,SPA 3,intervention,Text_192,1,1,preterit,preterit
27,Vio,Ver,1,0,0,preterite,preterite,SPA 3,intervention,Text_192,1,1,preterit,preterit
28,Aceptó,Aceptar,1,0,0,preterite,preterite,SPA 3,intervention,Text_192,1,1,preterit,preterit
29,Conoció,Conocer,1,0,0,preterite,preterite,SPA 3,intervention,Text_192,1,1,preterit,preterit
30,Conoció,Conocer,1,0,0,preterite,preterite,SPA 3,intervention,Text_192,1,1,preterit,preterit
31,Volvieron,Volver,1,0,0,preterite,preterite,SPA 3,intervention,Text_192,1,1,preterit,preterit
32,Ser,Ser,1,0,0,infinitive,infinitive,SPA 3,intervention,Text_192,4,4,other,other
33,Intercambiaron,Intercambiar,1,0,0,preterite,preterite,SPA 3,intervention,Text_192,1,1,preterit,preterit
34,Vuelve,Volver,0,0,1,present,preterite,SPA 3,intervention,Text_192,3,1,preterit,present
35,Equivocarse,Equivocarse,1,0,0,infinitive,infinitive,SPA 3,intervention,Text_192,4,4,other,other
1,Terminamos,Terminar,1,0,0,preterite,preterite,SPA 3,intervention,Text_193,1,1,preterit,preterit
2,Visitó,Visitar,1,0,0,preterite,preterite,SPA 3,intervention,Text_193,1,1,preterit,preterit
3,Estudiar,Estudiar,1,0,0,infinitive,infinitive,SPA 3,intervention,Text_193,4,4,other,other
4,Se encontró,Encontrarse,1,0,0,preterite,preterite,SPA 3,intervention,Text_193,1,1,preterit,preterit
5,Estaba,Estar,1,0,0,imperfect,imperfect,SPA 3,intervention,Text_193,2,2,imperfect,imperfect
6,Conoció,Conocer,1,0,0,preterite,preterite,SPA 3,intervention,Text_193,1,1,preterit,preterit
7,Aterrizan,Aterrizar,1,0,0,present,present,SPA 3,intervention,Text_193,3,3,present,present
8,Llega,Llegar,1,0,0,present,present,SPA 3,intervention,Text_193,3,3,present,present
9,Es,Ser,1,0,0,present,present,SPA 3,intervention,Text_193,3,3,present,present
10,Se dan,Darse,1,0,0,present,present,SPA 3,intervention,Text_193,3,3,present,present
11,Tiene,Tener,1,0,0,present,present,SPA 3,intervention,Text_193,3,3,present,present
12,Es,Ser,1,0,0,present,present,SPA 3,intervention,Text_193,3,3,present,present
13,Viajando,Viajar,1,0,0,gerund,gerund,SPA 3,intervention,Text_193,5,5,other,other
14,Tratando,Tratar,1,0,0,gerund,gerund,SPA 3,intervention,Text_193,5,5,other,other
15,Encontrar,Encontrar,1,0,0,infinitive,infinitive,SPA 3,intervention,Text_193,4,4,other,other
16,Conoce,Conocer,1,0,0,present,present,SPA 3,intervention,Text_193,3,3,present,present
17,Era,Ser,1,0,0,imperfect,imperfect,SPA 3,intervention,Text_193,2,2,imperfect,imperfect
18,Ayuda,Ayudar,1,0,0,present,present,SPA 3,intervention,Text_193,3,3,present,present
19,Encontrar,Encontrar,1,0,0,infinitive,infinitive,SPA 3,intervention,Text_193,4,4,other,other
20,Recuperar,Recuperar,1,0,0,infinitive,infinitive,SPA 3,intervention,Text_193,4,4,other,other
21,Se reúne,Reunirse,1,0,0,present,present,SPA 3,intervention,Text_193,3,3,present,present
22,Intercambian,Intercambiar,1,0,0,present,present,SPA 3,intervention,Text_193,3,3,present,present
23,Tiene,Tener,1,0,0,present,present,SPA 3,intervention,Text_193,3,3,present,present
1,Llegó,Llegar,1,0,0,preterite,preterite,SPA 3,intervention,Text_194,1,1,preterit,preterit
2,Estaba,Estar,1,0,0,imperfect,imperfect,SPA 3,intervention,Text_194,2,2,imperfect,imperfect
3,Conocer,Conocer,1,0,0,infinitive,infinitive,SPA 3,intervention,Text_194,4,4,other,other
4,Vivía,Vivir,1,0,0,imperfect,imperfect,SPA 3,intervention,Text_194,2,2,imperfect,imperfect
5,Abrió,Abrir,1,0,0,preterite,preterite,SPA 3,intervention,Text_194,1,1,preterit,preterit
6,Estaban,Estar,1,0,0,imperfect,imperfect,SPA 3,intervention,Text_194,2,2,imperfect,imperfect
7,Perdió,Perder,0,0,1,preterite,pluperfect,SPA 3,intervention,Text_194,1,6,other,preterit
8,Tomó,Tomar,0,0,1,preterite,pluperfect,SPA 3,intervention,Text_194,1,6,other,preterit
9,Mostró,Mostrar,1,0,0,preterite,preterite,SPA 3,intervention,Text_194,1,1,preterit,preterit
10,Fueron,Ir,1,0,0,preterite,preterite,SPA 3,intervention,Text_194,1,1,preterit,preterit
11,Se encontraron,Encontrarse,1,0,0,preterite,preterite,SPA 3,intervention,Text_194,1,1,preterit,preterit
12,Dijo,Decir,1,0,0,preterite,preterite,SPA 3,intervention,Text_194,1,1,preterit,preterit
13,Podía,Poder,1,0,0,imperfect,imperfect,SPA 3,intervention,Text_194,2,2,imperfect,imperfect
14,Ayudar,Ayudar,1,0,0,infinitive,infinitive,SPA 3,intervention,Text_194,4,4,other,other
15,Encontrar,Encontrar,1,0,0,infinitive,infinitive,SPA 3,intervention,Text_194,4,4,other,other
16,Fue,Ir,1,0,0,preterite,preterite,SPA 3,intervention,Text_194,1,1,preterit,preterit
17,Encontrar,Encontrar,1,0,0,infinitive,infinitive,SPA 3,intervention,Text_194,4,4,other,other
18,Hizo,Hacer,1,0,0,preterite,preterite,SPA 3,intervention,Text_194,1,1,preterit,preterit
19,Fue,Ir,1,0,0,preterite,preterite,SPA 3,intervention,Text_194,1,1,preterit,preterit
20,Bailar,Bailar,1,0,0,infinitive,infinitive,SPA 3,intervention,Text_194,4,4,other,other
21,Terminó,Terminar,1,0,0,preterite,preterite,SPA 3,intervention,Text_194,1,1,preterit,preterit
22,Estaba,Estar,1,0,0,imperfect,imperfect,SPA 3,intervention,Text_194,2,2,imperfect,imperfect
23,Se hizo,Hacerse,1,0,0,preterite,preterite,SPA 3,intervention,Text_194,1,1,preterit,preterit
24,Hizo,Hacer,1,0,0,preterite,preterite,SPA 3,intervention,Text_194,1,1,preterit,preterit
25,Envió,Enviar,1,0,0,preterite,preterite,SPA 3,intervention,Text_194,1,1,preterit,preterit
26,Dijo,Decir,1,0,0,preterite,preterite,SPA 3,intervention,Text_194,1,1,preterit,preterit
27,Trató,Tratar,0,0,1,preterite,pluperfect,SPA 3,intervention,Text_194,1,6,other,preterit
28,Contactar,Contactar,1,0,0,infinitive,infinitive,SPA 3,intervention,Text_194,4,4,other,other
30,Ayudar,Ayudar,1,0,0,infinitive,infinitive,SPA 3,intervention,Text_194,4,4,other,other
31,Se encontraron,Encontrarse,1,0,0,preterite,preterite,SPA 3,intervention,Text_194,1,1,preterit,preterit
32,Dijeron,Decir,1,0,0,preterite,preterite,SPA 3,intervention,Text_194,1,1,preterit,preterit
33,Estaban,Estar,1,0,0,imperfect,imperfect,SPA 3,intervention,Text_194,2,2,imperfect,imperfect
34,Volvió,Volver,1,0,0,preterite,preterite,SPA 3,intervention,Text_194,1,1,preterit,preterit
35,Tomar,Tomar,1,0,0,infinitive,infinitive,SPA 3,intervention,Text_194,4,4,other,other
1,Se va,Irse,1,0,0,present,present,SPA 3,intervention,Text_195,3,3,present,present
2,Estudiar,Estudiar,1,0,0,infinitive,infinitive,SPA 3,intervention,Text_195,4,4,other,other
3,Asistir,Asistir,1,0,0,infinitive,infinitive,SPA 3,intervention,Text_195,4,4,other,other
5,Estaba,Estar,1,0,0,imperfect,imperfect,SPA 3,intervention,Text_195,2,2,imperfect,imperfect
6,Conoció,Conocer,1,0,0,preterite,preterite,SPA 3,intervention,Text_195,1,1,preterit,preterit
7,Aman,Amar,1,0,0,present,present,SPA 3,intervention,Text_195,3,3,present,present
8,Fueron,Ir,1,0,0,preterite,preterite,SPA 3,intervention,Text_195,1,1,preterit,preterit
9,Aterrizar,Aterrizar,1,0,0,infinitive,infinitive,SPA 3,intervention,Text_195,4,4,other,other
10,Había cambiado,Cambiar,0,0,1,pluperfect,preterite,SPA 3,intervention,Text_195,6,1,preterit,other
11,Supo,Saber,1,0,0,preterite,preterite,SPA 3,intervention,Text_195,1,1,preterit,preterit
12,Era,Ser,1,0,0,imperfect,imperfect,SPA 3,intervention,Text_195,2,2,imperfect,imperfect
13,Estaban,Estar,1,0,0,imperfect,imperfect,SPA 3,intervention,Text_195,2,2,imperfect,imperfect
14,Vieron,Ver,1,0,0,preterite,preterite,SPA 3,intervention,Text_195,1,1,preterit,preterit
15,Preguntaron,Preguntar,1,0,0,preterite,preterite,SPA 3,intervention,Text_195,1,1,preterit,preterit
16,Sabía,Saber,1,0,0,imperfect,imperfect,SPA 3,intervention,Text_195,2,2,imperfect,imperfect
17,Era,Ser,1,0,0,imperfect,imperfect,SPA 3,intervention,Text_195,2,2,imperfect,imperfect
19,Ir,Ir,0,0,1,infinitive,preterite,SPA 3,intervention,Text_195,4,1,preterit,other
20,Recuperó,Recuperar,1,0,0,preterite,preterite,SPA 3,intervention,Text_195,1,1,preterit,preterit
21,Se quedó,Quedarse,1,0,0,preterite,preterite,SPA 3,intervention,Text_195,1,1,preterit,preterit
1,Tienen,Tener,0,0,1,present,imperfect,SPA 3,intervention,Text_196,3,2,imperfect,present
2,Fue,Ser* (Estar),1,0,0,preterite,preterite,SPA 3,intervention,Text_196,1,1,preterit,preterit
3,Aprendió,Aprender,1,0,0,preterite,preterite,SPA 3,intervention,Text_196,1,1,preterit,preterit
4,Usar,Usar,1,0,0,infinitive,infinitive,SPA 3,intervention,Text_196,4,4,other,other
5,Hice,Hacer,1,0,0,preterite,preterite,SPA 3,intervention,Text_196,1,1,preterit,preterit
6,Fueron,Ir,1,0,0,preterite,preterite,SPA 3,intervention,Text_196,1,1,preterit,preterit
7,Bailron,Bailar,1,0,0,preterite,preterite,SPA 3,intervention,Text_196,1,1,preterit,preterit
8,Comieron,Comer,1,0,0,preterite,preterite,SPA 3,intervention,Text_196,1,1,preterit,preterit
9,Encontró,Encontrar,1,0,0,preterite,preterite,SPA 3,intervention,Text_196,1,1,preterit,preterit
10,Estaba,Estar,1,0,0,imperfect,imperfect,SPA 3,intervention,Text_196,2,2,imperfect,imperfect
11,Vio,Ver,1,0,0,preterite,preterite,SPA 3,intervention,Text_196,1,1,preterit,preterit
12,Fue,Ir,1,0,0,preterite,preterite,SPA 3,intervention,Text_196,1,1,preterit,preterit
13,Estaba,Estar,1,0,0,imperfect,imperfect,SPA 3,intervention,Text_196,2,2,imperfect,imperfect
14,Incluyendo,Incluir,1,0,0,gerund,gerund,SPA 3,intervention,Text_196,5,5,other,other
16,Estaban,Estar,1,0,0,imperfect,imperfect,SPA 3,intervention,Text_196,2,2,imperfect,imperfect
17,Sabe,Saber,0,0,1,preterite,pluperfect,SPA 3,intervention,Text_196,1,6,other,preterit
18,Encontrar,Encontrar,1,0,0,imperfect,imperfect,SPA 3,intervention,Text_196,2,2,imperfect,imperfect
19,Descubrió,Descubrir,1,0,0,preterite,preterite,SPA 3,intervention,Text_196,1,1,preterit,preterit
20,Tenía,Tener,1,0,0,imperfect,imperfect,SPA 3,intervention,Text_196,2,2,imperfect,imperfect
2,Viajó,Viajar,1,0,0,preterite,preterite,SPA 3,intervention,Text_197,1,1,preterit,preterit
3,Estaba,Estar,1,0,0,imperfect,imperfect,SPA 3,intervention,Text_197,2,2,imperfect,imperfect
4,Encontró,Encontrar,1,0,0,preterite,preterite,SPA 3,intervention,Text_197,1,1,preterit,preterit
5,Estaba mezcla,Estar mezcladas,1,0,0,imperfect,imperfect,SPA 3,intervention,Text_197,2,2,imperfect,imperfect
6,Tiene que encontrar,Tener que encontrar,0,0,1,present,imperfect,SPA 3,intervention,Text_197,3,2,imperfect,present
7,Exploró,Explorar,1,0,0,preterite,preterite,SPA 3,intervention,Text_197,1,1,preterit,preterit
8,Intenta,Intentar,1,0,0,present,preterite,SPA 3,intervention,Text_197,3,1,preterit,present
9,Jugó,Jugar,1,0,0,preterite,preterite,SPA 3,intervention,Text_197,1,1,preterit,preterit
10,Tomó,Tomar,1,0,0,preterite,preterite,SPA 3,intervention,Text_197,1,1,preterit,preterit
11,Vío,Ver,1,0,0,preterite,preterite,SPA 3,intervention,Text_197,1,1,preterit,preterit
12,Invitó,Invitar,1,0,0,preterite,preterite,SPA 3,intervention,Text_197,1,1,preterit,preterit
13,Tomar,Tomar,1,0,0,infinitive,infinitive,SPA 3,intervention,Text_197,4,4,other,other
14,Acepta,Aceptar,0,0,1,present,preterite,SPA 3,intervention,Text_197,3,1,preterit,present
15,Tenía que regresar,Tener que regresar,1,0,0,imperfect,imperfect,SPA 3,intervention,Text_197,2,2,imperfect,imperfect
16,Estaba,Estar,1,0,0,imperfect,imperfect,SPA 3,intervention,Text_197,2,2,imperfect,imperfect
17,Recibe,Recibir,0,0,1,present,preterite,SPA 3,intervention,Text_197,3,1,preterit,present
18,Encontra,Encontrarse,0,0,1,present,preterite,SPA 3,intervention,Text_197,3,1,preterit,present
19,Estaba,Estar,1,0,0,imperfect,imperfect,SPA 3,intervention,Text_197,2,2,imperfect,imperfect
20,Comen,Comer,0,0,1,present,preterite,SPA 3,intervention,Text_197,3,1,preterit,present
21,Intercambieron,Intercambiar,1,0,0,preterite,preterite,SPA 3,intervention,Text_197,1,1,preterit,preterit
22,Reírse,Reírse,1,0,0,infinitive,preterite,SPA 3,intervention,Text_197,4,1,preterit,other
23,Estuve,Estar,0,0,1,preterite,imperfect,SPA 3,intervention,Text_197,1,2,imperfect,preterit
1,Era,Ser,1,0,0,imperfect,imperfect,SPA 3,intervention,Text_198,2,2,imperfect,imperfect
2,Estaba,Estar,1,0,0,imperfect,imperfect,SPA 3,intervention,Text_198,2,2,imperfect,imperfect
3,Se fue,Irse,1,0,0,preterite,preterite,SPA 3,intervention,Text_198,1,1,preterit,preterit
4,Visitó,Visitar,1,0,0,preterite,preterite,SPA 3,intervention,Text_198,1,1,preterit,preterit
5,Perdió,Perder,1,0,0,preterite,preterite,SPA 3,intervention,Text_198,1,1,preterit,preterit
6,Probó,Probar,1,0,0,preterite,preterite,SPA 3,intervention,Text_198,1,1,preterit,preterit
7,Visitó,Visitar,1,0,0,preterite,preterite,SPA 3,intervention,Text_198,1,1,preterit,preterit
8,Trajo,Traer,1,0,0,preterite,preterite,SPA 3,intervention,Text_198,1,1,preterit,preterit
9,Bailó,Bailar,1,0,0,preterite,preterite,SPA 3,intervention,Text_198,1,1,preterit,preterit
10,Experimentó,Experimentar,1,0,0,preterite,preterite,SPA 3,intervention,Text_198,1,1,preterit,preterit
11,Estaba,Estar,1,0,0,imperfect,imperfect,SPA 3,intervention,Text_198,2,2,imperfect,imperfect
12,Fue,Ir,1,0,0,preterite,preterite,SPA 3,intervention,Text_198,1,1,preterit,preterit
13,Comprar,Comprar,1,0,0,infinitive,infinitive,SPA 3,intervention,Text_198,4,4,other,other
14,Era,Ser,1,0,0,imperfect,imperfect,SPA 3,intervention,Text_198,2,2,imperfect,imperfect
15,Estaba,Estar,1,0,0,imperfect,imperfect,SPA 3,intervention,Text_198,2,2,imperfect,imperfect
16,Envió,Enviar,1,0,0,preterite,preterite,SPA 3,intervention,Text_198,1,1,preterit,preterit
17,Quería,Querer,1,0,0,imperfect,imperfect,SPA 3,intervention,Text_198,2,2,imperfect,imperfect
18,Tenía,Tener,1,0,0,imperfect,imperfect,SPA 3,intervention,Text_198,2,2,imperfect,imperfect
19,Intentó,Intentar,1,0,0,preterite,preterite,SPA 3,intervention,Text_198,1,1,preterit,preterit
20,Quitar,Quitar,1,0,0,infinitive,infinitive,SPA 3,intervention,Text_198,4,4,other,other
21,Terminó,Terminar,1,0,0,preterite,preterite,SPA 3,intervention,Text_198,1,1,preterit,preterit
22,Era,Ser,1,0,0,imperfect,imperfect,SPA 3,intervention,Text_198,2,2,imperfect,imperfect
1,Trataba,Tratar,1,0,0,imperfect,imperfect,SPA 3,intervention,Text_199,2,2,imperfect,imperfect
2,Fue,Ir,1,0,0,preterite,preterite,SPA 3,intervention,Text_199,1,1,preterit,preterit
3,Aprender,Aprender,1,0,0,infinitive,infinitive,SPA 3,intervention,Text_199,4,4,other,other
4,Llega,Llegar,1,0,0,present,present,SPA 3,intervention,Text_199,3,3,present,present
5,Despega,Despegar,1,0,0,present,present,SPA 3,intervention,Text_199,3,3,present,present
6,Se va,Irse,1,0,0,present,present,SPA 3,intervention,Text_199,3,3,present,present
7,Dormir,Dormir,1,0,0,infinitive,infinitive,SPA 3,intervention,Text_199,4,4,other,other
8,Despertarse,Despertarse,1,0,0,infinitive,infinitive,SPA 3,intervention,Text_199,4,4,other,other
9,Habla,Hablar,1,0,0,present,present,SPA 3,intervention,Text_199,3,3,present,present
10,Asistió,Asistir,1,0,0,preterite,preterite,SPA 3,intervention,Text_199,1,1,preterit,preterit
11,Estaba,Estar,0,0,1,imperfect,preterite,SPA 3,intervention,Text_199,2,1,preterit,imperfect
12,Estudiar,Estudiar,1,0,0,infinitive,infinitive,SPA 3,intervention,Text_199,4,4,other,other
13,Estaba,Estar,1,0,0,imperfect,imperfect,SPA 3,intervention,Text_199,2,2,imperfect,imperfect
14,Conoce,Conocer,1,0,0,present,present,SPA 3,intervention,Text_199,3,3,present,present
15,Conversa,Conversar,1,0,0,present,present,SPA 3,intervention,Text_199,3,3,present,present
16,Se separan,Separarse,1,0,0,present,present,SPA 3,intervention,Text_199,3,3,present,present
17,Llega,Llegar,1,0,0,present,present,SPA 3,intervention,Text_199,3,3,present,present
18,Se da cuenta,Darse cuenta,1,0,0,present,present,SPA 3,intervention,Text_199,3,3,present,present
20,Explora,Explorar,1,0,0,present,present,SPA 3,intervention,Text_199,3,3,present,present
21,Hace,Hacer,1,0,0,present,present,SPA 3,intervention,Text_199,3,3,present,present
22,Va,Ir,1,0,0,present,present,SPA 3,intervention,Text_199,3,3,present,present
23,Intenta,Intentar,1,0,0,present,present,SPA 3,intervention,Text_199,3,3,present,present
24,Recuperar,Recuperar,1,0,0,infintive,infintive,SPA 3,intervention,Text_199,4,4,other,other
25,Hay,Haber,1,0,0,present,present,SPA 3,intervention,Text_199,3,3,present,present
26,Conducen,Conducir,1,0,0,present,present,SPA 3,intervention,Text_199,3,3,present,present
27,Se encuentran,Encontrarse,1,0,0,present,present,SPA 3,intervention,Text_199,3,3,present,present
28,Intercambiar,Intercambiar,1,0,0,infinitive,infinitive,SPA 3,intervention,Text_199,4,4,other,other
1,Tiene,Tener,1,0,0,present,present,SPA 3,intervention,Text_200,3,3,present,present
3,Practica,Practicar,1,0,0,present,present,SPA 3,intervention,Text_200,3,3,present,present
4,Ir,Ir,1,0,0,infinitive,infinitive,SPA 3,intervention,Text_200,4,4,other,other
5,Va,Ir,1,0,0,present,present,SPA 3,intervention,Text_200,3,3,present,present
6,Se encuentra,Encontrarse,1,0,0,present,present,SPA 3,intervention,Text_200,3,3,present,present
7,Pierde,Perder,1,0,0,present,present,SPA 3,intervention,Text_200,3,3,present,present
8,Revisa,Revisar,1,0,0,present,present,SPA 3,intervention,Text_200,3,3,present,present
9,Está,Estar,1,0,0,present,present,SPA 3,intervention,Text_200,3,3,present,present
10,Tienen,Tener,1,0,0,present,present,SPA 3,intervention,Text_200,3,3,present,present
11,Van a buscarse,Ir a buscarse,1,0,0,present,present,SPA 3,intervention,Text_200,3,3,present,present
12,Intenta,Intentar,1,0,0,present,present,SPA 3,intervention,Text_200,3,3,present,present
13,Encontrar,Encontrar,1,0,0,infinitive,infinitive,SPA 3,intervention,Text_200,4,4,other,other
14,Ayudan,Ayudar,1,0,0,present,present,SPA 3,intervention,Text_200,3,3,present,present
15,Conoce,Conocer,1,0,0,present,present,SPA 3,intervention,Text_200,3,3,present,present
16,Busca,Buscar,1,0,0,present,present,SPA 3,intervention,Text_200,3,3,present,present
17,Va,Ir,1,0,0,present,present,SPA 3,intervention,Text_200,3,3,present,present
18,Dieron,Dar,1,0,0,preterite,preterite,SPA 3,intervention,Text_200,1,1,preterit,preterit
19,Encontrar,Encontrar,1,0,0,infinitive,infinitive,SPA 3,intervention,Text_200,4,4,other,other
20,Está,Estar,1,0,0,present,present,SPA 3,intervention,Text_200,3,3,present,present
21,Está,Estar,1,0,0,present,present,SPA 3,intervention,Text_200,3,3,present,present
22,Invitan,Invitar,1,0,0,present,present,SPA 3,intervention,Text_200,3,3,present,present
23,Crea,Crear,1,0,0,present,present,SPA 3,intervention,Text_200,3,3,present,present
24,Devuelven,Devolver,1,0,0,present,present,SPA 3,intervention,Text_200,3,3,present,present
25,Está,Estar,1,0,0,present,present,SPA 3,intervention,Text_200,3,3,present,present
1,Quiere,Querer,1,0,0,present,present,SPA 3,intervention,Text_201,3,3,present,present
2,Practicar,Practicar,1,0,0,infinitive,infinitive,SPA 3,intervention,Text_201,4,4,other,other
3,Quiere,Querer,1,0,0,present,present,SPA 3,intervention,Text_201,3,3,present,present
4,Aprender,Aprender,1,0,0,infinitive,infinitive,SPA 3,intervention,Text_201,4,4,other,other
5,Decide,Decidir,1,0,0,present,present,SPA 3,intervention,Text_201,3,3,present,present
6,Viajar,Viajar,1,0,0,infinitive,infinitive,SPA 3,intervention,Text_201,4,4,other,other
7,Van,Ir,1,0,0,present,present,SPA 3,intervention,Text_201,3,3,present,present
8,Ir,Ir,0,0,1,infinitive,ambiguous,SPA 3,intervention,Text_201,4,12,other,other
10,Habla,Hablar,1,0,0,present,present,SPA 3,intervention,Text_201,3,3,present,present
11,Es,Ser,1,0,0,present,present,SPA 3,intervention,Text_201,3,3,present,present
12,Olvidó,Olvidar,1,0,0,preterite,preterite,SPA 3,intervention,Text_201,1,1,preterit,preterit
13,Conoce,Conocer,1,0,0,present,present,SPA 3,intervention,Text_201,3,3,present,present
14,Viajan,Viajar,1,0,0,present,present,SPA 3,intervention,Text_201,3,3,present,present
15,Ven,Ir,1,0,0,present,present,SPA 3,intervention,Text_201,3,3,present,present
16,Tiene,Tener,1,0,0,present,present,SPA 3,intervention,Text_201,3,3,present,present
17,Van,Ir,1,0,0,present,present,SPA 3,intervention,Text_201,3,3,present,present
18,Fue,Ir,1,0,0,preterite,preterite,SPA 3,intervention,Text_201,1,1,preterit,preterit
19,Busco,Buscar,1,0,0,preterite,preterite,SPA 3,intervention,Text_201,1,1,preterit,preterit
20,Estaba,Estar,1,0,0,imperfect,imperfect,SPA 3,intervention,Text_201,2,2,imperfect,imperfect
21,Invitó,Invitar,1,0,0,preterite,preterite,SPA 3,intervention,Text_201,1,1,preterit,preterit
22,Conoce,Conocer,1,0,0,present,present,SPA 3,intervention,Text_201,3,3,present,present
23,Era,Ser,1,0,0,imperfect,imperfect,SPA 3,intervention,Text_201,2,2,imperfect,imperfect
24,Va,Ir,1,0,0,present,present,SPA 3,intervention,Text_201,3,3,present,present
25,Envió,Enviar,1,0,0,preterite,preterite,SPA 3,intervention,Text_201,1,1,preterit,preterit
26,Ayuda,Ayudar,1,0,0,present,present,SPA 3,intervention,Text_201,3,3,present,present
27,Encontrar,Encontrar,1,0,0,infinitive,infinitive,SPA 3,intervention,Text_201,4,4,other,other
28,Recibe,Recibir,1,0,0,present,present,SPA 3,intervention,Text_201,3,3,present,present
1,Estudiaba,Estudiar,0,0,1,imperfect,pluperfect,SPA 3,intervention,Text_202,2,6,other,imperfect
2,Quiere,Querer,0,0,1,present,imperfect,SPA 3,intervention,Text_202,3,2,imperfect,present
3,Mejorar,Mejorar,1,0,0,infinitive,infinitive,SPA 3,intervention,Text_202,4,4,other,other
4,Probar,Probar,1,0,0,infinitive,infinitive,SPA 3,intervention,Text_202,4,4,other,other
5,Visitar,Visitar,1,0,0,infinitive,infinitive,SPA 3,intervention,Text_202,4,4,other,other
6,Conocer,Conocer,1,0,0,infinitive,infinitive,SPA 3,intervention,Text_202,4,4,other,other
7,Fue,Ir,1,0,0,preterite,preterite,SPA 3,intervention,Text_202,1,1,preterit,preterit
8,Quiere,Querer,0,0,1,present,imperfect,SPA 3,intervention,Text_202,3,2,imperfect,present
9,Decidió,Decidir,1,0,0,preterite,preterite,SPA 3,intervention,Text_202,1,1,preterit,preterit
10,Ir,Ir,1,0,0,infinitive,infinitive,SPA 3,intervention,Text_202,4,4,other,other
11,Llegar,Llegar,1,0,0,infinitive,infinitive,SPA 3,intervention,Text_202,4,4,other,other
12,Se encuentra,Encontrar,1,0,0,present,present,SPA 3,intervention,Text_202,3,3,present,present
13,Hablan,Hablar,1,0,0,present,present,SPA 3,intervention,Text_202,3,3,present,present
14,Se hacen,Hacerse,1,0,0,present,present,SPA 3,intervention,Text_202,3,3,present,present
15,Sale,Salir,1,0,0,present,present,SPA 3,intervention,Text_202,3,3,present,present
16,Desempaca,Desempacar,1,0,0,present,present,SPA 3,intervention,Text_202,3,3,present,present
17,Se da cuenta,Darse cuenta,1,0,0,present,present,SPA 3,intervention,Text_202,3,3,present,present
18,Tiene,Tener,1,0,0,present,present,SPA 3,intervention,Text_202,3,3,present,present
19,Va,Ir,1,0,0,present,present,SPA 3,intervention,Text_202,3,3,present,present
20,Buscar,Buscar,1,0,0,infinitive,infinitive,SPA 3,intervention,Text_202,4,4,other,other
21,Va,Ir,1,0,0,present,present,SPA 3,intervention,Text_202,3,3,present,present
22,Figura,Figurar,1,0,0,present,present,SPA 3,intervention,Text_202,3,3,present,present
23,Conoce,Conocer,1,0,0,present,present,SPA 3,intervention,Text_202,3,3,present,present
24,Se hacen,Hacerse,1,0,0,present,present,SPA 3,intervention,Text_202,3,3,present,present
25,Invitan,Invitar,1,0,0,present,present,SPA 3,intervention,Text_202,3,3,present,present
26,Encuentra,Encontrar,1,0,0,present,present,SPA 3,intervention,Text_202,3,3,present,present
27,Experimenta,Experimentar,1,0,0,present,present,SPA 3,intervention,Text_202,3,3,present,present
1,Decide,Decidir,1,0,0,present,present,SPA 3,intervention,Text_203,3,3,present,present
2,Inscribirse,Inscribirse,1,0,0,infinitive,infinitive,SPA 3,intervention,Text_203,4,4,other,other
3,Viajar,Viajar,1,0,0,infinitive,infinitive,SPA 3,intervention,Text_203,4,4,other,other
4,Lleva,Llevar,1,0,0,present,present,SPA 3,intervention,Text_203,3,3,present,present
5,Conoce,Conocer,0,0,0,present,preterite,SPA 3,intervention,Text_203,3,1,preterit,present
6,Se llama,Llamarse,1,0,0,present,present,SPA 3,intervention,Text_203,3,3,present,present
7,Aprendió,Aprender,1,0,0,preterite,preterite,SPA 3,intervention,Text_203,1,1,preterit,preterit
8,Llegó,Llegar,1,0,0,preterite,preterite,SPA 3,intervention,Text_203,1,1,preterit,preterit
9,Se da cuenta,Darse cuenta,0,0,1,present,preterite,SPA 3,intervention,Text_203,3,1,preterit,present
10,Tiene,Tener,0,0,1,present,imperfect,SPA 3,intervention,Text_203,3,2,imperfect,present
11,Conoció,Conocer,1,0,0,preterite,preterite,SPA 3,intervention,Text_203,1,1,preterit,preterit
12,Descubrió,Descubrir,1,0,0,preterite,preterite,SPA 3,intervention,Text_203,1,1,preterit,preterit
13,Intentaba,Intentar,1,0,0,imperfect,imperfect,SPA 3,intervention,Text_203,2,2,imperfect,imperfect
14,Encontrar,Encontrar,1,0,0,infinitive,infinitive,SPA 3,intervention,Text_203,4,4,other,other
15,Son,Ser,0,0,1,present,imperfect,SPA 3,intervention,Text_203,3,2,imperfect,present
16,Hospedó,Hospedar,0,0,1,present,imperfect,SPA 3,intervention,Text_203,3,2,imperfect,present
17,Conoció,Conocer,1,0,0,preterite,preterite,SPA 3,intervention,Text_203,1,1,preterit,preterit
18,Tratando,Tratar,1,0,0,gerund,gerund,SPA 3,intervention,Text_203,5,5,other,other
19,Encontrar,Encontrar,1,0,0,infinitive,infinitive,SPA 3,intervention,Text_203,4,4,other,other
20,Aprendió,Aprender,1,0,0,preterite,preterite,SPA 3,intervention,Text_203,1,1,preterit,preterit
21,Es,Ser,1,0,0,present,present,SPA 3,intervention,Text_203,3,3,present,present
22,Es,Ser,1,0,0,present,present,SPA 3,intervention,Text_203,3,3,present,present
23,Encontró,Encontrar,1,0,0,preterite,preterite,SPA 3,intervention,Text_203,1,1,preterit,preterit
24,Recuperó,Recuperar,1,0,0,preterite,preterite,SPA 3,intervention,Text_203,1,1,preterit,preterit
25,Volvió,Volver,1,0,0,preterite,preterite,SPA 3,intervention,Text_203,1,1,preterit,preterit
26,Se dio cuenta,Darse cuenta,1,0,0,preterite,preterite,SPA 3,intervention,Text_203,1,1,preterit,preterit
27,Tenía,Tener,1,0,0,imperfect,imperfect,SPA 3,intervention,Text_203,2,2,imperfect,imperfect
28,Se rió,Reírse,1,0,0,preterite,preterite,SPA 3,intervention,Text_203,1,1,preterit,preterit
29,Se asustó,Asustarse,1,0,0,preterite,preterite,SPA 3,intervention,Text_203,1,1,preterit,preterit
30,Sabía,Saber,1,0,0,imperfect,imperfect,SPA 3,intervention,Text_203,2,2,imperfect,imperfect
31,Encontrar,Encontrar,1,0,0,infinitive,infinitive,SPA 3,intervention,Text_203,4,4,other,other
1,Es,Ser,1,0,0,present,present,SPA 3,intervention,Text_204,3,3,present,present
2,Viajando,Viajar,1,0,0,gerund,gerund,SPA 3,intervention,Text_204,5,5,other,other
3,Conoce,Conocer,1,0,0,present,present,SPA 3,intervention,Text_204,3,3,present,present
4,Se hace,Hacerse,1,0,0,present,present,SPA 3,intervention,Text_204,3,3,present,present
5,Tiene,Tener,1,0,0,present,present,SPA 3,intervention,Text_204,3,3,present,present
6,Necesita,Necesitar,1,0,0,present,present,SPA 3,intervention,Text_204,3,3,present,present
7,Dárselo,Dar,1,0,0,infinitive,infinitive,SPA 3,intervention,Text_204,4,4,other,other
8,Aprende,Aprender,1,0,0,present,present,SPA 3,intervention,Text_204,3,3,present,present
9,Fueron,Ir,1,0,0,preterite,preterite,SPA 3,intervention,Text_204,1,1,preterit,preterit
10,Fueron,Ir,1,0,0,preterite,preterite,SPA 3,intervention,Text_204,1,1,preterit,preterit
11,Habló,Hablar,1,0,0,preterite,preterite,SPA 3,intervention,Text_204,1,1,preterit,preterit
12,Es,Ser,1,0,0,present,present,SPA 3,intervention,Text_204,3,3,present,present
13,Querían,Querer,1,0,0,imperfect,imperfect,SPA 3,intervention,Text_204,2,2,imperfect,imperfect
14,Encontrar,Encontrar,1,0,0,infinitive,infinitive,SPA 3,intervention,Text_204,4,4,other,other
15,Necesita,Necesitar,0,0,1,present,imperfect,SPA 3,intervention,Text_204,3,2,imperfect,present
18,Pregunta,Preguntar,0,0,1,present,preterite,SPA 3,intervention,Text_204,3,1,preterit,present
19,Vieron,Ver,0,0,1,preterite,pluperfect,SPA 3,intervention,Text_204,1,6,other,preterit
20,Saben,Saber,0,0,1,present,imperfect,SPA 3,intervention,Text_204,3,2,imperfect,present
21,Está,Estar,0,0,1,present,imperfect,SPA 3,intervention,Text_204,3,2,imperfect,present
22,Quiere,Querer,0,0,1,present,imperfect,SPA 3,intervention,Text_204,3,2,imperfect,present
23,Tiene,Tener,0,0,1,present,imperfect,SPA 3,intervention,Text_204,3,2,imperfect,present
24,Habló,Hablar,1,0,0,preterite,preterite,SPA 3,intervention,Text_204,1,1,preterit,preterit
25,Planea,Planear,0,0,1,present,preterite,SPA 3,intervention,Text_204,3,1,preterit,present
26,Reunirse,Reunirse,1,0,0,infinitive,infinitive,SPA 3,intervention,Text_204,4,4,other,other
27,Tiene,Tener,1,0,0,present,present,SPA 3,intervention,Text_204,3,3,present,present
28,Vuelve,Volver,1,0,0,present,present,SPA 3,intervention,Text_204,3,3,present,present
1,Es,Ser,1,0,0,present,present,SPA 3,intervention,Text_205,3,3,present,present
2,Eran,Ser,1,0,0,imperfect,imperfect,SPA 3,intervention,Text_205,2,2,imperfect,imperfect
4,Estudiar,Estudiar,1,0,0,infinitive,infinitive,SPA 3,intervention,Text_205,4,4,other,other
5,Montar,Montar,1,0,0,infinitive,infinitive,SPA 3,intervention,Text_205,4,4,other,other
6,Fue,Ir,1,0,0,preterite,preterite,SPA 3,intervention,Text_205,1,1,preterit,preterit
7,se perdió,Perderse,1,0,0,preterite,preterite,SPA 3,intervention,Text_205,1,1,preterit,preterit
8,Llegó,Llegar,1,0,0,preterite,preterite,SPA 3,intervention,Text_205,1,1,preterit,preterit
9,Fue,Ir,1,0,0,preterite,preterite,SPA 3,intervention,Text_205,1,1,preterit,preterit
10,Fue,Ir,1,0,0,preterite,preterite,SPA 3,intervention,Text_205,1,1,preterit,preterit
1,Era,Ser,1,0,0,imperfect,imperfect,SPA 3,intervention,Text_206,2,2,imperfect,imperfect
2,Ayudaba,Ayudar,0,0,1,imperfect,preterite,SPA 3,intervention,Text_206,2,1,preterit,imperfect
3,Prepararse,Prepararse,1,0,0,infinitive,infinitive,SPA 3,intervention,Text_206,4,4,other,other
4,Fue,Ir,1,0,0,preterite,preterite,SPA 3,intervention,Text_206,1,1,preterit,preterit
5,Conoció,Conocer,1,0,0,preterite,preterite,SPA 3,intervention,Text_206,1,1,preterit,preterit
6,Están,Estar,0,0,1,present,imperfect,SPA 3,intervention,Text_206,3,2,imperfect,present
7,Se dio cuenta,Darse cuenta,1,0,0,preterite,preterite,SPA 3,intervention,Text_206,1,1,preterit,preterit
8,Tenía,Tener,1,0,0,imperfect,imperfect,SPA 3,intervention,Text_206,2,2,imperfect,imperfect
9,Recordó,Recordar,0,0,1,preterite,imperfect,SPA 3,intervention,Text_206,1,2,imperfect,preterit
10,Llegó,Llegar,1,0,0,preterite,preterite,SPA 3,intervention,Text_206,1,1,preterit,preterit
11,Ayudaron,Ayudar,1,0,0,preterite,preterite,SPA 3,intervention,Text_206,1,1,preterit,preterit
12,Encontró,Encontrar,0,0,1,preterite,infinitive,SPA 3,intervention,Text_206,1,4,other,preterit
13,Fue,Ir,1,0,0,preterite,preterite,SPA 3,intervention,Text_206,1,1,preterit,preterit
14,Vio,Ver,1,0,0,preterite,preterite,SPA 3,intervention,Text_206,1,1,preterit,preterit
15,Habló,Hablar,1,0,0,preterite,preterite,SPA 3,intervention,Text_206,1,1,preterit,preterit
16,Se llama,Llamarse,0,0,1,present,imperfect,SPA 3,intervention,Text_206,3,2,imperfect,present
17,Dijo,Decir,1,0,0,preterite,preterite,SPA 3,intervention,Text_206,1,1,preterit,preterit
18,es,Ser,0,0,1,present,imperfect,SPA 3,intervention,Text_206,3,2,imperfect,present
19,Dio,Dar,1,0,0,preterite,preterite,SPA 3,intervention,Text_206,1,1,preterit,preterit
20,Fue,Ir,1,0,0,preterite,preterite,SPA 3,intervention,Text_206,1,1,preterit,preterit
21,Es,Ser,0,0,1,present,imperfect,SPA 3,intervention,Text_206,3,2,imperfect,present
22,Se llama,Llamarse,0,0,1,present,imperfect,SPA 3,intervention,Text_206,3,2,imperfect,present
23,Invitó,Invitar,1,0,0,preterite,preterite,SPA 3,intervention,Text_206,1,1,preterit,preterit
24,Unir,Unirse,1,0,0,infinitive,infinitive,SPA 3,intervention,Text_206,4,4,other,other
25,Comer,Comer,1,0,0,infinitive,infinitive,SPA 3,intervention,Text_206,4,4,other,other
26,Pasar,Pasar,0,0,1,infinitive,preterite,SPA 3,intervention,Text_206,4,1,preterit,other
27,Estaba,Estar,1,0,0,imperfect,imperfect,SPA 3,intervention,Text_206,2,2,imperfect,imperfect
28,Recibio,Recibir,1,0,0,preterite,preterite,SPA 3,intervention,Text_206,1,1,preterit,preterit
29,Es,Ser,0,0,1,present,imperfect,SPA 3,intervention,Text_206,3,2,imperfect,present
30,Encontró,Encontrar,1,0,0,preterite,preterite,SPA 3,intervention,Text_206,1,1,preterit,preterit
31,Recuperó,Recuperar,1,0,0,preterite,preterite,SPA 3,intervention,Text_206,1,1,preterit,preterit
1,Planeaba,Planear,1,0,0,imperfect,imperfect,SPA 3,intervention,Text_207,2,2,imperfect,imperfect
2,Decidió,Decidir,1,0,0,preterite,preterite,SPA 3,intervention,Text_207,1,1,preterit,preterit
3,Estudiar,Estudiar,1,0,0,infinitive,infinitive,SPA 3,intervention,Text_207,4,4,other,other
4,Conoció,Conocer,1,0,0,preterite,preterite,SPA 3,intervention,Text_207,1,1,preterit,preterit
5,Abrió,Abrir,1,0,0,preterite,preterite,SPA 3,intervention,Text_207,1,1,preterit,preterit
6,Fueron,Ir,0,0,1,preterite,imperfect,SPA 3,intervention,Text_207,1,2,imperfect,preterit
7,Descubrió,Descubrir,1,0,0,preterite,preterite,SPA 3,intervention,Text_207,1,1,preterit,preterit
8,Es,Ser,0,0,1,present,imperfect,SPA 3,intervention,Text_207,3,2,imperfect,present
9,Fueron,Ir,1,0,0,preterite,preterite,SPA 3,intervention,Text_207,1,1,preterit,preterit
10,Conoce,Conocer,0,0,1,present,preterite,SPA 3,intervention,Text_207,3,1,preterit,present
11,Recibió,Recibir,1,0,0,preterite,preterite,SPA 3,intervention,Text_207,1,1,preterit,preterit
12,Poder,Poder,1,0,0,infinitive,infinitive,SPA 3,intervention,Text_207,4,4,other,other
13,Obtener,Obtener,1,0,0,infinitive,infinitive,SPA 3,intervention,Text_207,4,4,other,other
14,Usó,Usar,1,0,0,preterite,preterite,SPA 3,intervention,Text_207,1,1,preterit,preterit
15,Fue,Ir,1,0,0,preterite,preterite,SPA 3,intervention,Text_207,1,1,preterit,preterit
16,Era,Ser,1,0,0,imperfect,imperfect,SPA 3,intervention,Text_207,2,2,imperfect,imperfect
17,Era,Ser,1,0,0,imperfect,imperfect,SPA 3,intervention,Text_207,2,2,imperfect,imperfect
18,Invitó,Invitar,1,0,0,preterite,preterite,SPA 3,intervention,Text_207,1,1,preterit,preterit
19,Invitó,Invitar,1,0,0,preterite,preterite,SPA 3,intervention,Text_207,1,1,preterit,preterit
20,Recibió,Recibir,1,0,0,preterite,preterite,SPA 3,intervention,Text_207,1,1,preterit,preterit
21,Se reunieron,Reunirse,1,0,0,preterite,preterite,SPA 3,intervention,Text_207,1,1,preterit,preterit
22,Recuperó,Recuperar,1,0,0,preterite,preterite,SPA 3,intervention,Text_207,1,1,preterit,preterit
23,Encontró,Encontrar,1,0,0,preterite,preterite,SPA 3,intervention,Text_207,1,1,preterit,preterit
24,Riéndose,Reírse,1,0,0,gerund,gerund,SPA 3,intervention,Text_207,5,5,other,other
25,Tenía,Tener,1,0,0,imperfect,imperfect,SPA 3,intervention,Text_207,2,2,imperfect,imperfect
1,Es,Ser,1,0,0,present,present,SPA 3,intervention,Text_208,3,3,present,present
2,Fue,Ir,1,0,0,preterite,preterite,SPA 3,intervention,Text_208,1,1,preterit,preterit
3,Fue,Ir,1,0,0,preterite,preterite,SPA 3,intervention,Text_208,1,1,preterit,preterit
4,Aprendió,Aprender,1,0,0,preterite,preterite,SPA 3,intervention,Text_208,1,1,preterit,preterit
5,Empezó,Empezar,1,0,0,preterite,preterite,SPA 3,intervention,Text_208,1,1,preterit,preterit
6,Se llamaba,Llamarse,1,0,0,imperfect,imperfect,SPA 3,intervention,Text_208,2,2,imperfect,imperfect
7,Fue,Ser,1,0,0,preterite,preterite,SPA 3,intervention,Text_208,1,1,preterit,preterit
8,Llegó,Llegar,1,0,0,preterite,preterite,SPA 3,intervention,Text_208,1,1,preterit,preterit
9,Fue,Ser,1,0,0,preterite,preterite,SPA 3,intervention,Text_208,1,1,preterit,preterit
10,Eran,Ser,1,0,0,imperfect,imperfect,SPA 3,intervention,Text_208,2,2,imperfect,imperfect
11,Encuentra,Encontrar,0,0,1,present,preterite,SPA 3,intervention,Text_208,3,1,preterit,present
12,Quería,Querer,1,0,0,imperfect,imperfect,SPA 3,intervention,Text_208,2,2,imperfect,imperfect
13,Encontrar,Encontrar,1,0,0,infinitive,infinitive,SPA 3,intervention,Text_208,4,4,other,other
14,Vió,Ver,1,0,0,preterite,preterite,SPA 3,intervention,Text_208,1,1,preterit,preterit
15,Era,Ser,1,0,0,imperfect,imperfect,SPA 3,intervention,Text_208,2,2,imperfect,imperfect
16,Es,Ser,0,0,1,present,imperfect,SPA 3,intervention,Text_208,3,2,imperfect,present
17,Dijo,Decir,1,0,0,preterite,preterite,SPA 3,intervention,Text_208,1,1,preterit,preterit
18,Es,Ser,0,0,1,present,imperfect,SPA 3,intervention,Text_208,3,2,imperfect,present
19,Dio,Dar,1,0,0,preterite,preterite,SPA 3,intervention,Text_208,1,1,preterit,preterit
20,Llegó,Llegar,1,0,0,preterite,preterite,SPA 3,intervention,Text_208,1,1,preterit,preterit
21,Vivía,Vivir,1,0,0,imperfect,imperfect,SPA 3,intervention,Text_208,2,2,imperfect,imperfect
22,Era,Ser,1,0,0,imperfect,imperfect,SPA 3,intervention,Text_208,2,2,imperfect,imperfect
23,Se llamaba,Llamarse,1,0,0,imperfect,imperfect,SPA 3,intervention,Text_208,2,2,imperfect,imperfect
24,Conocía,Conocer,1,0,0,imperfect,imperfect,SPA 3,intervention,Text_208,2,2,imperfect,imperfect
25,Invitó,Invitar,1,0,0,preterite,preterite,SPA 3,intervention,Text_208,1,1,preterit,preterit
26,Comer,Comer,1,0,0,infinitive,infinitive,SPA 3,intervention,Text_208,4,4,other,other
27,Bailar,Bailar,1,0,0,infinitive,infinitive,SPA 3,intervention,Text_208,4,4,other,other
28,Creyó,Creer,1,0,0,preterite,preterite,SPA 3,intervention,Text_208,1,1,preterit,preterit
29,Veía,Ver,0,0,1,imperfect,preterite,SPA 3,intervention,Text_208,2,1,preterit,imperfect
31,Estaba,Estar,1,0,0,imperfect,imperfect,SPA 3,intervention,Text_208,2,2,imperfect,imperfect
32,Recibió,Recibir,1,0,0,preterite,preterite,SPA 3,intervention,Text_208,1,1,preterit,preterit
33,Conectó,Conectar,1,0,0,preterite,preterite,SPA 3,intervention,Text_208,1,1,preterit,preterit
34,Terminó,Terminar,1,0,0,preterite,preterite,SPA 3,intervention,Text_208,1,1,preterit,preterit
1,Es,Ser,1,0,0,present,present,SPA 3,intervention,Text_209,3,3,present,present
2,Va,Ir,1,0,0,present,present,SPA 3,intervention,Text_209,3,3,present,present
3,Ir,Ir,1,0,0,infinitive,infinitive,SPA 3,intervention,Text_209,4,4,other,other
4,Encanta,Encantar,1,0,0,present,present,SPA 3,intervention,Text_209,3,3,present,present
5,Hablar,Hablar,1,0,0,infinitive,infinitive,SPA 3,intervention,Text_209,4,4,other,other
6,Bailar,Bailar,1,0,0,infinitive,infinitive,SPA 3,intervention,Text_209,4,4,other,other
7,Se encuentra,Encontrarse,1,0,0,present,present,SPA 3,intervention,Text_209,3,3,present,present
8,Mezclaron,Mezclar,1,0,0,preterite,preterite,SPA 3,intervention,Text_209,1,1,preterit,preterit
9,Se dio,Darse,1,0,0,preterite,preterite,SPA 3,intervention,Text_209,1,1,preterit,preterit
10,Tenía,Tener,1,0,0,imperfect,imperfect,SPA 3,intervention,Text_209,2,2,imperfect,imperfect
11,Llegar,Llegar,1,0,0,infinitive,infinitive,SPA 3,intervention,Text_209,4,4,other,other
12,Está,Estar,1,0,0,present,present,SPA 3,intervention,Text_209,3,3,present,present
13,Tiene,Tener,1,0,0,present,present,SPA 3,intervention,Text_209,3,3,present,present
14,Ayudan,Ayudar,1,0,0,present,present,SPA 3,intervention,Text_209,3,3,present,present
15,Buscar,Buscar,1,0,0,infinitive,infinitive,SPA 3,intervention,Text_209,4,4,other,other
16,Va,Ir,1,0,0,present,present,SPA 3,intervention,Text_209,3,3,present,present
17,Comprar,Comprar,1,0,0,infinitive,infinitive,SPA 3,intervention,Text_209,4,4,other,other
18,Van,Ir,1,0,0,present,present,SPA 3,intervention,Text_209,3,3,present,present
19,Comprar,Comprar,1,0,0,infinitive,infinitive,SPA 3,intervention,Text_209,4,4,other,other
20,Tiene,Tener,1,0,0,present,present,SPA 3,intervention,Text_209,3,3,present,present
21,Es,Ser,1,0,0,present,present,SPA 3,intervention,Text_209,3,3,present,present
22,Ayudan,Ayudar,1,0,0,present,present,SPA 3,intervention,Text_209,3,3,present,present
23,Encontrar,Encontrarse,1,0,0,infinitive,infinitive,SPA 3,intervention,Text_209,4,4,other,other
24,Va,Ir,1,0,0,present,present,SPA 3,intervention,Text_209,3,3,present,present
25,Ir,Ir,1,0,0,infinitive,infinitive,SPA 3,intervention,Text_209,4,4,other,other
26,Vivía,Vivir,1,0,0,imperfect,imperfect,SPA 3,intervention,Text_209,2,2,imperfect,imperfect
27,Conoce,Conocer,1,0,0,present,present,SPA 3,intervention,Text_209,3,3,present,present
28,Tomaron,Tomar,1,0,0,imperfect,imperfect,SPA 3,intervention,Text_209,2,2,imperfect,imperfect
29,Contactó,Contactar,1,0,0,preterite,preterite,SPA 3,intervention,Text_209,1,1,preterit,preterit
30,Decirle,Decir,1,0,0,infinitive,infinitive,SPA 3,intervention,Text_209,4,4,other,other
31,Es,Ser,0,0,1,present,imperfect,SPA 3,intervention,Text_209,3,2,imperfect,present
32,Consiguió,Conseguir,1,0,0,preterite,preterite,SPA 3,intervention,Text_209,1,1,preterit,preterit
1,Camina,Caminar,1,0,0,present,present,SPA 3,intervention,Text_210,3,3,present,present
2,Es,Ser,1,0,0,present,present,SPA 3,intervention,Text_210,3,3,present,present
3,Quiere,Querer,1,0,0,present,present,SPA 3,intervention,Text_210,3,3,present,present
4,Tomar,Tomar,1,0,0,infinitive,infinitive,SPA 3,intervention,Text_210,4,4,other,other
5,Tiene,Tener,1,0,0,present,present,SPA 3,intervention,Text_210,3,3,present,present
6,Quiere,Querer,1,0,0,present,present,SPA 3,intervention,Text_210,3,3,present,present
7,Aprender,Aprender,1,0,0,infinitive,infinitive,SPA 3,intervention,Text_210,4,4,other,other
8,Bailar,Bailar,1,0,0,infinitive,infinitive,SPA 3,intervention,Text_210,4,4,other,other
9,Se va,Irse,1,0,0,present,present,SPA 3,intervention,Text_210,3,3,present,present
10,Quedar,Quedar,1,0,0,infinitive,infinitive,SPA 3,intervention,Text_210,4,4,other,other
11,Viene,Venir,1,0,0,present,present,SPA 3,intervention,Text_210,3,3,present,present
12,Viajar,Viajar,1,0,0,infinitive,infinitive,SPA 3,intervention,Text_210,4,4,other,other
13,Se siente,Sentirse* (Sentarse),1,0,0,present,present,SPA 3,intervention,Text_210,3,3,present,present
14,Se llamá,Llamarse,1,0,0,present,present,SPA 3,intervention,Text_210,3,3,present,present
15,Duraron,Durar,1,0,0,preterite,preterite,SPA 3,intervention,Text_210,1,1,preterit,preterit
16,Hablando,Hablar,1,0,0,gerund,gerund,SPA 3,intervention,Text_210,5,5,other,other
17,Llegaron,Llegar,1,0,0,preterite,preterite,SPA 3,intervention,Text_210,1,1,preterit,preterit
18,Se despidieron,Despedirse,1,0,0,preterite,preterite,SPA 3,intervention,Text_210,1,1,preterit,preterit
19,Se dieron,Darse,1,0,0,preterite,preterite,SPA 3,intervention,Text_210,1,1,preterit,preterit
20,Tenían,Tener,1,0,0,imperfect,imperfect,SPA 3,intervention,Text_210,2,2,imperfect,imperfect
21,Agarró,Agarrar,1,0,0,preterite,preterite,SPA 3,intervention,Text_210,1,1,preterit,preterit
22,Agarró,Agarrar,1,0,0,preterite,preterite,SPA 3,intervention,Text_210,1,1,preterit,preterit
23,Se podían,Poderse,1,0,0,imperfect,imperfect,SPA 3,intervention,Text_210,2,2,imperfect,imperfect
24,Contactar,Contactar,1,0,0,infinitive,infinitive,SPA 3,intervention,Text_210,4,4,other,other
25,Cambiaron,Cambiar,1,0,0,preterite,preterite,SPA 3,intervention,Text_210,1,1,preterit,preterit
26,Tenían,Tener,1,0,0,imperfect,imperfect,SPA 3,intervention,Text_210,2,2,imperfect,imperfect
27,Pasó,Pasar,1,0,0,preterite,preterite,SPA 3,intervention,Text_210,1,1,preterit,preterit
28,Se fue,Irse,1,0,0,preterite,preterite,SPA 3,intervention,Text_210,1,1,preterit,preterit
29,Miro,Mirar,1,0,0,preterite,preterite,SPA 3,intervention,Text_210,1,1,preterit,preterit
30,Estaba,Estar,1,0,0,imperfect,imperfect,SPA 3,intervention,Text_210,2,2,imperfect,imperfect
31,Dijo,Decir,1,0,0,preterite,preterite,SPA 3,intervention,Text_210,1,1,preterit,preterit
32,Pasó,Pasar,1,0,0,preterite,preterite,SPA 3,intervention,Text_210,1,1,preterit,preterit
33,Organizaron,Organizar,1,0,0,preterite,preterite,SPA 3,intervention,Text_210,1,1,preterit,preterit
34,Cambiar,Cambiar,1,0,0,infinitive,infinitive,SPA 3,intervention,Text_210,4,4,other,other
35,Se terminó,Terminarse,1,0,0,preterite,preterite,SPA 3,intervention,Text_210,1,1,preterit,preterit
36,Se dio,Darse,1,0,0,preterite,preterite,SPA 3,intervention,Text_210,1,1,preterit,preterit
37,Se equivocaron,Equivocarse,0,0,1,preterite,present,SPA 3,intervention,Text_210,1,3,present,preterit
1,Llegó,Llegar,1,0,0,preterite,preterite,SPA 3,intervention,Text_211,1,1,preterit,preterit
2,Gustaba,Gustar,1,0,0,imperfect,imperfect,SPA 3,intervention,Text_211,2,2,imperfect,imperfect
3,Explorar,Explorar,1,0,0,infinitive,infinitive,SPA 3,intervention,Text_211,4,4,other,other
4,Estudiar,Estudiar,1,0,0,infinitive,infinitive,SPA 3,intervention,Text_211,4,4,other,other
6,Habla,Hablar,0,0,1,present,imperfect,SPA 3,intervention,Text_211,3,2,imperfect,present
7,Recomendó,Recomendar,1,0,0,preterite,preterite,SPA 3,intervention,Text_211,1,1,preterit,preterit
8,Conoce,Conocer,0,0,1,present,preterite,SPA 3,intervention,Text_211,3,1,preterit,present
9,Se volvieron,Volverse,1,0,0,preterite,preterite,SPA 3,intervention,Text_211,1,1,preterit,preterit
10,Se conocieron,Conocerse,1,0,0,preterite,preterite,SPA 3,intervention,Text_211,1,1,preterit,preterit
11,Montó,Montar,1,0,0,preterite,preterite,SPA 3,intervention,Text_211,1,1,preterit,preterit
12,Conoció,Conocer,1,0,0,preterite,preterite,SPA 3,intervention,Text_211,1,1,preterit,preterit
13,Es,Ser,1,0,0,present,present,SPA 3,intervention,Text_211,3,3,present,present
14,Se hacen,Hacerse,1,0,0,present,present,SPA 3,intervention,Text_211,3,3,present,present
15,Cambiar,Cambiar,1,0,0,present,present,SPA 3,intervention,Text_211,3,3,present,present
16,Se da,Darse,1,0,0,present,present,SPA 3,intervention,Text_211,3,3,present,present
17,Son,Ser,1,0,0,present,present,SPA 3,intervention,Text_211,3,3,present,present
18,Tiene,Tener,1,0,0,present,present,SPA 3,intervention,Text_211,3,3,present,present
19,Tiene que comprar,Tener que comprar,1,0,0,present,present,SPA 3,intervention,Text_211,3,3,present,present
21,Encontró,Encontrar,1,0,0,preterite,preterite,SPA 3,intervention,Text_211,1,1,preterit,preterit
22,Conoce,Conocer,0,0,1,present,preterite,SPA 3,intervention,Text_211,3,1,preterit,present
23,Invitó,Invitar,1,0,0,preterite,preterite,SPA 3,intervention,Text_211,1,1,preterit,preterit
24,Ir,Ir,1,0,0,infinitive,infinitive,SPA 3,intervention,Text_211,4,4,other,other
25,Fue,Ser,1,0,0,preterite,preterite,SPA 3,intervention,Text_211,1,1,preterit,preterit
26,Fue,Ir,1,0,0,preterite,preterite,SPA 3,intervention,Text_211,1,1,preterit,preterit
27,Es,Ser,0,0,1,present,preterite,SPA 3,intervention,Text_211,3,1,preterit,present
28,Encontró,Encontrar,1,0,0,preterite,preterite,SPA 3,intervention,Text_211,1,1,preterit,preterit
29,Obtuvo,Obtener,1,0,0,preterite,preterite,SPA 3,intervention,Text_211,1,1,preterit,preterit
30,Se conocen,Conocerse,0,0,1,present,preterite,SPA 3,intervention,Text_211,3,1,preterit,present
31,Inventan,Inventar,0,0,1,present,preterite,SPA 3,intervention,Text_211,3,1,preterit,present
1,Quiere,Querer,0,0,1,present,imperfect,SPA 3,intervention,Text_212,3,2,imperfect,present
2,Ir,Ir,1,0,0,infinitive,infinitive,SPA 3,intervention,Text_212,4,4,other,other
3,Quiere,Querer,0,0,1,present,imperfect,SPA 3,intervention,Text_212,3,2,imperfect,present
4,Practicar,Practicar,1,0,0,infinitive,infinitive,SPA 3,intervention,Text_212,4,4,other,other
5,Habló,Hablar,1,0,0,preterite,preterite,SPA 3,intervention,Text_212,1,1,preterit,preterit
6,Se llama,Llamarse,1,0,0,present,present,SPA 3,intervention,Text_212,3,3,present,present
7,Llegó,Llegar,1,0,0,preterite,preterite,SPA 3,intervention,Text_212,1,1,preterit,preterit
8,Son,Ser,0,0,1,present,imperfect,SPA 3,intervention,Text_212,3,2,imperfect,present
9,Buscó,Buscar,1,0,0,preterite,preterite,SPA 3,intervention,Text_212,1,1,preterit,preterit
10,Vió,Ver,1,0,0,preterite,preterite,SPA 3,intervention,Text_212,1,1,preterit,preterit
11,Era,Ser,1,0,0,imperfect,imperfect,SPA 3,intervention,Text_212,2,2,imperfect,imperfect
12,Conoce,Conocer,0,0,1,present,preterite,SPA 3,intervention,Text_212,3,1,preterit,present
13,Se llama,Llamarse,0,0,1,present,imperfect,SPA 3,intervention,Text_212,3,2,imperfect,present
14,Es,Ser,0,0,1,present,imperfect,SPA 3,intervention,Text_212,3,2,imperfect,present
15,Dio,Dar,1,0,0,preterite,preterite,SPA 3,intervention,Text_212,1,1,preterit,preterit
16,Fue,Ir,1,0,0,preterite,preterite,SPA 3,intervention,Text_212,1,1,preterit,preterit
17,Buscar,Buscar,1,0,0,infinitive,infinitive,SPA 3,intervention,Text_212,4,4,other,other
18,Dio,Dar,1,0,0,preterite,preterite,SPA 3,intervention,Text_212,1,1,preterit,preterit
19,Abrió,Abrir,1,0,0,preterite,preterite,SPA 3,intervention,Text_212,1,1,preterit,preterit
20,Era,Ser,1,0,0,imperfect,imperfect,SPA 3,intervention,Text_212,2,2,imperfect,imperfect
21,Se llamaba,Llamarse,1,0,0,imperfect,imperfect,SPA 3,intervention,Text_212,2,2,imperfect,imperfect
22,Hizo,Hacer,1,0,0,preterite,preterite,SPA 3,intervention,Text_212,1,1,preterit,preterit
23,Salía,Salir,1,0,0,preterite,preterite,SPA 3,intervention,Text_212,1,1,preterit,preterit
24,Recibe,Recibir,1,0,0,present,present,SPA 3,intervention,Text_212,3,3,present,present
25,Acepta,Aceptar,1,0,0,present,present,SPA 3,intervention,Text_212,3,3,present,present
26,Había agregado,Agregar,1,0,0,pluperfect,pluperfect,SPA 3,intervention,Text_212,6,6,other,other
27,Acuerdan,Acordar,1,0,0,present,present,SPA 3,intervention,Text_212,3,3,present,present
28,Encontrarse,Encontrarse,1,0,0,infinitive,infinitive,SPA 3,intervention,Text_212,4,4,other,other
29,Se encuentran,Encontrarse,1,0,0,present,present,SPA 3,intervention,Text_212,3,3,present,present
30,Intercambian,Intercambiar,1,0,0,present,present,SPA 3,intervention,Text_212,3,3,present,present
31,Se habían equivocado,Equivocarse,1,0,0,pluperfect,pluperfect,SPA 3,intervention,Text_212,6,6,other,other
1,Es,NA,0,0,1,present,imperfect,SPA 3,intervention,Text_213,3,2,imperfect,present
2,Hablan,NA,0,0,1,present,imperfect,SPA 3,intervention,Text_213,3,2,imperfect,present
3,Va,NA,0,0,1,present,preterite,SPA 3,intervention,Text_213,3,1,preterit,present
4,Aprende,NA,0,0,1,present,preterite,SPA 3,intervention,Text_213,3,1,preterit,present
5,Volaba,NA,0,0,1,imperfect,preterite,SPA 3,intervention,Text_213,2,1,preterit,imperfect
6,Conoció,NA,1,0,0,preterite,preterite,SPA 3,intervention,Text_213,1,1,preterit,preterit
7,Era,NA,1,0,0,imperfect,imperfect,SPA 3,intervention,Text_213,2,2,imperfect,imperfect
8,Realizó,Realiza* (Darse cuenta),1,0,0,preterite,preterite,SPA 3,intervention,Text_213,1,1,preterit,preterit
9,Es,NA,0,0,1,present,imperfect,SPA 3,intervention,Text_213,3,2,imperfect,present
10,Fue,NA,1,0,0,preterite,preterite,SPA 3,intervention,Text_213,1,1,preterit,preterit
11,Comprar,NA,1,0,0,infinitive,infinitive,SPA 3,intervention,Text_213,4,4,other,other
12,Comieron,NA,1,0,0,preterite,preterite,SPA 3,intervention,Text_213,1,1,preterit,preterit
13,Estaban,NA,1,0,0,imperfect,imperfect,SPA 3,intervention,Text_213,2,2,imperfect,imperfect
14,Fue,NA,1,0,0,preterite,preterite,SPA 3,intervention,Text_213,1,1,preterit,preterit
15,Tiene,NA,0,0,1,present,imperfect,SPA 3,intervention,Text_213,3,2,imperfect,present
16,Habló,NA,1,0,0,preterite,preterite,SPA 3,intervention,Text_213,1,1,preterit,preterit
17,Dio,NA,1,0,0,preterite,preterite,SPA 3,intervention,Text_213,1,1,preterit,preterit
18,Busque,NA,1,0,0,preterite,preterite,SPA 3,intervention,Text_213,1,1,preterit,preterit
19,Se recupe,NA,0,0,1,present,infinitive,SPA 3,intervention,Text_213,3,4,other,present
20,Esta,NA,0,0,1,present,imperfect,SPA 3,intervention,Text_213,3,2,imperfect,present
21,Cocinó,NA,1,0,0,preterite,preterite,SPA 3,intervention,Text_213,1,1,preterit,preterit
22,Habló,NA,1,0,0,preterite,preterite,SPA 3,intervention,Text_213,1,1,preterit,preterit
23,Arrivó,NA,1,0,0,preterite,preterite,SPA 3,intervention,Text_213,1,1,preterit,preterit
24,Estaba,NA,1,0,0,imperfect,imperfect,SPA 3,intervention,Text_213,2,2,imperfect,imperfect
25,Fue,NA,1,0,0,preterite,preterite,SPA 3,intervention,Text_213,1,1,preterit,preterit
26,Animó,NA,1,0,0,preterite,preterite,SPA 3,intervention,Text_213,1,1,preterit,preterit
27,Se encuentra,NA,0,0,1,present,preterite,SPA 3,intervention,Text_213,3,1,preterit,present
28,Se ríen,NA,0,0,1,present,preterite,SPA 3,intervention,Text_213,3,1,preterit,present
29,Se mezclaron,NA,1,0,0,preterite,preterite,SPA 3,intervention,Text_213,1,1,preterit,preterit
