Term,Group,Course,Age,Gender,Written_narrative_unfiltered
S22,PFG,SPA 2,19,Female,It was about a girl who was having a quincenera and she wanted it to be perfect. She ran into obstacles when the people that were in her dances got hurt. 
S22,PFG,SPA 2,21,Female,La quinceañera es un libro sobre Gabriel como es el chambelán de honor para su mejor amiga. Gabriel y Luisa quieren bailar pero Luisa está muy preocupada y Gabriel se torció el tobillo. Luisa es una perfeccionista y quiere que a todos son perfectas también. Gabriel no baila bien porque no practica mucho pero su padre le ayuda mucho.
S22,PFG,SPA 2,19,Male,El libro fue sobre de las dificultades de una quinceañera. Hay muchas problemas con la fiesta. 
S22,PFG,SPA 2,18,Female,"The book was about a group of friends preparing for one of the friend's quinceañera. There are many things that happen such as a bike crash and viral videos, but the story mainly focuses on preparing for the dance that they will do at the quince. One of the characters is very stressed about not messing up the dance, and they do their best, but they still step on the girl's foot. There is also a flash mob that takes place at the quince. "
S22,PFG,SPA 2,19,Female,Gabriel quiere bailar con su hermana para su quiñcenera. No es bravo pero se ama Lola. Gabriel tiene una novia Irene quien es muy simpatica. Gabriel tiene un robillo malo porque una bicecleta corre a su. Gabriel se cuida y puede bailar con Lola. él no hace bíen y está vergüenzo. 
S22,PFG,SPA 2,19,Female,"En la novella la qunicenera el principal persona es Gabriel, Gabriel es un estudiante a UC Davis. La hermana de Gabriel es Lola. La novella es about la preperacion de la quincenera de Lola. Una quincenera es un fiesta para la celebracion hispanica de un chica tiene 15 anos. La problema con la celebracion es que Gabriel es muy estresado de esta una persona de honor en la quincenera de su hermana y neccesita baila en la celebracion. Gabriel tiene que muchas responsibilidades y el no puede todos. Gabriel tocar su tobillo y su hermana esta enojada porque el no puede bailar en su quincenera, pero todo es bueno porque la tobillo de Gabriel cura y es possible para su bailia con su hermana."
S22,PFG,SPA 2,20,Female,"En este libro, Gabriel es un hombre que vive en Davis. La hermana de Gabriel se llama Lola, y una chica tiene un quinceañera. Lola pide a Gabriel ser un chambelán de honor. Sin embargo, Gabriel no puede bailar bien y pregunta a Irene y Jake para ayudar. Irene es una novia de Gabriel y Jake es un compañero de cuarto de Irene. Gabriel trata de aprender a bailar para la quinceañera de Lola. Cuando Gabriel practica el baile, Jake graba un video. Muchas personas ven un video de Jake en TikTok. Entonces, Gabriel tiene un accidente con otro ciclista y va a el hospital con Irene y Jake. Al mismo tiempo, Gabriel necesito trabaja con un profesora porque falló un examen. 

En otro capitulo, la mama de Gabriel hace un jugo de cebolla. Gabriel no le gusta el jugo. Entonces, la quinceañera de Lola fue muy bien. Gabriel baile con Lola y hay un flash mob. "
S22,PFG,SPA 2,20,Female,"La quinceañera es un libra acerca de un chico que se llama Gabriel, el se lastima su tobillo y no puedo bailar en la quinceañera de su amiga que se llama Lola.  El libro habla de su experiencia al lastimarse a sí mismo, reprobar su clase y cómo mejora.  Al final del libro, el vestido de Lola se cambia por el de otra persona, pero Gabriel salva el día y la ayuda a recuperar su vestido."
S22,PFG,SPA 2,20,Female,"Este libro es sobre de una Muchacha que se llama Lola y la quinceañera. Ella quiere ser una quinceañera perfecta y ella es un perfeccionista. Ella tiene un chambelán de honor que es Gabriel y una dama de honor que es Irene. Este libro le dan una cuenta sobre de los problemas que Lola tenía con sus planes, bailes, y vestido, para su quinceañera. Este libro habla sobre la cuenta de Gabriel y su tobillo roto que se cura más tarde. También sobre de Irene buscan al vestido de Lola. Finalmente, la quinceañera salió bien, y el papa de Gabriel estaba orgulloso de su hijo. "
S22,PFG,SPA 2,18,Female,"La quinceañera es sobre que Gabriel comó es el chambelan de honor y él necesito aprender a bailar. Se volvió muy ocupado y terminó torcí el tobillo en un accidente de bicicleta. Pero, hizo fisioterapia y él podía bailar nuevo en la quinceañera de su hermana, Lola. "
S22,PFG,SPA 2,19,Non-binary / third gender,"Lola tuvo una quinceañera. Al principio, algunos de los personajes se volvieron virales en tiktok. El hermano de Lola, Gabriel, tuvo una herida después el accidente de su bicicleta. El tenia miedo de no poder bailar en la quinea˜era de Lola. Es una problema por que Gabriel es un chambelan de la quinceañera. Gabriel sanó y pudo bailar en Lola's quineañera. Lola fue preocupado porque ella es una perfectionista. Lola quiere que su fiesta sea perfecta pero, Irene, la novia de Gabriel, accidentalmente se equivocó de vestido."
S22,PFG,SPA 2,24,Female,Se acerca el cumpleaños de Lola. su familia y su hermano Gabriel quieren celebrar una quinceañera. Gabriel practicaba baile para su hermana Lola. pero Gabriel reprobó sus exámenes y tuvo que trabajar en un laboratorio. después de que Gabriel tuvo un accidente y se rompió el tobillo. Él no puede bailar. se recuperó y puede volver a bailar. Gabriel y su familia ayudaron a Lola a tener una gran quinceañera.
S22,PFG,SPA 2,19,Female,"Lola, una niña de 15 años, tiene un hermano mayor llamado Gabriel, que es su chambelane de honor. Gabriel se pone en un accidente con su bicicleta y se cae. Se rompió el tobillo y ya no puede bailar. Gabriel podía bailar así que recibió ayuda de sus amigos. Uno de sus amigos lo graba baile y subido a Tik tok. El vídeo se volvió viral. Gabriel comenzó a aprender más a bailar, pero sus calificaciones comenzaron a bajar. Así que su maestra le pidió ayuda en el laboratorio para obtener su calificación. Una parte de la historia los vestidos se mezclaron así que Irene fue a buscar el vestido de Lola. Alguna otra persona tenía su vestido azul mientras que ella tenía su vestido blanco. Gabriel también olvidó el cumpleaños de su novia, Irene, porque estaba muy ocupado con la escuela, su tobillo y el baile."
S22,PFG,SPA 2,20,Female,"La hermana de Gabriel, Lola, tiene una quinceañera. Lola tiene una quinceañera porque es su decimoquinto cumpleaños. En la cultura española, las quinceañeras celebraban que una niña se convertía en mujer. Lola le pidió a su hermano, Gabriel, que fuera su chambelán de honor, lo que significa que tienen que bailar juntos. Esto puso a Gabriel muy nervioso pero feliz.Para la quinceañera de Lola, Gabriel tomó clases de baile para poder hacer el baile correctamente. Mientras Gabriel practicaba para el baile con Lola, se tomó un video y se publicó en línea. Gabriel se hizo un poco famoso con Irene, su novia, del baile. Gabriel luego tuvo un accidente de bicicleta y tuvo que ir al hospital porque se rompió el brazo. La historia se adentra más en la vida de Gabriel y las personas en él. Al final de la historia, gabriel baila con lola en su quinceañera y no baila correctamente. Lola todavía lo pasó muy bien."
S22,PFG,SPA 2,19,Male,la historia de la quinceañera es sobre la quinceañera de una niña. Las cosas van bien hasta que Gabriel se lastima. esto es malo porque él es importante para el baile. gabriel se lastima al caerse de su bicicleta cuando golpea a alguien. gabriel necesita ir al doctor quien le dice que no se mueva. la historia luego sigue a las personas que ayudan a arreglar la fiesta.
S22,PFG,SPA 2,22,Female,"Lola cumple quince años y tiene una quincenera. Lola y sus amigas hicieron bailes de Tik Tok y esperaban hacerse famosas y viralizarse. Lola y Gabriel tienen un amigo llamado Jake. Jake es un muy buen bailarín. Jake ayuda a Lola y Gabriel enseñándoles a bailar.Su hermano Gabriel está destinado a escolta Lola. Desafortunadamente, Gabriel sufre un accidente de bicicleta en el campus y se lastima la pierna. Después de su accidente de bicicleta, Gabriel pasa mucho tiempo compadeciéndose de sí mismo y se sienta en el sofá y se queja. Ve mucho bailar con las estrellas y está enojado porque no puede bailar en la quinceañera. Ya no puede bailar con Lola ni acompañarla, lo que lo enoja. También pone nerviosa a Lola porque es una perfeccionista. Por ejemplo, el vestido de Lola se pierde y ella se pone muy nerviosa. Por suerte irene encuentra su vestido. Durante este tiempo, Gabriel está saliendo con Irene. Gabriel está tan molesto y distraído que olvida el cumpleaños de Irene. Irene está molesta al principio, pero luego lo perdona. Irene y Gabriel se abrazan y se reconcilian. Por suerte, Gabriel se recupera y puede venir a la Quincenera. Todos se lo pasan genial. Lola parece una princesa y está muy feliz. Gabriel pisa los zapatos de Lola y los ensucia. Gabriel está muy nervioso en la quinceañera pero su padre lo consuela diciéndole que hizo un gran trabajo. El papá de Gabriel y Lola los felicita a ambos. Su amigo Jake coreografía un baile sorpresa para el gran día de Lola."
S22,PFG,SPA 2,23,Male,"Gabriel quiere bailar a la quinceanera de su hermana, pero el se rompe la pierna en un accidente de bicicleta. Gabriel molesta a su novia pero finalmente su pierna se cura y baila."
S22,PFG,SPA 2,19,Male,la quinceañera es un libro sobre una chica y una quinceañera. La chicas nombre es Lola. Lola es la hermana de Gabriel. Gabriel tiene un novia llamado irene. A través del libro muchas cosas salen mal por ejemplo la quinceañera vestido fue cambiado con un vestido de boda.
S22,PFG,SPA 2,19,Female,"En este libro, Gabriels hermana lola, tiene un quinceanera. Lola quiere Gabriel es un chambelan. Pero, Gabriel se lastima su pie. "
S22,PFG,SPA 2,23,Male,"Gabe was asked to be the chambelan de honor for his sister's quinceanera. In order to fulfill that obligation he needed to learn to dance. The main plot is that, but there's tons of filler in between such as tiktok videos, gabe getting in a bicycle crash, lola getting the wrong dress, etc."
S22,PFG,SPA 2,21,Female,"En la quinceañera, Lola quiere Gabriel ser la chambelan de honor por su quinceañera. Gabriel esta muy nervioso y toma clases de baile. Una día, Gabriel choca con una ella cuando está montando su bicicleta en una glorieta. Él rompa su tobillo y no puede bailar. En el fin, Gabriel puede baile, pero es muy mal. "
S22,PFG,SPA 2,21,Female,"the book is about a boy who is asked to be a chambelan by his younger sister for her quince. While, he's glad to be asked he's also nervous as he is bad at dancing. He then start to practice with friends but falls behind in class and has to help the teacher. One day he gets into a bike accident and  hurts his ankle causing him to need rest. Lola then asks her other brother to be the chambelan. Eventually the day of the party everything goes well and they have fun. "
S22,PFG,SPA 2,19,Female,"The book was about a boy named Gabriel who had to be the chambelan for his sisters quinceanera. He was very scared about it beause he did not know how to dance. His girlfriend Irene said that she would be able to help him learn and they learned together. Gabriel started going to dance lessons in order to prepare, but eventually he ended up forgetting about school work and started failing one of his classes. His professor gave him another chance, so Gabriel became even more busy and had to start working for his teacher. One day Gabriel was riding his bike and he go into an accident with a girl and he hurt himself. He twisted his ankle and was unable to dance. He recovers and ends up going to his sisters quince. He messes up a few times, but at the end of the day they are happy about the party ."
S22,PFG,SPA 2,18,Female,"El libro es sobre de un hombre se llama Gabriel. Su hermana, Lola, quiere Gabriel ser su chambelán en su quinceñera, pero Gabriel no sabe como bailar. Es muy nervioso, pero su amigo, Jake, y su novia, Irene ayudan a Gabriel. Ellos ayudan enseñar a Gabriel como bailar, y hay muchas problemas. Hay otras cosas, pero no son importantes."
S22,PFG,SPA 2,19,Male,"Gabriel and Irene are siblings and Irene is going to have a quinceanera, which is a girl's fifteen-year birthday party and is meant to symbolize the coming of age. Gabriel has been asked to be the one who dances with Irene but he has broken his ankle. He wants to dance but he keeps making mistakes that prevent him from dancing."
S22,PFG,SPA 2,18,Male,"En el libro, una chica tiene una quinceañera. Ella quiérelo ser perfecto porque la quinceañera es un evento importante en la vida de una chica. Su hermano tiene que ser un chambelán, pero no puede bailar. Él necesita tomar las clases de baile, pero se cae en su bicicleta y rota su tobillo. El médico lo dice que él debe descansar y tomar las pastillas para el duele. Él se cuida y puede ser en la quinceañera, pero su hermana está enojada. Su padre lo ofrece ayuda y lo hace sentirse mejor."
S22,PFG,SPA 2,23,Female,"Gabriel is a UC Davis student who has a girlfriend from Spain named Irene. They go to visit Gabriel's family in Stockton. At this party, Gabriel's sister Lola asks him to be her chambelán de honor and he feels very nervous about this because he doesn't know how to dance. Gabriel and Irene resolve with the help of their friend Jake to learn how to dance to prepare for Lola's quinceañera. Gabriel has a super busy schedule between school and volunteering in his viticulture professor's lab. He crashes on his bike and twists his ankle, making it so he can't practice dancing for a while. Just before the quince he is better. At the quince, he does okay, but feels he didn't do well because he steps on Lola's foot. In the end his father is proud of him, so he feels much better."
S22,PFG,SPA 2,23,Male,"Gabriel e Irene están enamorados. Una semana, Gabriel conduce su coche con Irene a la casa de su familia para un almuerzo. Alla, el padre de Gabriel le dice que Gabriel va a ser el chambalán en la quinceañera de su hermana, y necesita aprender un baile muy importante en la ceremonia. Gabriel no sabe como bailar, y por eso necesita aprender muy rápido. Cuándo estaba practicando su baile con Irene, su amigo Jake grabó un video de la pracitca. En la mañana, el video es muy popular en TikTok, y Gabriel es famoso. El próximo dia, Gabriel tiene un accidente en su bicicleta y se torce su tobillo. Gabriel necesita mejorar en tiempo para la quinceañera."
S22,PFG,SPA 2,18,Female,"It follows the character named Gabriel and some of his friends and family as he goes through the challenges of juggling school (at UC Davis), being terrible at dancing, and his sister's 15th birthday party. He is asked to be the chambelan de honor for his sister’s birthday. This causes him to try to practice dancing and, even with the help of friends (more specifically Jake and Irene), continues to look like a ""vulture"" while dancing and is continually teased for it. He gets a bad grade in one of his classes, which ends up getting him extra work from his professor who tasks him with multiple things to make up for his poor grade. Later, he gets hit by a girl on a bike with a dog while she rode around a roundabout, and she, for no real reason, gives him a flower. He ends up meeting up with a doctor to be informed that he needs a cast and may not be able to dance at his sister's birthday because his ankle was hurt, which really upsets him. At some point in the story, he forgets his girlfriend's birthday, gets videotaped while dancing poorly, and some other random things occur. His sister at the end gets her dress mixed up with a bride’s dress, and Irene, Gabriel’s girlfriend, ends up straightening it out with a bridesmaid. He does dance at the party, which his dad congratulates him on saying that he is proud of the way Gabriel handled the whole situation. "
S22,PFG,SPA 2,22,Male,"Gabirel es el invitado de honor de la quincenera de su hermana, sin embargo no sabe bailar, muy ocupado y es atropellado una bicicleta."
S22,PFG,SPA 2,20,Non-binary / third gender,Basicalmente un chico necesita ayudar su hermano con su quinceñera pero se rompió su pierna y no puede caminar. 
S22,PFG,SPA 2,18,Male,So we start with a brother that wants to be the main chambelan is his sisters quinceañera but he doesn't know how to dance. He starts to go to dancing lessons and learns to dance with his girlfriend. He really hits his rhythm and its become a hobby of his to go dancing. That is until he crashes with a girl on a roundabout and breaks his leg. He becomes depressed because he doesn't think that he'll be able to dance with his sister anymore. That is until he heals and slowly starts to dance again. Next thing you know he is dancing in his sisters quince and although he messes up and steps on her shoe he pulls it off. overall 3/10
S22,PFG,SPA 2,18,Female,"It's about a girl having her quince party and everyone trying to help plan it. One of the boys in her court gets into a bike accident and then he can't be in the quince dance. But, he gets better and gets his cast taken off, and can still dance in the quince. Also, they made TikTok famous out of the dance they learn for the quince."
S22,PFG,SPA 2,19,Female,"Lola ask her brother to be her chambalan, but her brother does not know how to dance. He makes an effort to learn how to dance for his sister with the help of his girlfriend. He ends up breaking his ankle because he gets in a bike accident. This stops him from practicing, but he still is able to dance with his sister at her party. He messes up a little, but his dad makes him feel better. "
S22,PFG,SPA 2,26,Male,"La hermana de Gabriel va a tener su quinceañera, y invita Gabriel a bailar con ella. Gabriel no sabe bailar, y entonces toma clases de su amigo Jake. El se rompió su pierna durante de trimestre y tuvo mucha estrés. "
S22,PFG,SPA 2,20,Female,"Gabriel tiene que prepararse para la quinceañera. Hizo un baile y se hizo famoso en tik tok. Llegó al campus pero le atropellaron en la rotonda, al lado de la oficina. Entonces, tiene que curarse el pie durante un tiempo. Eso afectó a su práctica del baile. También se olvidó del cumpleaños de su amiga, y ella se enfadó con él. Por fin, él y su amiga bailaron en la fiesta de quince años. Su amigo y él se vistieron muy guay."
S22,PFG,SPA 2,19,Female,"The book was about a brother being the chambelan of his sister for her quinceañera. One day he was riding his bike very fast on campus, that he crashed with another person and he hurt himself. He had to go to the hospital to see was wrong. When he went, the doctor said that he hurt his ankle and that he needed to be resting so he could get better soon. He had to stop practicing for the quinceañera. "
S22,PFG,SPA 2,25,Male,"Alguien es el chambelán de la quincenera de su hermana pero no sabe bailar. Pero al volver de las clases, se han torcido el tobillo. Sin embargo, se recuperaron y lograron participar."
S22,PFG,SPA 2,21,Male,"La historia sigue al personaje principal, Gabriel, que es estudiante de UC Davis. Aprendemos sobre él, su vida en Davis, sus amigos, y su familia. La trama principal de la historia sigue los problemas que ocurren mientras Gabriel se prepara para ser el chambelán en la quinceañera de su hermana menor. Él enfrenta problemas con la escuela, su relación con su novia y su familia, e incluso su salud física cuando se lastima el pie. Al final, Gabriel puede superar todos los problemas que enfrenta y puede ser el mejor chambelán que puede ser para enorgullecer a su padre y hacer feliz a su hermanita. "
S22,PFG,SPA 2,21,Female,"Gabriel está una persona importante en la quinceañera de su hermana. Él está aprendiendo bailar por la quinceañera cuando fue en el accidente, y rompe su tobillo. El está muy triste desde la accidente, y olvida muchas de los dactos importantes, incluyen la cumpleaños de la novia. En el fin, Gabriel baila con su hermana y todo son bien."
S22,PFG,SPA 2,20,Female,La hermana de Gabriel planea su quinceañera. Gabriel suponerse que bailar con su hermana pero no sabe bailar. Gabriel aprende a bailar de su amigo (Jake) y su novia (Irene). Él está muy ocupado y estresado porque no hay tiempo para hacer todo. Gabriel se rompe el tobillo pero curase. ¡La quinceañera es muy bueno! 
S22,PFG,SPA 2,20,Non-binary / third gender,"Gabriel tiene una hermana. Su hermana tiene un quinceañera pronto. Su hermana se llama Lola. Lola quiera a Gabriel, “por favor, va a mi chamberlain y nos bailamos en la quinceañera”. Gabriel es muy nerviosa porque su bailar no bueno. Con Irene y Jake, Gabriel aprende a bailando. Entonces, Gabriel se rompe el tobillo en el collision de bicicleta. El Doctor dije a Gabriel, no mudarse su tobillo. Gabriel está triste por que no bailar con Lola por su quinceañera. Entonces, Gabriel tienen mucha tarea. Entonces, el vestido de Lola no tienen, Irene va a la maneja consigue a vestido, pero tienen un vestido está blanco no Azul. Irene consigue el vestido proper, y monta su bicicleta a Lola. La quinceañera es muy bueno y a todos a la familia de Lola están feliz. "
S22,PFG,SPA 2,22,Male,"Gabriel es un chambelan por la quinceanera de Irene y practica mucho. Un dia, Gabriel tiene dolor de su tobillo. Gabriel descansa y practica bailando por la quinceanera y la fiesta es buena."
S22,PFG,SPA 2,25,Male,"Su hermana le pregunta a Gabriel si puede ser el chambelán de honor en su quinceañera. Está muy contento por ello, pero también preocupado porque tiene que practicar el baile. Así que practica con su novia Irene y un amigo llamado Jake. Jake los filma mientras bailan como buitres y el vídeo se hace muy famoso en el red. Un día Gabriel pasa con su bicicleta por una glorieta en Davis y tiene un accidente y se tuerce el tobillo. Como ya no puede bailar, está muy triste e incluso olvida el cumpleaños de Irene. Al final, puede seguir bailando en la quinceañera. Su padre está muy orgulloso de él porque no fue fácil."
S22,PFG,SPA 2,19,Male,"La hermana de Gabriel tiene un quincenanera en el futuro y quiere Gabriel bailar con ella. Gabriel no supiste bailar. A preparar, Gabriel tiene un clase de baile y baile en tiktok. Gabriel tuve un tebillo roto en un accidente de biscleta. El cura y puede ir a quinceanera."
S22,PFG,SPA 2,22,Female,"In this book, each chapter detailed the journey that three characters went through to prepare for Lola’s quinceañera. At first, they faced miniature fame because their tiktok dance had gone viral. They went to the MU at UC Davis and were told that people saw their dance. Next, they learned to dance for the celebration and got instruction from a friend, however, because of an injury from a bike and a roundabout, that had to be put on hold. Last, after a trip to the doctor, the preparation for the celebration was put on again. However, the dress was mixed up, and they had to quickly run to another event to get the right dress. In the end, the dance went by very well, and the birthday girl was grateful and happy. "
S22,PFG,SPA 2,20,Female,"En este libro, el protagonista Gabriel va a asistir al cumpleaños de dieciséis años de su hermana. Y el cumpleaños es especial porque ese día van a hacer una fiesta para celebrar el cumpleaños de esa joven y van a elegir a una persona para que baile con la cumpleañera. Por desgracia, Gabriel se rompió el tobillo debido al accidente. Se deprimió y se sintió culpable porque el médico le dijo que no podría bailar durante mucho tiempo. Pero al final, Gabriel consiguió bailar con su hermana con la ayuda de su amigo."
S22,PFG,SPA 2,31,Female,"El libro iba sobre un chico, Gabriel, de Davis que fue elegido para ser chambelán en la quinceañera de su novia, Irene. El libro empezaba con ellos siendo grandes bailarines y haciéndose viral en un vídeo de TikTok, pero más tarde Gabriel terminó sufriendo un accidente de bicicleta con otra estudiante, que llevaba un perro en la cesta. Todos estaban bien, pero Gabriel se ha roto el tobillo. También pasaron otras cosas, como que Gabriel se olvidó del cumpleaños de su novia, o que suspendió su examen y tuvo que trabajar en el laboratorio de su profesor, y tuvo que llevar una escayola por su tobillo roto. También hubo una parte en la que el vestido de quinceañera de Irene se confundió con el vestido equivocado, pero al final todo salió bien. Gabriel pudo bailar en la quinceañera, e Irene estaba contenta a pesar de que se equivocó en el baile final. Su padre seguía orgulloso de él y Gabriel grabó a Jake cantando para poner el vídeo en TikTok en un intento de hacerlo viral."
S22,PFG,SPA 2,19,Female,"En el libro, La Quinceañera, la hermana de Gabriel, Lola, va a tener una quinceañera y preguntó a su hermano si puede ser su chambelán de honor. Gabriel dijo sí que puede ser el chambelán de honor, pero estaba un poco nervioso porque no sabía cómo bailar. Irene, la novia de Gabriel, le dijo a Gabriel que lo ayudará a aprender a bailar con la ayuda de su amigo Jake. Estuvieron practicando durante unos días y Gabriel terminó chocando su bicicleta con la bicicleta de otra persona. Gabriel se puso bien triste porque no podía ser el chambelán de honor. Llegó el día, y el vestido de Lola se mezcló con el vestido de una novia. Sintió que toda su fiesta estaba arruinada, pero Irene se fue a conseguir el vestido correcto. Gabriel también fue capaz de ser el chambelán de honor y bailó con Lola.
"
S22,PFG,SPA 2,21,Male,Miguel is going to Dance for his sisters Quincinera. He practices often with his girlfriend and later a dance teacher. Unfortunutately he injures his leg in a bicycle accident and can no longer dance.
S22,PFG,SPA 2,19,Female,"Gabriel quise ser el chambelán de honor para Lola, su hermana, en su quinceañera. Pero, Gabriel no supo bailar. Con la ayuda para Irene, su esposa, y Jake, su amigo, Gabriel aprendó bailar. Mientras salió su clase de biología, Gabriel cayó y giró su tobillo. Después del accidente, Gabriel no quiso bailar con su hermana, pero su familia y Irene motivaron Gabriel bailar en la quinceañera."
S22,PFG,SPA 2,20,Male,"The main character’s sister has a quincinera.  He doesn’t know how to dance.  He takes dancing lessons so that he wouldn’t make a fool of himself during the quincinera.  He gets injured from a bike accident and breaks his ankle, causing him to put a pause to his dance lessons.  When he recovers, he’s able to dance again."
S22,PFG,SPA 2,20,Male,"A guy named Gabriel is asked by his little sister to be the chamberlain of honor at her quineñera. Gabriel says yes but is nervous because he doesn't know how to dance. His girlfriend, Irene, helps him learn to dance. While practicing, Gabriel's friend, Jake, videotapes him without him knowing and posts the dance to Tik Tok, which becomes popular. One day, Gabriel crashes his bike and tears his ankle, so he can no longer dance. However, he heals in time for the quinceñera but messus up during his dance with his sister. His father makes him feel better afterwards however."
S22,PFG,SPA 2,19,Female,The main character has a boyfriend and she meets his family. She recognizes that their cultures are different and she is interested to learn more about his. His sister is having a quinceanera soon and she asks the main characters boyfried (her brother) to be the main chambelan. He gladly accepts because it is honorable but he doesn't know how to dance. The main character and him put lots of effort into teaching him how to dance but then he gets in an accident while biking and twists his ankle. He then worries that he wont be able to be the main chambelan for his sister but he recovers just in time.
S22,PFG,SPA 2,18,Female,"El libro es sobre un hombre se llama Gabriel, el novio de Irene y un estudiante de UC Davis. Gabriel tiene una hermana se llama Lola y Lola va a tener una quinceañera. Lola quiere que Gabriel es su chambelán de honor, pero hay un problema: Gabriel no puede bailar. Gabriel aprende a bailar pero hay un accidente cuando Gabriel está en su bicicleta. Gabriel tiene un tobillo torcido y no puede bailar. Luego, Gabriel es mejor y no tiene una escayola más. Él puede ser el chambelán de honor para Lola. Durante la quinceañera, Gabriel y Lola bailan juntos y Gabriel hace un error, pero su amigo Jake organiza un flashmob y todo es bien. "
S22,PFG,SPA 2,18,Female,"The book starts with Gabriel and Irene, who are dating, visiting Gabriel’s family. There Gabriel’s sister, Lola, asked him to be the Chambelán de Honor for her quinceañera. Gabriel agrees but the problem for him is that he doesn’t know how to dance. So he asks Irene for some help, and she mentions her friend Jake, who could help teach him. And so they do, Gabriel spends a lot of time practicing. His grades start slipping and his teacher tells him that he could help the teacher. So he also starts doing that. One afternoon Gabriel is rushing to go somewhere on campus and he gets in an accident. His ankle gets sprained and so he has to wear a cast. He becomes upset about the whole thing because he could no longer dance and practice for the quinceañera. Eventually he gets better and is able to dance in the quince. "
S22,PFG,SPA 2,19,Male,"The story is about a quinceañera that will be for the Gabriel's sister Lola. Gabriel is a student at UC Davis with his girlfriend Irene and the story is told mostly from his perspective. Gabriel finds out about the Quinceañera when he goes back home to Stockton from Davis to see family. Gabriel spends a lot of his time stressing out about the quinceañera because he will be the chamberlain of honor. He practices dancing with Irene and ends up going viral on Tiktok. Gabriel gets injured after crashing into someone on campus and can not practice for a while due to the injury. He recovers and eventually is able to continue practicing with the help of Jake. Eventually, the story ends with the quinceañera"
S22,PFG,SPA 2,19,Female,"En La Quinceañera, Gabriel quiere ayudar a su hermana, Lola, con su quinceañera. Lola quiere que Gabriel está su chambelan de honor. Esto lo hace muy nervioso. La novia de Gabriel se llama Irene y viene de España. Ella ayuda su novio a practicar como bailar para la quinceañera porque Gabriel no quiere avergonzarse o su hermana. Su amigo de la universidad en Davis se llama Jake y él recuerda Gabriel y Irene. El video se vuelve viral. Gabriel está enfadado con Jake. Entonces, se enorgullece del video porque a la gente le gusta. Luego, Gabriel se rompa la pierna. No puede bailar más. Está muy triste. Baila por Irene como un buitre y ella recuerda la baile y toma en TikTok. The video goes viral, and people do the dance. Then, his leg heals, and he can dance again. Lola asks if Gabriel can help her get ready for the quinceañera. She needs someone to pick up her dress at the dressmaker. Gabriel asks his girlfriend Irene if she can drive to the shop to pick up the dress. When she gets there, the dressmaker gives her a white dress instead of a blue dress. The woman realizes that she gave Lola’s dress to a bridesmaid at a wedding. Irene then drives over to the church where the wedding is taking place and she exchanges the dress for the right one. When she arrives at the quinceañera, Lola is super glad to have the dress. Gabriel messes up the dance a little bit, but Jake has people do a flashmob where they dance Gabriel’s eagle dance. His dad is proud of him. "
S22,PFG,SPA 2,18,Female,"Gabriel's sister has a quinceañera, and she asks him to be her chambelán de honor. He is very scared because he does not know how to dance well, so his girlfriend helps him. While he is practicing for the dance with Irene, Jake takes a video of them dancing and puts it on Tiktok. He also becomes very stressed balancing all these things in his life and ends up failing a class and forgetting Irene's birthday. Irene is understanding and forgives him because he is very sorry about what he did. His sister Lola is also very stressed because she is a perfectionist and she want everything to go right for her party. Then, Gabriel breaks his ankle while he is riding his bike on his way to class at a roundabout. His father and stepmother come to take care of him while he is injured. This also means he will not be able to be the chambelán de honor because of his injury. His brother offers to be the chambelán de honor instead of him, but Gabriel is upset about this. Lola requests Irene to pick up the dress, but notices that the dress is not the right one. She ends up having to take the dress to a church to switch it for Lola's correct dress. He finally gets his cast off and is able to dance with his sister at her quinceañera. During the dance he stumbles, but there are distractions planned which reduce the embarrassment. Gabriel's father, Enrique is very proud of him nevertheless. "
S22,PFG,SPA 2,21,Female,"En La quinceañera, la main principal es sobre ayudar a la familia. El personaje se rompe el tobillo para acidente de bicicleta. La abuela ayuda mucho por de familia para la quinceñera. Al final, ellas terminan haciendo la quinceñera para ayudar de familia. "
S22,PFG,SPA 2,22,Male,‎‏‏‎ ‎
S22,PFG,SPA 2,19,Female,"la quinceañera es un libro por español 2, y el libro es “about” un chico, un estudiante de UC Davis, y su novia, learning a bailar por la quinceañera de su hermana porque èl es el champlan de honor. Bailando es muy difícil por el chico, porque èl es muy nervioso. La quinceañera fue muy bien porque el chico fue practicar para bailar. "
S22,PFG,SPA 2,19,Female,"The book follows Gabriel, who is the boyfriend of Irene. It begins with Gabriel's sister asking him to be her escort at her quinceañera. Gabriel accepts the invitation, but afterwards starts to feel worried and stressed out because he realizes that he can't dance. Gabriel and Irene ask their friend Jake to help them learn how to dance. He agrees to help them if Gabriel teaches him Spanish. During one of their practices, Jake films Gabriel and Irene dancing and publishes it on TikTok. It goes viral. Gabriel also begins to neglect his school work, and so his professor makes him work in his lab in order to make up for it. This stresses Gabriel out, who is worried that he won't be able to practice dancing. One day when he is biking to the lab, he gets into an accident. He goes to the hospital and finds out that his leg is broken. Gabriel immediately begins to feel horrible, worried that he won't be able to learn how to dance in time for his sister's quinceañera. He forgets about Irene's birthday, and when she approaches him, he confesses how he's been feeling. They practice dancing on his one good leg. Eventually, Gabriel gets the cast taken off his leg. The doctor tells him that he can practice dancing, but he has to do it slowly. Gabriel follows his advice. Closer to his sister's quinceañera, Irene is sent to get his sister's dress, but there is a misunderstanding, and Irene has to quickly get it from a lady at a wedding. Irene returns with the correct dress, and Gabriel's sister thanks her. During the quinceañera, Gabriel is feeling stressed. Him and his sister dance, but he makes a misstep. Luckily, Jake saves him by starting a flash mob. Gabriel feels bad, worried that he ruined his sister's quinceañera. However, his father approaches him after, telling him that he's done a wonderful job. Gabriel no longer feels as bad. The book ends with Gabriel filming Jake for revenge."
S22,PFG,SPA 2,25,Male,"Un chico tiene que aprender bailar por sus hermana quincenera. Un semena el cayo en un bicileta y no puede bailar. La historia tiene mucha personas includio su papa, sus amigos, y un maestro de baile. Un chico es muy nervioso sobre a la quincenera. El recibe ayuda para todos sabe."
S22,PFG,SPA 2,19,Male,"La quiceanera fue una historia sobre una chica se llama Lola y su quinceanera. En la historia, Gabriel (el hermano de lola) was supposed to be El Honor de Chambelan en la quinceanera pero el no puede bailar y el chambelan is supposed to bailar con la chica de la quiceanera. Los amigos de Gabriel se llaman Jake y Irene ayudan Jake better his dancing. "
S22,PFG,SPA 2,21,Female,"Un grupo de amigos preparan para un quinceañera. El hermano es la persona de honor. Desafortunadamente, le duele su pie. Él quiere bailar en la quinceañera pero no puede. Afortunadamente, tres semanas luego, él puede bailar para la quinceañera de su hermana."
S22,PFG,SPA 2,26,Female,"En la quinceanera, Gabriel aprendio bailar para estar el chambelan de honor para la quinceanera de su hermana Lola. Hay muchas cosas malas durante el tiempo cuando Gabriel esta aprendiendo bailar como Jake filming un film de Gabriel estuvo bailando como un buitre, tiene una rodilla rota despues de un accidente de bici, y se sientio triste porque no bueno bailar. Pero la quiceanera estuvo muy bien y muy magical. Lola se sientio feliz y Gabirel bailo."
S22,PFG,SPA 2,20,Male,"The main character is Gabriel, and it is about his endeavors regarding his little sisters quinceañera. First he has to learn how to dance with his sister for a tradition of the quinceañera, and when he is dancing his friend Jake takes of video of him and he goes viral on tic toc. After that he breaks his ankle riding his bike, meaning he can no longer dance in his sisters quinceañera. But he raucously he heals and is able to dance at the party. When dancing he steps on his sisters dress and then there is a mosh pit and Gabriels dad tells him he did a good job. "
S22,PFG,SPA 2,19,Male,"En el principio, el personaje principal, Gabriel, no sabe que bailar pero su hermana menor quiere Gabriel ser el chambelán de su quinceañera. Gabriel y su novia Irene pregunta a su amigo Jake para aprender el baile. Jake grabó un video de Gabriel y Irene y fue muy popular en Tiktok. Porque Gabriel está practicando el baile mucho, no tiene tiempo por su tarea y luego necesitó trabajar en un lab con su profesor para obtener una calificación bien. Un día, Gabriel tomó su bicicleta en Davis y chocó con una chica y su perro. Cuando Gabriel cayó al suelo, él tuvo un tobillo torcido. Gabriel no pudo bailar o ir a escuela por muchas semanas. Cuando él siente mejor, Gabriel practicó mucho. Finalmente, el día del quinceañera vino y Gabriel bailó muy bien."
S22,PFG,SPA 2,21,Female,"“La quinceañera” fue sobre un niño, Gabriel y sus amigos, Jake y Irene. La hermana de Gabriel, Lola, está celebrando su quinceañera y quiso a Gabriel para bailar con ella pero Gabriel no puede bailar. Gabriel quiso aprender y preguntó a sus amigos para ayudar. Pero, cuando Gabriel montó su bicicleta, se torció su tobillo. Gabriel no puede bailar. Al final, Gabriel se curó su tobillo y bailó con Lola. No le fue bien pero está bien porque Lola estuvo contenta. "
S22,PFG,SPA 2,19,Female,"A girl is planning her quinceañera and her brother is her main chambelan. He's learning how to dance and has some trouble. He gets hurt and can't dance or help for a while. In the end, the quinceañera goes well.  "
S22,PFG,SPA 2,22,Female,"The book is about Gabriel and his girlfriend Irene. Gabriel has a big family and they planned to celebrate his little sister’s 15th birthday which is a big event in the Spanish-speaking countries, also known as Quinceañera. Gabriel’s sister Lola wanted Gabriel to dance with her. But Gabriel is a bad dancer and he doesn’t know how to do Salsa. Irene knew this and helped Gabriel to learn some dance moves. Gabriel got busy just practicing for the quinceañera that he scored bad grades in his classes. The professor asked Gabriel that he can get a second chance if he works in the lab after class. Gabriel takes this opportunity but is tied up in a really hectic schedule. Their friend Jake also helped them practice in the salsa verde club. Gabriel was doing great and managing everything but he had a bike accident and he injured his ankle. Because of this he couldn’t practice salsa for a long time. Soon, the doctor told Gabriel that he can dance but he has to be careful. On the day of quinceañera, Lola’s dress is exchanged with a bride and Irene saves the day by getting the dress back. The book also focused on family and the beautiful relation they all shared with each other. At the party, everyone celebrated, enjoyed and are happy. "
S22,PFG,SPA 2,21,Female,"El libro es mas interesante. Gabriel es el novio de Irene. La hermana de Gabriel tiene una fiesta. Gabriel se rompió la pierna. Gabriel tiene que bailar para la quincenera. Gabriel tuvo que trabajar en el laboratorio porque reprobó el examen. Tenía muchos problemas, pero se resolvieron al final del libro. Irene preocupada por planificar la fiesta. Irene y Gabriel practicaron el baile para la fiesta. El video de baile de Gabriel fue en tiktok."
S22,PFG,SPA 2,19,Female,"Gabriel y su novia son estudiantes a UC Davis.  En el libro, Gabriel tiene una problema.  Él no puede bailar.  Su hermana tiene un quinceañera. Es su cumpleaños de quince. Gabriel es muy nervioso sobre el baile porque su familia y amigos están asistiendo. Gabriel quiere practicar bailar y su hombre Jake conoce bailar muy bien.  Desafortunadamente, Jake publica un video de baile de Gabriel.  Gabriel cae y rompe su pierna.  Gabriel va a la hospital visitar el médico.  Gabriel es muy triste cuando piensa que él no puede bailar a la quinceañera.  A la hospital, Gabriel y su novia argumentan porque él olvida su cumpleaños.  Luego, su hermana tiene un vestido equivocado para el cumpleaños.  Ellos encuentran el vestido después.  Gabriel es muy bien ahora y baile con su hermana.  
"
S22,PFG,SPA 2,19,Female,"El libro sobre Irene después ella está en Davis por mucho tiempo. Irene tiene su quinciñera y ahora tiene un novio, Gabriel. Gabriel es el chambelan de honor pero él no se bailar bien. Gabriel ir a clases de bailar y es muy está muy emocionada para estar el chambelan del honor. Planear para la quinciñera tiene muchas problemas. Gabriel dueló se pierna y luego estuvo enferma. Irene cambia el vestido de Lola con el vestido de una otra persona. Finalmente, está muchos cosas mal, Gabriel bailar buy bien para el chambelan del honor. "
S22,PFG,SPA 2,19,Female,"En el libro, Gabriel choca con su bicicleta contra otra persona en bicicleta. Esto hace que vaya al hospital y se lesione. Gabriel recibe una escayola en la pierna. Esto hace que tenga que quedarse en su casa a descansar. Esto hace que Gabriel se emocione y hasta se olvide del cumpleaños de su novia Irene. Esta lesión preocupe Gabriel y piensa que no puede bailar en la quinceañera de su hermana, Lola. Esto entristece a Gabriel porque ser el chambelán de honor es importante para Lola y el también. Gabriel practica y baila con su hermana en su fiesta. El le pisa accidentalmente el zapato, pero bailan bien, que es lo único que importa. "
S22,PFG,SPA 2,18,Female,"Es la Quinceañera de Lola y necesita una Mujer de honor. Su hermano es Gabriel. Lola pregunta a Gabriel que si él puede estar la chambelán de honor. Gabriel es muy nervioso y contento. Porque él no sabe bailar!  Es un problema muy largo porque la Quinceañera necesita bailar con la chica Lola. Gabriel toma clases de baile y si él no puede bailar! Luego Gabriel está andando en bicicleta y cae. El tiene un brazo roto y si no quede bailar, y con un brazo roto. Gabriel se frustra porque está lesionado y no puede bailar en la quinceañera y su hermano se ofrece a ser el chambelán de honor. Tambien Irene se enoja proque Gabriel olvida el cumpleaños de Irene. En la quinceañera, Lola está estresada porque Lola es una perfeccionista, le encanta que todo sea como se lo imagina. Y también la quinceañera es una fiesta muy largo. Gabriel dijo ""me torcí un tobillo y tengo mucho dolor"". Luego, Gabriel está feliz de nuevo porque puede bailar de nuevo. Y Irene sabe que el vestido de la tienda no es de Lola porque es blanco! Celebran la quinceañera en una iglesia y es muy bonita. Con su vestido Lola parece a una princesa! Y el regalo de Lola fue un medallón y a Jake ayuda a coordinar el baile sorpresa. Si la Quinceañera fue fantastico. Las familias y amigos fueron muy feliz para Lola. Gabriel bailo bueno y todo fue bien. Irene y Jake tambien tener feliz!
"
S22,PFG,SPA 2,21,Female,"En la quinceañera Lola es la chica quien celebramos. Lola quiere su hermano, Gabriel, para bailar y ser el chamberlain de honor para el evento. Pero su hermano no sabe que bailar. Por eso, sus amigos (Jake y Irene) ayudan ello para preparar para la quinceañera. Un día Gabriel se chocas en su bicicleta con una chica y se torce su tobillo. Él está muy frustrado y tiene descansar, y no puede bailar por algunas semanas. Pero cuando él se mejora, puede practicar mucho con Jake y Irene. Ellos practican mucho, y Jake habla mejor en español. Pero en el día de la quinceañera, Irene va a tomar el vestido de Lola, pero las personas not tiene el vestido porque ellos dieron el vestido a otra persona. Luego, Irene va a ver la persona y cambia vestidos con la otra persona. Luego Gabriel baila con Lola y él no está feliz porque él caminó en la pie de Lola. Ello es muy frustrado pero su padre habla con ello y dice que él hizo muy bien y fue un chamberlain de honor excelente para Lola."
S22,PFG,SPA 2,22,Male,"A Gabriel y Irene està novia y novio, y la hermana de Gabriel tuvo su cumpleaños de quinceañera. La celebración es grande pero antes de Gabriel puede bailar, él enfermo en la accidente de bicicleta. El voy a hospital para cuidarse. Jake ve a Gabriel practica bailar y recordar como mal el está. El vestido de hermana es da a otra mujer y Irene tuvo que correr para retorna la vestido incorrecto. Es muy difícil prepara por la quinceañera y hermana de Gabriel es muy Estrada. La hermano de Gabriel visita cuando Gabriel es descansa para mejorarse. La tía de Gabriel es generosa y cocinar medicamento para Gabriel. Últimamente Gabriel se siente bueno y puede bailar con su hermana para su celebración. Pero Gabriel no baila bueno y necesito Jake para crear un distracíon."
S22,PFG,SPA 3,20,Female,"Irene y Gabriel son novio y novia, y son estudiantes a University of California, Davis. Irene y Gabriel van a Stockton para visitar la abuela de Gabriel. Irene y la familia de Gabriel comen mucho. Lola, la hermana de Gabriel, va a tener un quinceañera para celebrar sus cumpleaños. Ella quiere su hermano estar la chambelán de honor. Solo hay un pequeño problema: él so sabe bailar. Pero, Gabriel aceptas la solicitud de su hermano. Gabriel es muy nervioso, para no quiere defraudar su hermana. 
Jake, un amigo de Irene y Gabriel quiere enseñar a Gabriel a bailar. Jake es parte de la Uc davis spirit squad. Gabriel desafortunadamente tiene un accidente de bicicleta. Su tobillo torcido sana antes de quinceañera, y puede ser la chambelán de Lola
"
S22,PFG,SPA 2,23,Female,El libro para quinceañera de Lola quien es hermana de Gabriel. Gabriel está aprendendo bailar para baile su hermana. Gabriel llegar ayuda por Jack porque el no se como baile con su hermana. Gabriel llegar en un accidente en campus con el bicicleta. El no baile porque el dolor de el rodillo y doctor recomendó que Gabriel cuide y descanse. Gabriel trieste que el no practicar para su hermana. Pero desupes el practicar baile con Jack y Irene. Gabriel estaba baile con su hermana en ella quinceañera. 
S22,PFG,SPA 2,20,Female,"Hermana de Gabriel, Lola, va a quince. Lola planeando quinceañera para su cumpleaños. Lola pregunta Gabriel para chambelán de honor, así que Gabriel tiene que practicar bailar. Gabriel es no bueno en baile, así que su amiga, Irene, ayuda juntos. Cuando Gabriel y Irene practican bailar, sus amigo toma un video y upload en Youtube. El video de Gabriel baila hace famoso. Un día, Gabriel broke su pierna. Gabriel no puede bailer. El día de quinceañera, dress de Lola got mixed up. Irene quire ayuda, así que Irene tiene bicicleta a store. Al final, Lola tiene su dress porque Irene ayude. Quinceañera fue bien y Gabriel puede bailar también."
S22,PFG,SPA 2,19,Male,"Gabriel, Irene, y Jake son amigos. Gabriel esta preparando para el quinceanera. El esta el chambelan de honor. Gabriel esta practicando para el baile. Un dia, el choca en su bicicleta con una mujer. El va a un doctor. El doctor dice Gabriel este no puede a balair para el quinceanera. Gabriel esta triste porque no puede bailar. Gabriel descana su cuerpo para el bailar. Entonces, Gabriel siente bueno para el baile. El esta practicando. En la quincenera de Lola, el es la chambelan de honor. Su padre de Gabriel dice este Gabriel hago muy bueno en el baile. Gabriel habla con sus amigos y Lola y esta muy contento. "
S22,PFG,SPA 2,19,Female,"In Lola Lago, a group of detectives go to Spain. One of their friends wants to buy a house. But the guy selling the house is a scammer. They try to use their detective skills to solve the case. The man who is a scammer, is a very dangerous person who has drugs and guns. One day he tries to kill one of the girls on the beach, but her friend stops the man from drowning. They find out who he is and get him arrested. Then the guy who wanted to buy the house meets a woman and stays in Spain with her and they buy a different house."
S22,PFG,SPA 2,18,Male,Lola es una detective que ayuda a una persona llamada Nilson. Quiere comprar una casa cerca de la playa en España pero la gente mala tomó su dinero.
S22,PFG,SPA 2,22,Female,Un detective y su compañero intentan atrapar a un estafador inmobiliario. Localizan su oficina y el detective evita un intento de asesinato.
S22,PFG,SPA 2,18,Female,"Lola Largo es un dectectiva y el libro follows Lola y los otros dectectivos a solvar problemas. Lola fue a un país y ella conocé un hombre que compró una casa pero fue un scam y ella quiere bring el hombre, que se llama Magnus Nilson, a justice. Ella ayuda el hombre y el hombre malo que sold él la casa que no existe must face las consequencias gracias de Lola. "
S22,PFG,SPA 2,19,Female,"La historia de Lola Lago trata sobre detectives que resuelven un caso de fraude. Lola trabaja con otros detectives, Paco y Miguel. Trabajaron para ayudar a Nilsson a encontrar a los estafadores y llevarlos ante la justicia. Nilsson fue estafado por Gutiérrez quien le vendió una casa falsa. Encuentran cocaína y pasaportes falsos pertenecientes a Gutiérrez, y pueden confirmar que él es el estafador. La historia termina con Lola, Paco, Miguel y Nilsson llevando a Gutierrez ante la justicia."
S22,PFG,SPA 2,20,Female,"En el libro, Lola lago va a viaje y quiere tomarse un descanso de ser un detective pero encuentra un misterio en su vacacion. Lola está visitando su amiga. Lola pide ayuda a los otros detectives. Se llaman paco y Miguel. Lola conoce a Nilsson y él dice que compró una casa pero perdió su dinero. La empresa a la que Nilsson compró su casa era un fraude. Lola ayuda a Nilsson a llevar la empresa falsa a la policía. En final, Lola puede a llevar la empresa a la policía. Paco encuentra un amor pero volve a Madrid para trabaja con Lola. "
S22,PFG,SPA 2,40,Male,"este libro fue sobre Lola, quien es una detective, y sus parejas. teniaron una oficina en madrid, fueron los amigos buenos, y nada especial estuvieron ocurriendo. en una dia, Lola salió a un viaje y encontró un hombre, llama ingvar, quien entontró estafadoros. Lola y sus amigos junto trataron de ayudarle. Los estafadoros fueron muy peligrosos, pero ellas los hicieron arrestar. Ingvar ganó una lotaria en el fin de libro, y todos están feliz.    "
S22,PFG,SPA 2,20,Female,"Lola, que tiene una agencia de detectives, se va de vacaciones y se encuentra con Nelson en el aeropuerto.  Nelson le contó a Lola su historia, que quería una casa en la Costa Brava, y entonces vio un anuncio en el periódico de una casa en venta. Lo compró, pero cuando visitó su casa descubrió que no existía. Más tarde, Lola decidió ayudar a Nelson a encontrar a la persona que le había mentido. Pone un anuncio en el periódico diciendo que quiere comprar la casa.  Y junto con la policía, atrapan al estafador."
S22,PFG,SPA 2,21,Female,"Lola Lago es una detective. Ella va a España a visitar a su compañera del colegio, Elisa. Conoce a Magnus Nilsson en el aeropuerto. Él quiere retirarse en la Costa Brava. Paga un casa en Tossa de Mar pero la casa no existe. Con la ayuda de Lola y sus socios, los estafadores son identificados. Los estafadores. Los estafadores conocen a Lola e intentan matarla. Sin embargo, fracasan porque Nilsson la rescata. Al final, los estafadores son arrestados por la policía."
S22,PFG,SPA 2,20,Male,"El libro fue sobre una detective se llama Lola Lago quien investiga un crimen de los bienes raices. Lola ayuda su amigo Magnus Nilsson busca a los estafadores. Tengo un tiempo dificil con escribiendo mucho y no puedo escribir 250 palabras, lo siento."
S22,PFG,SPA 2,18,Male,Lola en un detective. Ella conoce un hombre Magnus Nilsson. Magnus necesita su ayuda. Hay un hombre que se hace pasar por una agencia inmobiliaria. Lola resuelve el crimen y el malo es arrestado.
S22,PFG,SPA 2,21,Female,"Lola ran a detective agency that also somewhat functioned as a private investigative agency. Her employees were friends who she had a close relationship with, and they solved cases together."
S22,PFG,SPA 2,21,Female,"Lola Lago
-fake ID's 
-on the Playa
- bald men 
- drugs, pistols, danger for lola
"
S22,PFG,SPA 2,20,Female,"Lola Lago is about a female detective who works at an agency in Madrid with Paco and Miguel, her associates. Business is down, and Lola goes on vacation. On the way, she meets a man named Magnus Nilsson, and soon becomes friends withy him. They run into each other again, and have dinner together, when he tells her a sad story about losing money to fake real estate dealers. Lola keeps the case in mind as she visits her friend, Elisa, and her family at their home. Elisa has a young son, Max. She owns a restaurant and cooks food that Lola enjoys during her stay. Lola and Nilsson work together to find the frauds who sold him a nonexistent house. They place an advertisement in the newspaper and radios, and come in contact with Alarcón, a charming businessman. He is eager to sell them the house, but becomes nervous when they want a live tour of it. Soon enough, the false dealers are known to Lola and Nilsson. They act accordingly. Paco and Miguel encounter a dangerous man while they are undercover, and see that drugs, money, and guns are being brought into the ""real estate office"". They overhear a man say he wants to kill Lola, and they try to warn her about him but she shrugs it off. Later, when Lola goes to the beach, Nilsson decides to stay close by and keep an eye on her. Someone tries to attack Lola when she goes to the water, and Nilsson saves her. They finally call the police when they have the right suspects caught guilty. Paco meets an Italian woman he likes but Lola wants to return to her home and agency to work more. "
S22,PFG,SPA 2,19,Female,"Miguel and Paco are Lola's partners, and she is a detective that helps solve crimes and catch criminals. Lola and her friend Elisa arrive at Tossa de Mar for vacation. Magnus Nilsson is Swedish and dreams of retiring in Costa Brava because it is peaceful and pretty there. He finds out that he got scammed and bought a house that does not exist. Lola helps Magnus by posting an announcement in the newspapers saying that they want to buy a house in Costa Brava. They celebrated San Juan Day on June 24th and Max, Elisa and Ingvar's son, throws a table and chair into the bonfire. They meet with Alarcón, who sells houses, and find out that he is sketchy. Paco and Miguel warn Lola that they want to kill her and hurry to her location. Nilsson saves Lola from a man that tried to drown her. They arrest the scammers."
S22,PFG,SPA 2,19,Female,En Lola Lago Lola viaje a visitar su amiga. Comenzar el Libro Lola tiene mucho difícil experiencia en la aeropuerto. Lola salta su maletas y encanta un suspicious hombre. Ella llega para hotel y el amor el hotel. Lola socio es en su viaje. Hay es falso casas y Lola es trantando de encontrar. En el viaje hay que hombres involucra en dinero negro. Lola de poner un anuncio en el periódico para a traer a los estafadores. Paco y Miguel parecen dos auténticos abogados cuando conoce un hombre. Un hombre es auspicioso y tiene mucho cosas en su oficina. Paco y Miguel son mucho preocupado por Lola. Lola es a la playa cuando el hombre la ataca Lola. Lola es salvado por su amiga. 
S22,PFG,SPA 2,21,Female,"El libro es Lola Lago. Lola Lago es una detective. Lola tiene dos socios: Paco y Miguel. La agencia en Miami tiene problemas. La agencia tiene una inspeccion fiscal per no tiene clientes. Lola viaja a Tossa de Mar. Ella se ecnonta con su amiga Elisa. Despues, Lola viaje a la Costa Brava. Lola conoce Magnus Nilson. Magnus es un detective tambien. Magnus le interesa comprar una casa en la Costa Brava. La casa es muy bonita y bastante tranquilo. Pero, Magnus comprado una casa que no existe. Lola, Magnus, y socios de Lol conseguien un plan para resloven el crimen. 
"
S22,PFG,SPA 2,20,Female,"Lola Lago es una historia sobre un detective, Lola, que esta resolviendo un caso. Hay un hombre que vende casas que no existe. Lola trabaja con Paco y Miguel. Paco y Miguel van encubiertos. Ellos conocen a un hombre que es muy peligroso, Alarcon. Lola casi muere pero Nillson la salvo. Al final, capturaron Alarcon. "
S22,PFG,SPA 2,18,Female,"Lola Lago es una detective en España que visita su amiga en Tossa de Mar. Cuando Lola va a visitar su amiga, encuentra un hombre se llama Nilsson. Nilsson también va a Tossa de Mar a buscar las casas. Cuando Nilsson y Lola llegan a Tossa de Mar, van a un hotel con una bonita vista del Mar. También, Nilsson se entera alguien es un estafador y compra una casa falsa. Entonces, Lola ayuda a Nilsson a encontrar el estafador. Paco y Miguel quiere encontrar el estafador, entonces van a Tossa de Mar. Cuando llegan a la oficina del estafador, encuentran pasaportes falsos, unas pistolas, y cocaína. Paco y Miguel quiere advertir Lola, pero Lola no esta preocupada y va a la playa. Cuando Lola esta en la playa, un hombre se llama Gutierrez trata de ahogarla. Nilsson corre en la playa y él la salva. En fin, Lola y sus amigos/socios encuentran el estafador en un restaurante y la policía lo arresta. "
W23,IFG,SPA 2,21,Male,Basically the main character had a quinceañera and the other guy got hurt and was worried about not being able to dance with her and her mom didn’t like her dress
W23,IFG,SPA 2,21,Male,"The basic plot of the book was that Lola was planning and executing a quincenera.The quincenera is a big special party for 16 year old girls. It symbolizes becoming a woman.She had a friend that she would teach Spanish and in exchange he would teach her how to dance. Part of planning the quincenera always the food, dress, and dance. Lola didn’t want to wear her moms dress because it was old, but her mom wanted her to. The dad was the chamberlain de honor, which is like someone that would dance with the 16 year old."
W23,IFG,SPA 2,19,Female,Hay una Quinceñera para Lola pero la madre de Lola fue obstinada. Las personajes aprender un baile para el Quinceñera y Jake estaba tratando de aprender español para study abroad. Ellos hicieron un video acerca de la Quinceñera a poner en línea. 
W23,IFG,SPA 2,18,Prefer not to say,"Dos personas se casan, Gabriel y Lola. Lola y su madre luchan sobre una quincenera. Jake quiere aprender espanol. Gabriel se choca en una bicicleta. Lola es una influencia. La tia de lola es apoyo."
W23,IFG,SPA 2,20,Male,"Irene y Gabriel estan enamorados. Gabriel le da a Irene un anillo de promesa. Gabriel quiere que irene conoce a su familia. Tambien en el ultimo capitulo hay una quincenera. Gabriel se rompio el pie o el tobillo pero el doctor le dice que el puede bailar pero muy lento. Gabriel esta muy nervioso y el piensa que el bailo muy terible. El papa de Gabriel dice que era muy dificil pero el esta muy orgulloso de el. Finalmente, todos estan feliz y celebran la quincenera y estan bailando."
W23,IFG,SPA 2,19,Female,"For the Talleres de lectura, the story was about Gabriel and Irene, and about the way that they met and that they were almost going to get married. I did enjoy these Talleres because I thought each chapter kept getting more and more interesting. Especially when it came to the chapter about the quinceanera as the mother was trying to help the daughter plan it, but the daughter did not like the way the mother was helping and she also did not want to wear the mom's dress too since it was an older type of style. I will say that when it comes to these talleres, it was also nice to have worksheets to go along as well so that we can go back to the chapter to look for what we needed to answer and personally I thought that helped me learned better with the comprehension. I also thought the time of the Talleres de Lecturas when the dad was trying to watch Jane the Virgin on the tv but then then mother and daughter kept arguing was interesting too since that show feels like it would lean more towards a women audience than men. I think we should should continue these chapters! They were fun. "
W23,IFG,SPA 2,21,Female,"El libro es sobre una niña que se llama Irene y tiene un novio que se llama Gabriel. Gabriel es de México y su hermana, Lola se prepara una quinceañera. Ella se considera una “influenser” en las redes sociales y discute con su madre sobre las preparaciones. Gabriel tiene que ser chamberlain de honor por su hermana pero no sabe cómo bailar. El amigo de Irene, Jake le ayudó a preparar por la fiesta pero Gabriel se torció el tobillo."
W23,IFG,SPA 2,19,Male,"El libro fue como Lola y Gabriel.  Cuando el libro comienza gabriel van al una cita al una tienda de helado en davis donde gabriel da un anillo a Lola.  Lola esta soprendida y no quiere casarse a Gabriel.  Gabriel dice que no es un anillo para casarse!  Mas tarde en el libro, una persona en el libro tiene una quince.  Gabriel quiere bailar en la quince pero antes de la quince gabriel se cae y rompe su tobillo.  Porque se rompe su tobillo, Gabriel no puede bailar en la quince.  En el fin, gabriel baila en la quince porque so tobillo esta mas bien pero no baila muy bien pero su padre es orgulloso de el!  Hay otra personas en el libro mismo jake y la madre de la hija quien la quince es para.  Su madre quiere una quince que no es moderna.  La hija quiere llevar un vestido que es muy bonita y moderna pero su madre le gusta los vestidos viejos y feos."
W23,IFG,SPA 2,22,Female,"Irene tiene un novio llamado Gabriel. Gabriel es amigo de Jake. Irene es amiga de Lola. Lola tiene una quinceañera. Jake le enseña a Gabriel a bailar para la Quinceañera. Cuando llega el momento, hay un accidente. Gabriel es el chambelán de honor. Lola y Gabriel son compañeros de cuarto."
W23,IFG,SPA 2,19,Male,"En la libra, una niña tiene quinceañera en su futuro o su quince cumpleaños. También, mas otras cosas sucedía porque hay ocho partes de talleres de lectura. Hay una proposal con un anillo en la libra, una TikTok y montaba bicicleta chocar. También, hay un grande argumento a cerca de la television. La Papa de Ella en La lectura veía una programa de, 'Jane the Virgin' y no veía el fin por que la television transformado negro. En su familia, Ella habla con su mama a cerca de la ropa ella quería Ella vestir por la quinceañera y hacia una video de YouTube armera de las convercasiones de su mama. También, ella necesitaba una pareja chamberlance por la baile de su quinceañera. Ella quería su amigo esta el chamberlance de quinceañera, pero el dole su tobillo. Y finalmente, ella va a su quinceañera. Donde hay bailar sopresa con miembros de familia y sus amigos de Ella. "
W23,IFG,SPA 2,19,Female,"The book featured Gabriel and Irene. It talked about how they met and how they were going to get married. Gabriel proposed to Irene, but she was very hesitant about it. There was a section about a quinceanera, which explored the conflict between the daughter and the mom. During the conflict, the daughter posted to her YouTube account about how unagreeable her mom is. The daughter preferred a more casual look, while the mom wanted her daughter to look very fancy for the event; the daughter wanted to wear Converse shoes to her party, but the mom did not like that. During the quinceanera there was a dance between the daughter and her brother. The dance didn’t go that well, but it wasn’t a very big deal in the family. A lot of family members attended the event and there was a big celebration. Jake, Irene’s friend, was also there throughout the preparation for the event and during the party. 
"
W23,IFG,SPA 2,22,Female,"The book was about the quince of Jana(don't remember the name). She had asked her brother to be the main chambelan. He agreed but was a bit nervous about messing up the dance. At one point he ended up fracturing his ankle which kept him dancing during the surprise dance but it all worked out in the end until he messed up the surprise dance at the actual quince. There were also some side stories regarding her brother and his girlfriend, Jana's dad and his show, and her mom complaining about quince traditions. "
W23,IFG,SPA 2,18,Non-binary / third gender,"En el libro, Irene es un estudiante a UC Davis y es de España. Cuando llegar a Davis, los estafadores toman su dinero y ella es en mucha angustia. Aprende que la estafadora es su amiga, Marcela. Entonces, el novio de Irene ayuda su familia preparan para la quinceñera de su hermana. La mamá de ellos, Glora, es muy dominante sobre la quinceñera y Lola hace un video de YouTube que hace Gloria enojada. Gabriel choca su bicicleta y no crees que poder baile a la fiesta."
W23,IFG,SPA 2,18,Female,El libro era sobre una niña y su quinceañera. Una quinceañera es un celebración de convertirse en mujer a los dieciséis años. Su familia y amigos trabajaban juntos para que la fiesta fuera lo mejor posible. Ellos pasaron semanas preparando. Había un baile que era difícil de aprender pero un hombre llamado Gabriel estaba luchando porque estaba herido. No sabía si yo podía ser pareja de baile de Irene. Un conflicto otro era entre las opciones de vestimenta. La madre de Irene exigió que se pusiera un vestido viejo que era feo. Eso no fue lo último que discutieron Irene y su madre. Todo fue muy estresante. 
W23,IFG,SPA 2,18,Male,"En el libro, una pareja propone. El anillo es rechazado. Entonces, los personajes planean para la quinceañera. La familia hace la quinceañera difícil, pero la fiesta es un exito. "
W23,IFG,SPA 2,19,Female,"En el libro Lola se prepara para su quinceañera y le pide a Gabriel que sea su chambelán de honor. Su amigo Jake está tratando simultáneamente de aprender español para poder estudiar en el extranjero el año siguiente. A lo largo de la preparación para la quinceañera Gloria (la madre de Lola) está tratando de controlar todo, pero Lola no la deja porque siente que todo es demasiado viejo. Lola tenía una tía llamada Eustaquia y ella ayuda con la preparación de la quinceañera y también le dice a Gloria que sus preferencias para la fiesta son demasiado anticuadas. Mientras Jake aprende español, también ayuda a Gabriel y Lola a aprender los bailes y, en un momento, Gabriel se lastima pero aún puede bailar. Por último, Irene y Gabriel son pareja, pero esa no es una gran parte de la historia. Al final de la historia, Gabriel puede hacerlo muy bien con el baile a pesar de sus dudas y Lola está muy contenta con el resultado de su fiesta. El papá de Gabriel está muy orgulloso de él y todos la pasan muy bien en la quinceañera."
W23,IFG,SPA 2,18,Female,"Gabriel quiere dar un anillo a Irene pero Irene no está lista para casarse. Hay una quinceañera y todos miembros de la familia de Gabriel está en la celebración. Jake aprende más español y Gabriel aprender a bailar. Alguien se hace famoso en tiktok por un baile. El papá de Lola quiere ver la televisión pero he puede porque los miembros de su familia estás ocupados y no tiene la luz. Lola está muy emocionada para la quinceañera, pero pelea con su mamá sobre los detalles de la celebración. Su tía ayuda Lola con su mamá. La quinceañera está bien pero Gabriel está avergonzado porque hace un parte de la baile malo. El libro es sobre la familia de Gabriel y todos los eventos de su familia. Este libro no es sobre Irene, porque el primero libro es."
W23,IFG,SPA 2,20,Female,"Irene tiene un novio se llama Gabriel. También tiene un compañero de cuarto llama Jake que bailar. Lola, la hermana de Gabriel tiene su quinceañera. La madre de Lola no le gusta su vestido porque ella quiere que lleva su vestido viejo. Lola está enojada y hace un video en Youtube. ¡Lola quiere salir del pastel! Gabriel es el Chambelán de Honor. Jake enseña a Gabriel a bailar pero Gabriel se cae y se lastima el tobillo. Gabriel está triste y está nervioso por bailar. Su dolor de tobillo desaparece. Gabriel baila con Lola y su padre está orgulloso de él. Gabriel es feliz porque su padre es feliz."
W23,IFG,SPA 2,19,Male,"En el libro, Gabriel conoce Irene. Lola, la hermana menor de Irene tiene la quinceañera, y invitar su familia y Gabriel. Gabriel necesita aprendan el baile. Jake, el amigo de Irene y Gabriel enseñar el baile. En la preparación de le quinceañera, Gloria, la madre de Lola, quiere Lola a lleva la vestido de quinceañera de Gloria. Gloria quiere la quinceañera tradicional, pero Lola quiere la quinceañera moderna. La tía de Lola apoyar Lola y ña quinceañera moderna. Tambien, Lola tiene el video de los preparaciones de ña quinceañera. Gabriel tiene la suerte mal, y tiene el accidente. Gabriel gira el tobillo. Pero, Gabriel puede apendar el baile. En la quinceañera, Gabriel con Lika baile y Gabriel pisar sobre Lola en el accidente. Pero, nadie mira el accidente por que rapido actúal de Lola. El padre de Gabriel está orgulloso. Lola tiene el flash mob para la quinceañera, y todos estan muy feliz."
W23,IFG,SPA 2,19,Female,"Primero en el libro, Gabriel y su novia hablan sobre sus relación. Gabriel le da un anillo a su novia. Ella pienso que el anillo está un anillo de compromiso pero en realmente está un anillo de promesa. Ustedes tienen un amigo Jacob. Él está un estudiante de Español y siempre quiere practicar para Study Abroad. También en el historia, Lola, la hermanastra de Gabriel, tiene su Quinceañera. Lola y su madre argumentan sobre la fiesta, que vestido Lola se vestir, que zapatos, que música. A la fiesta, Gabriel tiene un herido de tobillo pero lo no prevenía bailar. También a la fiesta Jacob tiene una sorpresa, una baila. El padre de Lola y Gabriel le gusta la programa Jane the Virgin pero la casa está mucho ruidoso. "
W23,IFG,SPA 2,19,Prefer not to say,"Un niña de quince años quería una quinceañera moderno pero su madre quiere algo más tradicional. Así que la niña hizo un video de YouTube para hablar mal de su madre y yo pienso que la tía hablaba de la video con la madre así que se sintió mal. Finalmente, el padre nunca terminó su película porque se fue la luz. "
W23,IFG,SPA 2,18,Female,"Lola tiene 15 anos. Se acerca de su quinceanera. Ella quiere su hermano ser chambelan de honor. Su tiene un amiga su llamo de Irene. Su novio es Gabriel, tambain el hermano de Irene. Su tiene Jake ensenar su bailar. Lola tiene un youtube channel sobre su madre. Porque su madre quiere Lola ser elegante y ofical. Pero Lola quiere lleva converse y un vestido de divertido. Pero su madre considera su es loca. Al final, Gabriel sabe bailar y Lola realizo su propia. Su padre es muy orgullosa de Lola. "
W23,IFG,SPA 2,19,Female,"Irene y Gabriel están novios y Gabriel da un anillo an Irene. Irene está nervous a porque ella piensa que es un anillo de compromiso. Gabriel le dice que es un anillo que simboliza su amor. La hermana menor de Gabriel, Lola, se preparada una quinceñera. Lola quiere que Gabriel es el chambelán de honor. Jake, el amigo de Gabriel, le enseña a Gabriel a bailar y Gabriel le enseña a Jake a hablar español. Pero, cuando Gabriel iba al class, se rompia su tobillo y el piensa que no puede hacer el chambelán de honor. Lola y su madre discuten sobre los detalles de la quinceñera porque su madre ve Los videos de YouTube de Lola sobre “Como sobrevivir a tú mamá Durante de la quinceñera”. Por fin, Gabriel se mejora y baila con su hermana en la quinceñera. Jake canta un canción y todos de Los personas en la quinceñera reian a él. "
W23,IFG,SPA 2,19,Female,"El libro estaba sobre la quineanera de Irene y sus problemas con tratando de tenerlo. Primero, a su madre no le gustaba que queria. Su vestido, su zapatos nada fue la eleccion correcta. Afortunadamente, su tia le tenaba espalda. Ademas, su chambelan le rompo la pierna y estaba riego de no baile en la quince. "
W23,IFG,SPA 2,20,Female,"En el libro, Gabriel y Irene están amigos. Irene pregunta a Gabriel ser el chambelan de honor para su quinceñera. Gabriel dice sí. Gabriel pregunta Jake enseñar a él cómo bailar. Jake acepta. Irene arguments con su máma sobre el vestido de el máma de Irene. La tía de Irene está de acuerdo con Irene sobre el vestido. Desafortunadamente, Gabriel se torció el tobillo. En el quinceñera, Gabriel comete un error, y sale la fiesta. La pápa de Gabriel dice que orgulloso. "
W23,IFG,SPA 2,19,Male,"It began with Gabriel giving Irene a ring. It was not an engagement ring, but it was because he liked her. Eventually, there was a quinceanera for one of the characters. The mother wanted a classic one, but the girl wanted a more modern quinceanera. Gabriel's leg was injured and he thought he would not be able to dance. By the end, he recovered and was able to dance at the quinceanera."
W23,IFG,SPA 2,20,Male,"Primero, Gabriel quería casar Irene, pero ellos eran demasiado joven para casar. La hermana de Gabriel se llama Lola, y Lola tiene un decimoquinto cumpleaños. Para su cumpleaños, su familia hacía una fiesta grande porque una quinceañera es un transición de niño a mujer. Para su quinceañera, Gabriel era el chambelán y necesitaba aprender a bailar. Su amigo Jake le enseñaba, pero Gabriel se lastimaba su pie antes de la fiesta. En el mismo tiempo, Jake necesitaba aprender español porque quería estudiar en otros países. Jake trabajaba mucho para aprendía de la familia de Gabriel y Lola. Lola tenía una problema con su madre. Lola quería un vestido moderno, pero su madre quería un vestido modesto para Lola. La tía de Lola ayudaba Lola, y su madre aceptaba. Antes de la fiesta, Gabriel recuperaba y podía bailar. La quinceañera era buena. Gabriel bailaba con Lola, pero no podía bailar bien. "
W23,IFG,SPA 2,18,Male,"En el libro, Lola y Gabriel son hermanos. Lola está tiene una quincenera y ella es la hermana menor de gabriels. Gabriel se supone que es el chambelán de honor, pero no sabe cómo bailar, así que le pide ayuda a Jake. A cambio, Gabriel le enseña a Jake cómo hablar español, ya que necesita aprenderlo para cuando estudia en el extranjero. Gabriel terminó cometiendo algunos errores mientras bailaba, pero su padre estaba orgulloso de él. Lola estaba peleando mucho con su madre ya que querían diferentes tipos de quinceneras. Lola quiere una quincenera más moderna y su madre quiere una más tradicional. Tambien, Lola hace videos te YouTube sobre su vida."
W23,IFG,SPA 2,18,Female,"Gabriel piensaba sobre dababa a Irene un anillo, y Irene estaba nerviosa porque no lo accepta. Irene le gusta a Gabriel, pero no esta casada con Gabriel. Entonces, la hermana de Gabriel, Lola, tiene una quincenera. Lola no le gusta las ideas de su mama, y su tia dice a su mama las ideas son como un dinosaurio. Gabriel roto su hueso, cuando andar en su bicleta, pero baila con su hermana en la quincenera. El papa de Lola ver ""Jane the Virgin"" en el television, pero su familia hablan mucho durante el episodio. En el fin, la luz esta nada, y Enrique (el papa de Lola) no ver el episodio. Jake tiene que hablar con Irene y Gabriel tambien porque el estudia en el Study Abroad Program."
W23,IFG,SPA 2,30,Male,"en general, esta libro es sobre una chica que premiro ano en UC Davis, Y tambien su enteracion con su amigos. el nombre de ella es Irene. "
W23,IFG,SPA 2,18,Female, La hermana menor de Gabriel es llama Lola y  se prepara para su quinceañera. Su quinceañera se acerca. Lola tiene problemas con su madre. La madre de Lola quiere vestidos anticuados. Y Lola hace videos de YouTube sobre su vida. Gabriel es el chambelan de honor pero se torcio el tobillo. Tambien Gabriel no sabe cómo bailar. Jake ayuda a Gabriel aprender bailar. Jake quiere aprender español por que Jake va a estudiar en el extranjero. En la quinceañera Gabriel bailar mal. Pero el padre de Gabriel dice él es orgulloso de Gabriel. El amigo de Gabriel graba el baile. 
W23,IFG,SPA 2,20,Male,"Después de leer el libro sobre la quinceañera. Siento que el objetivo de esto era informar a la gente sobre lo que es una quinceañera y cómo una familia debe interactuar entre sí. En la historia muestra a la familia siendo amable entre sí y pasando un buen rato. Además, muestra cómo establecer una quinceañera y cómo guiar a tu mamá cuando quieres agregar tus propios toques a la quinceañera. Finalmente, el libro muestra cómo los amigos se cuidan unos a otros y se preocupan cuando uno de ellos se lastima."
W23,IFG,SPA 2,19,Female,Lola va a celebrar una fiesta de quince años. Cumple quince años. Es la hermana menor de Gabriel. Lola quiere que Gabriel sea su chambelán de honor. Gabriel no sabe bailar. Jake enseña a Gabriel a bailar. Jake quiere practicar español. Jake está estudiando en el extranjero. Gabriel tropieza y se hace daño. Gabriel preocupa no poder bailar. Lola discute con su madre. Su madre es controladora. Quiere que Lola se vea fea. Quiere que la canción de Lola sea vieja. Lola no está de acuerdo. Lola hace un vídeo en YouTube sobre las madres controladoras. Su madre se entera y se enfada. Gabriel mejora. Gabriel baila. Gabriel arruina el baile. Pisa el vestido de Lola. Jake planea un flashmob para distraer a Gabriel. Funciona bien. Todo el mundo es feliz. Jake graba el baile. Jake lo publica en YouTube. Gabriel está avergonzado. Jake dice que Gabriel se hará viral.
W23,IFG,SPA 2,18,Male,"The book was about a girl who was turning 15 and was going to have a quincanera. She decides to invite a boy named Gabriel to be her date. However, he got super unlucky and when riding his bike one day, he sprained his ankle. Because of this, he could not be her date and had to go to the hospital. "
W23,IFG,SPA 2,20,Female,The plot of the book was that a girl was preparing for her Quinceanera and the book took us through that whole process of what that entails. The brother was nervous because he had to prepare for her surprise dance with her. 
W23,IFG,SPA 2,21,Female,"In the book we are introduced to some characters from the SPA 001 Book, Irene, Gabriel and Jake. Irene and Gabriel start dating and she is nervous about being invited to his family dinner. Meanwhile, their friend Jake is trying to practice his Spanish because he wants to study abroad in a Spanish speaking country. Things progress for Irene and Gabriel as he gives her a promise ring, and she is invited to his sister's Quince. Irene meets the full family and we learn the dynamics of Gabriels family and the chaos of preparing for his sister's Quince. Gabriel is worried about being a chambelan as he is not a good dancer, so Irene enlists Jake to help him out...but then Gabriel gets a leg/foot injury! He is devastated but by the time of the Quince he is recovered enough to dance. He feels he messed up the dance but his father assures him it was a big success and he is very proud of him. "
W23,IFG,SPA 2,18,Female,"In the story of the Quinceanera, it starts with Jake, the other boy (who is the girl's brother), and the family of the girl having her Quinceanera. She has an argument with her mother about how she does not want her party to be just like her mothers or any before her and that she wants to plan the party her way. Also, Jake records the boy doing something funny and the boy swears to get back at him (also Jake is wanting to practice his Spanish because he is going to do study abroad). The father of the girl is watching his show but gets interrupted by the family and the power outage and the Tia is letting the mother know that she is being a bit controlling of the planning of the party and to let the girl plan it her own way (also the girl makes a YouTube video about how to survive mothers during a Quinceanera). At the end the brother dances with his sister and everyone celebrates the Quinceanera."
W23,IFG,SPA 2,18,Female,"The plot of the book we read in class revolved around planning, preparing for, and the carrying out of a quinceanera. As we read each chapter, we got acquainted with the various characters in this family and their relations to each other. We learned about each character's opinions, and the way they wanted the quinceanera to be carried out. I remember one of the chapters highlighting how the mom of the teen having her quinceanera wanted her to dress more traditionally, similar to how she had when she went through this special life event. However, her daughter was against this and really wanted to stay true to her fashion and today's current trends. Overall, the book gave an interesting overview of entering adulthood in Spanish culture and the large role that family and friends play in this."
W23,IFG,SPA 2,22,Male,Jake le pregunta a Irene para haber tú Novia. Irene Tiene Miedo porque piensa que Jake quiere casarse. Gabriel esta preparando para tú quincenera. Ella necesita practicar baile con su Hermano pero el se rompio tú tobillo antes de la celebraccion. La mama y la tia de Gabriel dicen consejos. En la quincenera Gabriela baile con su padre y Jake purse bailar tangier con ella
W23,IFG,SPA 2,19,Female,"El novio de Irene le da un anillo y ella cree que se quiere casar con ella.  Irene va a una cena familiar con Gabriel. El compañero de cuarto de Irene, Jake, está tratando de aprender español del novio de Irene. Jake esta muy feliz porque besa a un chico. Entonces, la hermana de Gabriel va a tener una quinceañera. Ella quiera Gabriel a ser su chambalan. Hacen un trato de que Jake aprenderá español y el novio de Irene aprenderá a bailar. Lola se prepara para su quinceañera y quiere que sea muy moderna pero su madre es muy anticuada. El padre de Lola esta muy enojado con todos los preparativos. Entonces, Gabriel se lastima el tobillo andando en bicicleta. Esta bien para la fiesta, pero baila muy mal. "
W23,IFG,SPA 2,20,Prefer not to say,Essentially the story is about Gabriel and his family and how they're trying to prepare for his sister's quince. Then he messes up his foot/leg but luckily he heals right when the quince is about to start and he's able to dance even if it isn't the best. We also learned more about Jake who apparently is what the next story will be about.
W23,IFG,SPA 2,18,Female,"El libro que leímos en español de 2 era sobre la quinceañera de la hermana de Gabriel. Gabriel tuvo que aprender a bailar para poder bailar con su hermana en la fiesta. Su amigo Jake también tuvo que practicar su español porque está estudiando en el extranjero en España. Irene también comenzó a salir con un tipo que le dio un anillo de promesa. Primero, Irene pensó que el tipo quería proponerle."
W23,IFG,SPA 2,19,Female,"Irene y Gabríel son novios. Gabriel pide a Irene si están serio en su relacíon. Irene dice ""sí"". leugo gabriel pide a ella si quiere ir a una cena familar con él. Otra vez, Irene dice sí, pero fue muy nerviosa. En la cena, la hermana de Gabriel dice que ella ir a tiene una quinceñera y pide a gabriel si puede su chamblan de honor. Él dice sí pero fue nervioso porque no sabe que bailar. Luego, Gabriel se choque su bici y roto su tobillo. Estaba triste porque quiere ayuda a su hermana con la quinceñera. En fin, su tobillo mejorar, Jake enseña a él como de bailar y todo fue bíen, mas o menos."
W23,IFG,SPA 2,20,Female,Irene es un estudiante de UC Davis. El novio de Irene es Gabriel. Gabriel da un anillo a Irene. Lola tiene un quinceañera y prepara para la fiesta. Gabriel es el honor de chambelan pero tiene dolor de tobillo porque se cayó de su bicileta. Gabriel es triste porque no puede bailar. La madre de Lola no es contento con preparativos para la quinceañera de Lola. Su madre le gusta tradición y vestidos elegantes. Lola le gusta zapatos modernas. Gabriel va al medico para su tobillo. Su tobillo es buena ahora y puede bailar. Gabriel es contento porque puede estar el chambelan de honor en la quinceñera. Lola hace su quinceañera y todas personas son muy contentas.
W23,IFG,SPA 2,21,Female,"En el libro, Irene y su amigos asistir a la quinceañera. Jake da a un anillo de Irene porque quiere ser exclusivo. Irene tenía miedo de ir porque ella no los conoce la familia, y la relación de Jake es rápida. Más tarde, Gabriel torcido el tobillo antes de quinceañera. También, la madre de Lola quería que llevar un vestido clasicál y los zapatos de tacón. Pero Lola no le gusta el vestido o los zapatos, y quería que converse. Jake estudia español por su viajar a España. Una día, la padre de Irene ve la televisión y es interrupted muchas porque a la lucha. En el fin, Gabriel mejora y asistir a la quinceañera a baile, pero muy nervioso. Después de hablar con su padre, Gabriel baile con Irene y Jake toma un video por su venganza. La quinceañera fue muy divertido y los pasaron bien. "
W23,IFG,SPA 2,21,Female,"El libro trataba sobre una niña que se estaba preparando para tener su quincenera. Ella y su novio  estaban muy enamorados y él le regaló un anillo de compromiso para demostrar su amor por ella. La niña que estaba su quince tuvo mucho drama con su mamà porque ella pensaba que el estilo de su madre era antiguo. Ella no le gusta el vestido que escogio su mama ni los zapatos porque queria usar converse durante la quincenera. Ella y su novio fueron filmados haciendo un baile y lo iban a subir a Youtube. Hizo un Blog que compartio sus experiencias con su quincenera. Hubo drama con el chambelan de honor porque se rompio la pierna (yo creo que). Al final de libro, tuvo una buena quincenera y la paso bien. "
W23,IFG,SPA 2,19,Female,"El novio de Irene es Gabriel. la hermana de Gabriel (Lola) esta teniendo un quinceañera. Gabriel es el chambelan de honor. Lalo y su mama pelean por la fiesta. Gabriel rompe su tobillo. Él es malo a baile. Irene le enseña a bailar. Hace un bailare de Tik Tok y es viral porque es muy mal.
El amigo de Gabriel y Irene es Jake.  Jake necesita aprender español porque él va a estudiar en el extranjero. Jake habla en spanglish. La familia de Gabriel es muy estresado por la fiesta de Lola.  Lola hace un youtube video. Jake empieza un flash mob porque Gabriel es malo bailando."
W23,IFG,SPA 2,19,Non-binary / third gender,"Gabriel es el novio de Irene. La hermana de Gabriel tiene su quinceañera. Lola es la hermana de Gabriel. Lola elege Gabriel estar su chambelan de honor pero Gabriel no puede bailar. Jake, el compañero de cuarto de Irene, intenta enseñar a Gabriel bailar. Gabriel es herido en un accidente de bicicleta pero se cura antes la quinceañera de Lola. Gabriel baile por un rato pero luego comete un error. Durante este, Lola discute con su madre porque Lola quiere tener un quinceañera informal pero su madre quiere ella tener un quinceañera traditional. Lola se queja sobre su madre mucho. También durante este, Jake intenta aprender Español porque planea a estudiar en el extranjero y mientras enseña a Gabriel bailar Gabriel filma Jake baila y lo pone en la internet. Irene habla a familia de Gabriel. Padre de Gabriel intenta mirar Jane the Virgin pero no puede porque pierde fuerza."
W23,IFG,SPA 2,19,Male,"El taller de lectura describe una quinceañera de un personaje. El taller de lectura enfoca a Jake y Irene y también a la organización de la fiesta. La cumpleanera es muy exigente de una fiesta y quiere un partido elegante. La cumpleanera decide la música, decoración, y su ropa para la fiesta. La cumpleanera publica un tutorial en Tiktok para la quinceañera. Su madre domina la fiesta y quiere decidir la música, decoración, y la ropa. Por el baile de la quinceañera, Jake no baila en la fiesta porque Jake rompe su tobillo. El hermano de Jake baile con la cumpleanera. Pero, el hermano de Jake desordena la baile y Jake filmar el error."
W23,IFG,SPA 2,20,Male,"Irene conoce la familia de su novio, Gabriel. Gabriel necesita aprender a bailar para la quinceañera de su hermana menor, porque él no sé. Jake se enseña a bailar para la quinceañera, y Gabriel ayuda a Jake hablar español. Pero, antes de la quincena, Gabriel roto su pierna, y necesita ir al hospital. La hermana de Gabriel y la madre de Gabriel tiene opiniones diferentes sobre la quinceañera. La madre quiere un fiesta tradicional, y ella quiere que su hija se lleva un vestido viejo. La hermana de Gabriel quiere un fiesta moderna, y habla mal sobre los opiniones de su madre en el video de Youtube. La tía, Eustaquia, habla con su madre, y dije que la quinceañera es para su hija, y ella debe celebrar la quinceañera como ella lo que celebrar. La pierna de Gabriel sana, y él puede bailar para la quinceañera, y toma un video de Jake cantando mal."
W23,IFG,SPA 2,20,Female,"Dos estudiantes, Gabriel y Irene, hablan de tu relación. Deciden que son exclusivos, y Gabriel invita a Irene a su casa para encontrar a su familia. En la casa de Gabriel, Irene encuentra a los miembros de la familia de Gabriel y sabe de Spanglish, y la hermana de Gabriel, Lola, dice que quiere que Gabriel estar su chambelán de honor en su quinceañera, que va a pasar pronto. Gabriel está nervioso porque no puede bailar. Su amigo, Jake, enseña a bailar (y filma un video de Gabriel haciendo un baile raro), pero Gabriel tiene un accidente de bicicleta y se rompe el tobillo. Cuando las cosas pasan, Lola y su madre preparan para la quinceañera, pero no están de acuerdo, Lola publica un video en YouTube que dice que su mamá es muy pesada, y Lola, su mamá y su tía discuten mucho. Finalmente, el tobillo de Gabriel se mejora y el puede bailar a la quinceañera de Lola, y la fiesta pasa muy buena. Gabriel no baila perfectamente, pero su amigo Jake distrae a los invitados con un flash mob. Jake también canta una canción, y Gabriel lo filma y dice que va a publicar el video como venganza."
W23,IFG,SPA 2,21,Male,"En el libro, Gabriel es un chico con un novia. No recuerdo su nombre, pero recuerdo Gabriel le dio un anillo en el Al principo de la historia. Le pidieron a Gabriel que fuera el chambelán en la quinceñera de su hermana, pero se rompió la pierna. Gabriel tampoco sabía bailar. Cuando comenzó la quinceañera, Gabriel estaba muy nervioso pero su amigo lo ayudó. Creo que el nombre de su amigo era Jack pero no estoy seguro. "
W23,IFG,SPA 2,19,Male,Hay algunas personas importantes. Irene es la persona más importante. El amigo de Irene necesita preparar para una quinceañera. Él no puede bailar entonces Irene y él pregunta un otro amigo a ayudar. El amigo de Irene se rompe él brazo.  
W23,IFG,SPA 2,20,Male,"El libro que nosotros leíamos es sobre una quinceañera. Lo sigue las personas principales de Irene, Gabriel, Jake, Lola, y la madre de Lola. Irene y Gabriel son novios. Jake es un amigo y un estudiante de español; quiere estudiar en el extranjero. Al comienzo, Jake va al cita y está nervioso. Èl dice a Irene para consejo y trabaja en su español. Siguiente, Gabriel da un anillo de promeso a Irene. Irene está sorprendida, pero Gabriel tranquiliza a ella y su invita a una cena con la familia de Gabriel. Luego, Lola tiene una quinceañera en el futuro y su madre la quiere ser tradicional. Lola está molesta porque de su madre. Ella quiere una quinceañera moderna. Por la quinceañera, Lola pide a Gabriel si él está su pareja de baile y Gabriel dice ""sí."" Todos están entusiasmados! Lamentablemente, Gabriel está herido y no hace bailes porque de Jake. Pero, se recupera con el tiempo para la quinceañera. Todo es bueno."
W23,IFG,SPA 2,18,Male,"La lectura es un historía a una quinceanera. Primer, un niño se llama Gabriel pasar tiempo con una niña se llama Irene y le pregunta ella ""Quiere mí novia"". Irene dice ""Si"" y Gabriel le da a ella una anillo de compromiso. Entonces, Gabriel y Irene vamos a la casa de Gabriel y Irene conocer a su familiá. Después, un amigo de Gabriel, se llama Jake, pregunta Gabriel ""Puedes ayudame practicar me Español por que quiero ir a Study Abroad en Argentina"". Gabriel dice ""Si"" y empiezo a mensaje Jake con su telefono todo en Español. Mucho más tarde, la quinceanera se pasa pronto. La niña de la quinceanera preguntar su hermano, Gabriel ""Puede ser me chambelan"" y Gabriel dice ""Si"". Durante preparación, la quinceanera discute con ella mamá por que la mamá quiere ser una quinceanera muy tradicional pero su hija quiere una quinceanera mas moderna. En el fin, la quinceanera pasa y todos son felíz. "
W23,IFG,SPA 2,20,Female,"Todo comenzó con Irene y Gabriel yendo a la casa de su familia para la quinceañera de su hermana. Es seleccionado como chambelan. Se lastimó porque estaba montando su bicicleta para ir a clase porque se estaba tarde. Irene se siente abrumada por el proyecto de ley y le dice que en su país es gratis. Gabriel está molesto porque no puede practicar para la actuación. Su hermana es muy exigente con la forma en que quiere que vaya su quinceañera y no quiere que su madre interfiera. Su madre elige un vestido para ella, pero ella dice que no y quiere su propio vestido nuevo. La tía apoya a su sobrina y cómo quiere su fiesta. Su madre también quiere que elija canciones apropiadas, pero ella no quiere bailar música antigua. El día de la quinceañera, viene la familia, y la cumpleañera y Gabriel están allí para bailar. También hay un baile padre-hija. Gabriel está decepcionado de que no lo haya hecho tan bien en la actuación, pero su padre le dice que lo hizo muy bien y que la actuación fue difícil."
W23,IFG,SPA 2,21,Female,"En el libro, Irene y Gabriel son novios y Gabriel le da un anillo a Irene. Irene está sorprendida porque ella piensa que es un anillo de compromiso. Gabriel dice que es un anillo de promesa y Irene no entiende. Entonces Gabriel invita a Irene a cenar con su familia. Irene está nerviosa para la cena. Cuando Irene se queda con su familia de Gabriel, toda la familia es simpática. También, Lola le pide a Gabriel que sea el chambelán para su quinceañera. Gabriel acepta su petición pero hay un problema. Gabriel no puede bailar. Su amigo Jake se ayuda. Gabriel practica con Irene y Jake. Él tiene un accidente grande y va al hospital. Se tuerce su tobillo y necesita una escayola. Mientras tanto, Lola y su familia preparan para la fiesta. Lola escribe un blog sobre su mamá. Es muy cómico. Luego su mamá está enojada porque no le gusta el blog. También, ellas se pelean por muchas razones. En el día de la quinceañera, Gabriel es mejor y puede bailar. Hace un error pequeño en el baile sorpresa pero no es terrible. "
W23,IFG,SPA 2,20,Female,"El libro que nosotros leemos en la clase was about una niña, Irene y su amigos. Le es el segundo libro en el serio. Irene tiene amigos que es mucho divertido y ella tiene un novio, se llama Gabriel! El tiene una hermana, Lola, que ella tiene una quinceañera. La fiesta es muy divertida y todos tienen un buen tiempo. Hay unas problemas poquitos pero la familia trabaja con juntos. "
W23,IFG,SPA 2,19,Female,"Irene y Gabriel estaban saliendo, tenía un hermano que tenía un canal de YouTube y estaba lanzando una quinceañera. Uno de los amigos estaba tratando de aprender español. Su nombre es Jake. Gloria y Enrique eran la madre y la tía de su Lola. Gloria estaba tratando de ayudar a su hija pero estaba tratando de controlar mucho. gabriel le lastimó el pie antes de la actuación, pero fue capaz de actuar! el cumpleaños de Lolas fue genial y todos se divirtieron! "
W23,IFG,SPA 2,Nineteen,Female,"Recuerdo que estaba relacionado con los quince de Irene y ella tenía conflictos con su mamá y su tía con respecto a qué zapatos o vestido usaría. Ella quería elegir su propio vestido y zapatos pero lo llamaron anticuado mientras que Irene pensó que era hermoso. Creo que Gabriel era el chambelán de honor pero estaba muy nervioso y asustado. Terminó haciéndolo muy bien y su padre estaba muy orgulloso de él. También vio una serie de Youtube sobre cómo sobrevivir a una fiesta de quince con tu mamá. el libro era casi todo sobre Irene y su cumpleaños. Experimentó conflictos pero al final tuvo éxito. También al comienzo del libro, Irene tenía miedo de tener una relación con Jake. Ella pensó que él iba a proponerle matrimonio, pero él quería darle un anillo de compromiso. Era joven y tenía miedo de casarse. La boda también cuesta demasiado más que en España. "
W23,IFG,SPA 2,19,Female,The book was about a girl named Lola’s quince. It follows the drama of her trying to plan out her quince with her family but her mom and her have very different views on how to have the quince. Her brother is supposed to dance and her man of honor but he breaks his ankle during a biking accident and he is very nervous to dance in front of people. By the end of the story he dances with her sister and they have a good quince.
W23,IFG,SPA 2,20,Female,"Irene tiene un novio y conoce su familia. El tiene una madre, padre, y hermanos. Su hermana va a quinceañera y quiere Gabriel poder su chambelan de honor. Gabriel torce su rodillo y no puede bailar. Jake asista a Gabriel bailar porque Gabriel enseña español a Jake. Lola, La hermana de Gabriel, no le gusta los opiniones de su madre para su quinceañera. Su tía se ayuda. Ellas no trabajan juntas. La padre de Gabriel, Enrique, solo quiere descansar y mirar el último episodio de Jane the Virgin, pero no puede. En fin, Gabriel puede bailar con su hermana en su quinceañera y Jake ayuda."
W23,IFG,SPA 2,22,Female,"En el libro, Irene y Gabriel es novios. En el primero capitulo, Irene piensa que Gabriel quiere casarse cuando le da una anillo pero Gabriel solo quiere Irene vea cuanto la ama. Gabriel le pregunta van a su familia con juntos y Irene dijo ""sí."" Durante la cena, Lola pregunta a Gabriel que sea su chambelán de honor. Gabriel necesita estudiar a bailar con Jake y Jake practica español con Gabriel. Lola está frustrada con su mama por le quinceañera y su tía ayuda Lola. Gabriel rompe su pierna, pero baila con su hija Lola en el quinceañera. Todos gentes muy divertidos. El fin. "
W23,IFG,SPA 2,20,Female,"El libro es muy interesante y cómico. Una chica, Lola, tiene una quinceañera y quiere ser perfecta pero su madre y ella tienen opiniones diferentes sobre el partido. Por ejemplo, Lola quiere llevar Converse en los pies, pero a su madre no le gusta esta idea. Ella tiene un padre cómico, una madre amable, un hermano muy simpático, y amigos. A su padre le gusta ver televisión, especialmente 'Jane the Virgin', pero no ve el fin del episodio. A la madre le gusta planear la quinceañera. Ella tiene un canal de Youtube sobre su quinceañera. El hermano, Gabriel, tiene una novia, Irene. Piensa que Irene es del libro del trimestre pasado en Español 1. A Irene le gusta la familia de su novio, Gabriel. Gabriel es un hermano muy cariñoso de Lola y quiere bailar con ella en la quinceañera. Él duele el tobillo, pero bailar con Lola en el fin, a la quinceañera. El libro describe el partido como muy divertido para todos. "
W23,IFG,SPA 2,21,Male,"Irene es una estudiante international, y es de España. Ella necesita un apartamento, pero esta un estafador y ella no tiene un casa. Su amigas dice, ""quedar con nosotros!"" Su novia se llama Gabriel, y la hermana de Gabriel se llama Lola. Lola tiene catorce años, y va a haber un Quinceañera. El madre de Lola, Gloria quiere se pone el vestido viejo, pero Lola quiere se pone converse, bailar con Jake, y tiene un Quinceañera moderna. Lola tiene un canal de YouTube se llama ""How to survive your mother planning your Quinceañera."" Gloria se enfada, pero su hermana, Eustaqia, es la voz de razón. Ella ama su sobrina, y entiendo como es ser joven. "
W23,IFG,SPA 2,21,Male,"La tallere es sobre un persona que llama gabriel y tiene un novia que llama Irene. Hay un momento en la libro cuando Gabriel dio Irene un anillo y irene pensaba que Gabriel quiere casar. Una de mis partes favoritas del libro es cuando el amigo de gabriel, jake, estaba molesto y rompo lo hueso. Estaba mareado y la factura del hosptial era mucho. afortunadamente jake pudo recuperarse y poder hacer lo que quiera hacer. La parte importante del libro era la quinceanera. Gaberiel tenia que bailar con lola. Gaberiel tenia mucho miedo de estropear el baile y pisar los zapatos de lola. Jake nunca fue bueno bailando, por eso, el comenzo a practicar para la fiesta de cumpleanos. Gabriel practicaba muc pero cuando llego el momento. Se equivoco y se avergonzo. Jake logro llamar la atencion de gabriel con cantando. La libro termina con el papa de gabriel orgulloso de el."
W23,IFG,SPA 2,20,Male,"La historia que leímos en clase fue muy divertida. Los personajes principales siempre tenían algo que hacer, ya fuera bailar o romper huesos. Irene y Gabriel eran novios y Gabriel era hermano de Lola. Comenzó un poco lento sobre dos personas que se enviaban mensajes de texto sobre una cita que estaban a punto de tener. Hubo un membrillo que tuvo lugar en el libro. Lola tuvo la celebración que fue planeada por ella y sus familiares. Su pareja de baile para el baile estaba muy nerviosa pero resultó estar bien. Antes del baile, la mamá de Lola quería que usara su propio vestido del pasado. Lola no estuvo de acuerdo con esto y pensó que él era demasiado mayor para su baile. Lola hizo un video de youtube sobre esta situación en su cuenta. Al final todo salió bien y creo que fue una buena y entretenida historia que volvería a leer"
W23,IFG,SPA 2,20,Male,"Gabe es el novio de Irene, la (main character) de las talleres de series en español uno. Gabe lleva Irene a cena de familia porque sus relación es muy serio. Gabe's hermana joven, Lola, prepara su quinceañera y Gabe esta el chambelan de honor. Lola es un blogger de social media y escribir sobre su quinceañera y sus padres. Ella se queja mucho, específicamente sobre su vestido, ella quere algo diferente, pero Gloria y Enrique, sus padres, dicen no. Pero, Gabe no baila bueno, y su amigo Jake asista con Gabe's baila, y Gabe asista Jake con su español, porque Jake prepara a study abroad. Jake también tiene un novio nuevo y Irene asista con su relación. Gabe rompo su tobillo y tiene que curar rapidamente para Lola's quinceañera. Gabe baila mucho malo, pero Jake asista y Lola tiene un bien tiempo. Gabe y Irene son muy enamorados, es un fin contento."
W23,IFG,SPA 2,27,Female,"The book talked about the relationship between Gabriel and Irene. They had a fun story about the ring. Gabriel gave her a ring and she thought he was proposing her. She was so surprised. Then Gabriel invited Irene to his family’s party: La Quinceañera. Gabriel was invited to have a dance with Lola. Unfortunately, he broke his leg and was unable to move his legs during this time. Also he had to pay an expensive hospital’s fee. Before few days of La Quinceañera, his leg was better and he could make a dance with his sister. Finally, he made it."
W23,IFG,SPA 2,22,Male,"En este libro, hubo un montón de momentos muy divertidos y entretenidos sobre una quincenera. Hubo algunos puntos donde hubo algo de drama porque uno de los personajes, Gabriel, tiene una madre que siguió tratando de montar la quincenera de una manera que Gabriel no quería que fuera."
W23,IFG,SPA 2,21,Male,"En la lectura de este cuatrimestre, Irene conoce a Gabriel y le pregunta si quiere ser su novia con un anillo de promisio. También el mejor amigo de Irene, Jake está preocupado con su vida de citas. El no se si el puede besar a su nuevo amigo y pregunta a Irene en el texto. La historia principal del lectura es la quinceañera de la hermana de Gabriel, Lola. Lola no está contenta con su Mamá, Gloria porque Gloria es muy mayor en la opinion de Lola y ellas no están de acuerdo sobre muchas cosas sobre la fiesta. Al mismo tiempo, Gabriel tiene que bailar con su hermana durante la fiesta y no es un buen bailarín. Entonces, Gabriel ayuda a Jake con su Español porque Jake va a un semestre en España y Jake ayuda a Gabriel a practicar el baile. En el fin, el fiesta es muy divertido y todos los caracteristas en la lectura estan contento.
"
W23,IFG,SPA 2,19,Female,"El libro era sobre la quinceañera para la protagonista. En el libro Irene novio compra un anillo pero Irene piensa que el novio quiere casarse. La protagonista madre tiene mucho conflicto para la quinceañera porque a la madre le gusta su manera de la fiesta, baila, y vestido. La protagonista no quiere que la madre le dé ideas a la quinceañera. La protagonista habla para YouTube de quejarse y nombra el video para la madre. La tía habla con la madre por el conflicto de la quinceañera porque a la protagonista no le gusta la madre ideas. La protagonista tiene muchos problemas con Gabriel porque Gabriel es un chambelán pero él está herido por el tobillo. El no puede bailar con la sorpresa baila para la quinceañera por el roto tobillo. En la final, Gabriel arruina el baile sorpresa del protagonista porque quiere vengarse de Jake por grabar el video que le tomó. 
"
W23,IFG,SPA 2,20,Female,"Gabriel tiene que bailar en la quinceañera de su hermana. Pero Gabriel no sabe bailar. La novia de Gabriel le enseña a bailar. Gabriel aprende entonces a hacer daño en el pie. Gloria es la mamá de Gabriel y Lola. Lola y Gloria pelean por la quinceañera. Lola quiere una quinceañera moderna. Gloria quiere una quinceañera tradicional. La tía de Lola está de acuerdo con Lola. La casa familiar de Gabriel pierde energía y Enrique no mira “Jane the Virgin"". El médico le dice a Gabriel que está curado. Gabriel baila con Lola en su quinceañera.  

"
W23,IFG,SPA 2,20,Female,"Gabriel y Irene estan en una relacion. Irene conoce con Grabriel su familia. 

En el libro Gabriel esta nerviosa porque su hermana Lola quiere Gabriel un chambelin en la quinceanera. Sin embargo Gabriel se tuerce el tobillo. En la quinceanera Grabriel es una mala bailarina y su padre o Jake inicia un flash mob. 

Gabriel le gusta Jane the Virgin. Gloria, Gabriel y Lola su madre, esta controlando la quiceanera. 

"
W23,IFG,SPA 2,20,Female,"En el libro Irene es la novia de Gabriel. Lola tiene una quinceanera. Lola create un Youtube channel sobre como ""survive a quineanera"" con su madre. Antes la quinceanera Gabriel torce su tobillo y no puede bailar. Gabriel es el chamblain de honor para la quinceanra. Jake ayuda Gabriel practicar el baile. Gabriel no estaba contento con su perseverancia pero Enrique estaba muy feliz orgulloso de Gabriel. Lola y su madre, Gloria, pelean porque Lola quiere una quinceanera moderna y Gloria quiere una quinceanea viejo. Lola quiere llevar un vestido moderno y zapatos comfordas pero Gloria quiere Lola llevar zapatos de tacon. Lola crea vides en internet. Enrique quiere ver episodes de Jane the Virgin pero hay una apagón. Jake quiere aprender espanol para study abroad. Gabriel apoya a Jake aprender espanol porque Jake apoya a Gabriel bailar. Irene esta nerviosa porque ella ir a cena de Gabriels familia. Irene peinsa Gabriel will give her un anillo. "
W23,IFG,SPA 2,21,Female,"Gabriel y Irene son estudiantes a UC Davis. Los dos están en una relación. Gabriel tiene una hermana menor. Ella va a tener una Quinceañera. Lola quiere que Gabriel baile con ella en su Quinceañera. Es una baile muy especial y Gabriel es el chamberlan de honor. Gabriel y Irene están preocupada porque Gabriel no sabe que bailar muy bueno. Irene y su amigo, Jake, les ayuda Gabriel para bailar. 

Gabriel presenta a Irene a su familia. Irene concoe los padres de Gabriel, Gloria y Enrique, y la hermana de Gabriel, Lola. Irene le encanta la familia de Gabriel. 

Lola es preocupada por su Quinceañera porque su madre es muy tradicional y quiere controlar todo la fiesta. Lola es mas moderna y ella quiere usar ropa y zapatos de su elección. Es el mismo con el musica también. 

Hay conflicto cuando Gabriel se tuerce el tobillo y  no puede bailar, pero en el final, Gabriel puede bailar para la Quinceanera y su padre está muy orgulloso de Gabriel. La quincenaera fue muy bien y todos las personas están muy felizes. 
"
W23,IFG,SPA 2,21,Female,"Gabriel y Irene son en una relación. Jake tiene una hermana se llama Lola. Lola tiene quince años y va a tener una quinceañera porque ella tiene un problema. Su hermano no entiende el baile para quinceañera. Gabriel necesita a aprender el baile antes la quinceañera, pero Gabriel tuerce el tobillo. El médico dice Gabriel es bueno y puede completar el baile con Lola ahora. Pero, lola tiene un nuevo problema. La madre, Gloria, quiere Lola a lleva su vestido para su quinceañera, pero Lola piensa el vestido es muy muy feo. Gloria no es feliz y la pelea. Gloria decide comprar Lola un nuevo vestido para la quinceañera. Irene tiene un amigo se llama Jake. Jake quiere aprender el lenguaje de español. Jake quiere ir a una cita y besar a su cita, pero es muy nervoso. Irene le dice a Jake que bese a su cita y él lo hace."
W23,IFG,SPA 2,18,Female,"Lola va a celebrar una quinceañera. La mamá de Lola está ayudando a preparar la fiesta. La mamá de Lola quiere que ella tenga una fiesta formal con música antigua. Quiere que Lola lleve un traje elegante con tacones altos. Pero Lola quiere llevar unas Converse con su vestido. Lola tiene un hermano que se llama Gabriel. Lola quiere que Gabriel sea su chambelán de honor en su quinceañera. Pero Gabriel no sabe bailar. Gabriel tiene un amigo que se llama Jake. Jake enseña a Gabriel a bailar. Jake graba un vídeo de Gabriel bailando. Jake quiere estudiar en el extranjero. Pero Jake no sabe hablar español. Gabriel ayuda a Jake a aprender español. Antes de la quinceañera, Gabriel se lesiona. Al final, Lola, la madre de Lola, Gabriel y Jake terminan de preparar la fiesta y Lola celebra sus 15 años. 
"
W23,IFG,SPA 2,22,Female,"En el libro, Irene comienza a salir con Gabriel. Irene tiene que conocer a toda la familia de Gabriel y está muy nerviosa. Entonces la hermana de Gabriel, Lola, necesita planear su quinceañera. Lola y su mamá se pelearon por muchas cosas de la fiesta. Pelearon por el vestido, la música y el pastel. Pero al final, Lola se puso el vestido que quería. También, le dicen a Gabriel que necesita aprender a bailar para la quinceañera. Cuando él aprende a bailar, Gabriel se tuerce el tobillo. Entonces Jake, el amigo de Irene y gabriel, tiene que bailar en la quinceañera para Lola porque Gabriel no puede. Le dice a Gabriel que puede bailar con su hermana para la fiesta. Gabriel está muy nervioso porque no practico mucho y era el hombre de honor. También, el amigo de Irene y Gabriel, Jake, siempre está practicando su español porque quiere estudiar en el extranjero. ¡Jake también tiene una cita y besa a alguien!"
W23,IFG,SPA 2,19,Female,"Talleres de lectura es un libro sobre Lola 's quinceañera. Ella tiene una mamá llamada Gloria, ella es muy tradicional pero Lola es muy moderna, una discusión comienza. Gabriel es Lola 's hermano y está en un gran baile. Irene y Gabriel esta en un relación.  Pero Gabriel rompió su tobillo. En el finalmente el doctor deja que la biliar. Jake es un amigo que Irene y Lola. Jake quiere estudiar en el extranjero y está tratando de aprender español. Jake también tiene la cita y está muy nervioso por el beso. Nadie tiene tiempo para ayudar a Jake. Enrique es Lola 's papá y él quiere mirar Jane the Virgin pero se fue la luz. El libro termina con Lola 's quinceañera, es una muy buena fiesta y todas las personas están contentas. Gabriel hace solo un pequeño error mientras baila. Irene tiene una muy buena familia y amigas.     "
W23,IFG,SPA 2,18,Male,"This book was a little more focused on Gabriel and his sister’s quinceañera. Gabriel was asked to be el chambelán de honor for his younger sisters quinceañera. Gabriel spent lots of time practicing to dance with his girlfriend. A little bit before the quinceañera, Gabriel broke his foot. Luckily he recovered and was able to dance even if it wasn’t the best."
W23,IFG,SPA 2,18,Female,"El libro cuenta una serie de historias que se desencadenan cuando una hija publica un video en internet, incluyendo historias de su madre y sus amigos. Entre otras cosas, el libro cuenta la historia de una amiga que estudió españa por estudiar en el extranjero."
W23,IFG,SPA 2,19,Female,"Irene llega a conocer a la familia gabriels. Aprende sobre diferentes dialectos del español. Gabriel es a ellos que se les pide que se separen de su hermana, Lola, quince. Él dice que sí, pero tiene que aprender a bailar. Lola está tratando de conseguir su camino para su quince. Gabriel se lesiona, pero todavía es capaz de bailar con su hermana."
W23,IFG,SPA 2,19,Male,El libro trata sobre una chica que tiene una quinceañera. La niña no está contenta con cómo su mamá quiere que la quinceañera sea tradicional. La niña filma un video de blog y lo publica en línea.
W23,IFG,SPA 2,23,Female,"The book is about undergraduate students Gabriel, Irene, y Gabriel’s hermana Lola. Lola is getting ready for her quinceañera and the book follows gabriel more than the first book. Lola goes back and forth with getting ready for her fiesta & has some ups and downs with her madre & her abuela. Gabriel is also frustrated because of his broken limb and how it hinders his potential dancing with her at her quinceañera  "
W23,IFG,SPA 2,Nineteen,Male,"En el libro, una niña quiere celebra su fiesta, pero tiene una madre muy estricto. En los capítulos, su hermano quiere bailar con ella en la fiesta, y su amigo quiere aprender español por su study abroad. Hay es un situación muy cómico con un anillo, pero es porque el niño quiere ser su novio, no ser su esposa. Es un Chanel de Youtube también, con un video muy de la madre, y ella no esta feliz. La madre aprenda que el video de su hija, y su hija no quiere su reacción. Finalmente, en la fiesta, todo es bueno, y el baile secreto es perfecto."
W23,IFG,SPA 2,19,Female,"En este libro Irene es con Gabriel. Gabriel trae bailar para la quinceñera de su hermana. Durante practica, Gabriel ensenya español a Jake. Jake ensenya Gabriel bailar también. Gabriel duele su tobillo durante manda su bicicleta. Está nervioso para bailar con su hermana, y durante el bailar Gabriel está vergüenza, pero su papá le consola. La hermana de Gabriel también un tiempo muy mal preparando para su quinceñera. Su madre es muy viejo pero Lola es muy moderna. Ellas están enojado con la otro. En el fin todos están muy feliz."
W23,IFG,SPA 2,18,Female,The plot was about this girl who was going to have a quinceñera and she wanted to dress somewhat casually but her mom was heavily opposed to it. She also had a chambelan and described them. She had a tough time negotiating with her mom on what to wear and even searched up on youtube „How to survive your mom during your quinceñera” which she ended up finding out about. Her friend also made a tiktok and ended up spraining his foot before the quinceñera.
W23,IFG,SPA 2,18,Prefer not to say,"No recuerdo la mayor parte de la historia, pero esto es lo que sí recuerdo:
La niña estaba teniendo una quinceneañera pero su madre estaba controlando.  Su madre era anticuada.  La niña quería llevar la zapatilla de tenis pero su madre quería la niña llevar los zapatos de tacón.  La tía estaba de acuerdo con la niña.  Los niños en la historia estaba molesto.  Uno de ellos se rompía la pierna o tobillo (no recuerdo).  La niña tenía una canal de YouTube.  Ella hacía un video sobre cómo sobrevivir a tu madre durante su quinceañera.  Su madre se enojado.
Alguien miraba Jane the Virgin. "
W23,IFG,SPA 2,19,Male,"La trama principal del libro nos llevó a través de la historia de la planificación de una quinceañera para una niña. Y el drama que vino con su familia planeándolo y ella también contribuyendo al drama. A través de la historia, hace un video de YouTube sobre lo estresante que está siendo la planificación de la fiesta. Y cómo su abuela y mamá quieren cosas completamente diferentes de ella. Quieren una quinceañera clásica mientras que ella quiere agregarle su toque moderno. Esto es algo que les molesta. Además, su pareja de baile está nerviosa por aprender a bailar para la fiesta. Luego hace un trato con su amigo a cambio de que su amigo le enseñe a bailar, él le enseñará español a su amigo. A pesar de todo el drama, aún así terminan teniendo la fiesta y sale bien."
W23,IFG,SPA 2,20,Female,"Irene es una amiga de Jake, quien quiere aprender Spanish para su study abroad. Jake es es amigo de Gabriel y su hermana Lola. Lola es cumple quince años. Su quinceñera es pronto y prepera para la fiesta. Gabriel es su chambelan de honor y ellos practican para su bailando juntos. Hay muchos desacuerdos con Lola, su madre, y su tia. Lola crea un YouTube para hacer videos llaman “How to survive your mother on your quince”. La madre de Lola encuentra la channel de Lola y es enojada. Pero, el finale del libro es la quince de Lola. Gabriel hace un error Durante la bailando pero la fiesta es un success. "
W23,IFG,SPA 2,18,Female,"Irene ayuda su novia con su familia y quinceañera de hermana. Gabriel tiene que aprender a bailar por la quinceañera pero es malo bailar. Amigo de Irene ayuda Gabriel aprender a bailar a cambio de que Gabriel le enseñe. Gabriel se rompe el pie cuando montaba un bicicleta y él estaba triste. mientras Gabriel esta preocupado, su hermana es planifica su quinceañera. Su madre y ella no acordan. Gabriel sana y baila con su hermana en quinceañera. "
W23,IFG,SPA 2,18,Male,"El libro fue sobre una mujer, Irene, Jake, y Gabriel. Además, la hermana de Gabriel, Lola, tuvo una quinceañera en que su madre estuvo abnoxio. En cambio por las lecciones de bailar, Gabriel le dio lecciones de Español a Jake. La cosa es que Gabriel tuvo que ser el chambelán por la quinceañera, porque Lola le preguntó. Desafortunadamente, entonces, Gabriel dañó su pierna. Eso preventó él de practicar. No obstante, ya baila a la quinceañera, y baila bien. ¡Eso es todo!"
W23,IFG,SPA 2,Nineteen,Male,"[Resubmitting to test, already sent this in]"
W23,IFG,SPA 2,19,Female,"El libro es sobre una chica que tiene una quincenera. La mama de la chica quiere una differente tipo de fiesta que la chica. La chica quiere tener ropa no elegente, pero la mama quiere queen chica lleva ropa y zapatos elegente. Tambien, la quincenera es sobre como Irene y Gabriel encontran eachother.  Irene es un estudiante de study abroad, y Gabriel no es, por eso, es interesante. "
W23,IFG,SPA 2,19,Female,"Él libro sigue las personas, Irene y Gabriel y sus relacions de romatinco. Él libro sigue las familias y los amigos de Irene y Gabriel. Gabriel y Irene son estudiantes de universidad. Irene es un estudiante international de South America. Gabriel y Irene ven a Picnic Day y se encontan. La hermana de Gabriel ed Lola y ella tiene un quincinera. Su madre y tu no amable con la quincinera.  "
W23,IFG,SPA 2,22,Non-binary / third gender,"El libro trata sobre Irene y su relación con Gabriel. Irene va Gabriel familia para cenar. Su papá de Gabriel anuncia el quinceañera para Lola, su hermana de Gabriel. Lola hace el video sobre su mamá y como sobrevive an ella. Ya que su mamá quiere que use tacones altos y no sus zapatos para la fiesta. Entonces Gabriel estaba montanda su bicicleta en el campus y se rompió el pie, por lo que no puede bailar de su fiesta hermana. Then Lola and her mama got in to an argument por que Lola tía habla chisme"
W23,IFG,SPA 2,19,Male,El libro trataba sobre una historia de amor joven donde una chica y un chico comenzaron a salir.  Luego cambió a una mujer joven preparándose para su quincenera. Ella está tratando de sobrevivir a su madre. Su madre es anticuada y quiere hacer todas estas cosas viejas para su quincenera.  entonces ella hace un video de YouTube sobre cómo evitar a tu madre durante tu quincenera. Luego su novio se lesiona justo antes de poder bailar con ella en la quincenera y ya no puede hacerlo. El es muy muy cansado y aburrido para se lesiona. Ella llevia in converse para lo quincenera. Su madre es muy decepcionada con Ella por que lo queire tradicional para quincenera. El libro es fantastico y muy interesante con lo trama. Spanish 2 libro es mad bueno de que Spanish 1 libro. Gracias para escriben un bueno libro.
W23,IFG,SPA 2,19,Female,"In el libro, la protagonista, Irene, tiene el Chanel de YouTube y ella documenta el proceso de crear su quinceañera perfecto, incluyen encontra una vestido y chancletas perfectas. También el libre sigue ella encontrar su novio como la primera Cira con Gabriel. Gabriel y ella necesitan poder bailar para su quinceañera pero el se rompe su rodillo y no puede ser el chambelan de honor. Irene y su mamá continuamente tienen problemas tal como la formal oh informal y otras. Pero en final, ella tiene una quinceañera muy divertida y ella baile con su chambelan de honor!"
W23,IFG,SPA 2,19,Female,"Gabriel tiene un regalo para Irene, un anillo de promesa. Irene está estresada porque el anillo. Irene y Gabriel tienen que ir a quinceañera de Lola, la hermana de Gabriel. Una problema grande es Gabriel no sabe bailar. Irene y Jake tienen que enseñar Gabriel cómo bailar para la quinceañera. Gabriel enseña Jake como dice español. Un día, Gabriel se rompa su tobillo. Gabriel está preocupado porque no sabe si baile con Lola. Su familia está ocupada también porque preparan por la fiesta. Enrique, el padre de Gabriel, quiere ver Jane the Virgin y la boda de Jane y Micheal. Lola está estresada porque su mamá es tradicional, pero Lola quiere una fiesta moderna. Lola crea una video sobre su mamá. Al final, Gabriel sabe bailar y su tobillo es bien para la quinceañera. Irene y Gabriel van a la quinceañera y el padre de Gabriel, Enrique, està orgulloso de su hijo. 

"
W23,IFG,SPA 2,22,Female,"El taller de lectura es sobre el quinceañera del hermana de Gabriel. En SPA 1, introducirían Irene en el libro. En este taller introducirían a Gabriel, quien es el novio de Irene. Este taller es más chistoso y no es tan serio como el taller en SPA 1. Por ejemplo, el papa de Gabriel quiería ver el final de Jane de Virgin, pero su familia es tan ruidosa que no podía hacerlo.   Gabriel roto su tobillo, pero al fin se cuidó y podía bailar con su hermana en la baile sorpresa. "
W23,IFG,SPA 2,25,Female,"Lola, la hermana menor de Gabriel, prepara para su Quinceñera y el libro incluye escenarios diferentes, que pasan a los miembros de la familia de los dos. Irene, que era la protagonista en el libro previo, ahora es la novia de Gabriel y interactúa con Gabriel y su amigo Jake para prepararlos por estudiar en el extranjero y el baile durante la Quinceñera. Lola tiene muchos problemas con su madre Gloria, porque ella tiene esperanzas antiguas por la fiesta de su hija. Lola publica un video en YouTube para compartir su experiencia con otras chicas. La tía de Lola apoya a su sobrina y es más moderna que su hermana Gloria. El padre, Enrique, no es muy involucrado en las preparaciones, pero prefiere ver su serie favorita. Gabriel tiene un accidente y no sabe que puede bailar con su hermana, pero al final la Quinceñera es un éxito para todos."
W23,IFG,SPA 2,18,Male,"En el libro, Irene y Gabriel están en una fecha dónde Gabriel se pregunta a ser su novia. Ella acepta, y es entonces invitándola a tener almuerzo con la familia de Gabriel. En almuerzo, la hermana de Gabriel, Lola, habla sobre su quinceañera y pregunta Gabriel a ser el chamberlain de honor. Gabriel está nervioso sobre su posición, pero Irene y su amigo Jake ofrecen a ayudan practicar su baile. Lola argumenta con su madre sobre su fiesta, pero ellos aceptan a hacer la fiesta come quiere Lola. Gabriel se sube a un accidente de bicicleta y duele su tobillo. Él preocupa sobre no estar baile con su hermana, pero él logra sanar antes la fiesta. La fiesta y el baile van buenos por Gabriel y Lola."
W23,IFG,SPA 2,19,Female,"irene recibe un novio Gabriel. irene está teniendo una fiesta de cumpleaños para su cumpleaños de quince años, pero viene a muchos obstáculos y problemas. Mientras lo planifica con su madre, descubre que tienen deseos y necesidades muy diferentes para la fiesta. Su madre quiere una fiesta más tradicional en general y ella quiere una fiesta más moderna y divertida. Su novio Gabriel se fracturó el pie y estaba a punto de no poder bailar. Él se pone mejor y puede bailar ahora."
W23,IFG,SPA 2,18,Female,"En el libro nosotros leemos en clase la hermana de Gabriel, Lola, esta preparando por su quinceañera, pero su mamá quiere hacer otras cosas por su fiesta. Lola decide hacer un video en YouTube como sobrevivir a tu mama. También Gabriel necesita aprender ballet, entonces él aprende Jake sprender español. Pero, Gabriel se rompió el tobillo."
W23,IFG,SPA 2,19,Female,"Lola tiene una quinceñera pero Gabriel se rompió el tobillo. Tambien, su mama quiere feo vestido y musica."
W23,IFG,SPA 2,18,Female,"La trama del libro en español era contar la historia de amor entre Iren y Gabriel. Se conocieron en UC Davis. Han ido a citas a la lechería Davis. Luego, más tarde, Iren se reunió con la familia en una cena, Gabriel también la invitó. En la cena, Lola le pide a Gabriel que sea su chambalan. Dice que sí, pero más tarde se rompió el tobillo. También en la historia Lola y también debate con su madre entre cosas modernas y de la vieja escuela en su quincenera como el vestido, los zapatos y la música."
W23,IFG,SPA 2,18,Female,"Irene tiene un novio se llama Gabriel que se rompió el tobillo. Gabriel tiene una hermana se llama Lola, quien tuvo una quinceañera que su mamá no le gusta porque ella es old-fashioned. Irene también tiene un compañero de cuarto gay se llama Jake que estaba nervioso sobre si debería besar a su cita en la primera cita.  A Irene le preocupaba que Gabriel fue moving demasiado rápido porque Irene es de España y él la sorprendió con un anillo de promesa y conociendo a su familia."
W23,IFG,SPA 2,24,Male,"An la biblioteca de Taller de Series, la persona central y los miembros de su familía hablan sobre sus relaciones y preparan para una Quinceñera. Gabriela, su madre, y su abuela hablan sobre las ropas y tradiciones de Quinceñera. También, Gabriela, su hermano, y su padre necesitan bailar durante la ceremonia. "
W23,IFG,SPA 2,19,Male,"Se trataba de la quinceañera de lola y de cómo su hermano se lastimó el tobillo y no pudo enseñarle a su amigo los movimientos para la ceremonia. Los jóvenes piensan que la tradición es demasiado antigua y anticuada, por lo que intentan hacer su propia versión moderna con música y vestimenta diferente. Todo terminó bien con Jake y Gabriel dirigiendo el baile, lo que terminó la ceremonia mejor de lo que esperaba la mayoría de la familia."
W23,IFG,SPA 2,20,Male,It was about a girl's entrance into womanhood when she turned 15 and her getting ready to go into marriage. The mom wanted it to be more classic and the daughter wanted a more modern feel.
W23,IFG,SPA 2,19,Male,"eel libro era sobre una quinceañera y la madre y la hija tenían diferentes puntos de vista sobre cómo querían ejecutarlo. Una quinceañera es una celebración en la cultura española donde la niña se convierte en mujer. Es su decimoquinto o decimosexto cumpleaños. La mamá quería que fuera más antiguo y clásico, mientras que la hija quería que fuera más moderno y moderno. La hermana de la madre estuvo de acuerdo con la hija sobre cómo se debe llevar a cabo la quinceañera. El novio de la hija quería aprender a bailar mejor y luego se rompió el tobillo mientras practicaba su baile. Se mejoró antes de la celebración y pudo bailar en la fiesta. La niña que estaba de cumpleaños también tenía un canal de youtube donde publicaba videos sobre cómo manejar a su mamá a quien no le gustaban sus ideas. Algo divertido que sucedió en el libro fue que al principio el novio le dio un anillo y ella pensó que se iban a casar, pero era solo un regalo."
W23,IFG,SPA 2,21,Male,"hay una quinceañera y hay mucha gente que viene. a la gente en el baile le gusta lo elegante que es. la mamá de la niña quiere que use un vestido conservador pero la niña quiere usar ropa casual. la hija es mucho más moderna que la madre y esto genera conflicto. hay personas que apoyan a la hija de la familia en el uso de ropa tradicional. la chica recibe un anillo para casarse con el chico. Hay muchas veces donde hay conflicto por la diferencia de generaciones. Luego, la hija quiere hacer un video de YouTube sobre cómo detener a una madre que está siendo molesta. la hija habla de esto al final de la historia y a alguien más le gusta la idea. hablan de que ella se convertirá en la próxima sesión de Internet debido a este tema. las personas en este libro se hacen bromas entre sí."
W23,IFG,SPA 2,20,Male,Por este libro la trama principal es sobre una niña y su madre y ellos hablar sobre quinceañera de niñas. Lola es una niña y idea de Lola no tan idea de mama de Lola. Lola quiere una quinceañera con música moderno y mamá de Lola quiere la música viejo y formal. Ademas ellas no aceptan sus ideas con ropas y zapatos. Además en este libro hay un accidente con un hombre cuando este hombre montaba su bicicleta y el hombre se rompía su pierna. Además en al principio hay una pareja y falta de comunicación cuando él le dio un anillo. Porqué ella piensa el anillo para caerse pero es un anillo de compromiso.
W23,IFG,SPA 2,18,Male,From what I remember there are a few plotlines that each kinda center around 1 character. A main plotline of the book is the disagreement between a girl and her mom about her quincenera. The girl makes a youtube video about her mom being too controlling about every part of the party and the mom realizes she should let the girl do what she wants because it is her party and its all resolved nicely. Earlier in the story there are a set of friends one of whom is trying to learn spanish and another who breaks his arm. 
W23,IFG,SPA 2,22,Non-binary / third gender,"Este es la quinceañera de la hermana de el novio de Irene. Gabriel, el novio, es elegido para ser el chambelan de honor por la fiesta. Gabriel tiene que aprender a bailar. Lola, la hermana, está estresado sobre su madre porque ella es old fashioned, pero su tía es mas chill. Gabriel quiere aprender a bailar con Jake. Jake quiere aprender a hablar Español por un programa estudiar abroad. Gabriel se rompe la pierna y cree que no puede bailar. Antes de la fiesta, Gabriel puede quitarse el cast y bailar con su hermana en la quinceañera!! El Padre de Gabriel está orgulloso de él."
W23,IFG,SPA 2,19,Male,"El libre es sobre de Gabriel, el novio de Irene from el libro primero. El da un anillo de promesa a Irene y dice que quiere hacer su relación oficial. La hermana de Gabriel, Lola, tiene una Quincenera y pregunta que Gabriel baila que ella en la fiesta. También, Lola y su madre Gloria discuten con la tema de la Quincenera. Lola quiere una tema moderna y su madre quiere una tema tradicional. Gabriel está nervioso para el baile con Lola, pero su amigo, Jake, baila bien. Jake aprenda a Gabriel a bailar y toma una video de Gabriel y publica a TikTok. Desafortunadamente, durante montando en bicicleta, Gabriel lastima su tobillo y no puede practicar para la baile. Después de recuperaba, Gabriel baila con Lola y hace un error. Jake y sus amigos organizan un ""Flash Mob"" para distraen. La papá de Gabriel dice que el está orgulloso de Gabriel y el está un hermano bueno."
W23,IFG,SPA 2,22,Female,"Gabriel regala a Irene un anillo de promesa. Irene estaba muy confundida porque piense que Gabriel quiere casar a ella. Irene conoce la familia de Gabriel: Lola, su hermana menor, Enrique, su papá, y Gloria, su mamá. Gabriel se cae cuando montando su bicicleta y tiene que mantener su forma porque Gabriel es el chamberlain de honor de su hermana menor Lola en la quinceañera de Lola. Jake quiere decir español porque él quiere “travel abroad”. Lola publicada un video en YouTube porque su mamá es “old fashioned”. Lola en su quinceañera era muy bonita, como una princesa. El vestido es muy elegante. Gabriel estaba nervioso porque no le gusta bailar, pero Enrique decía a Gabriel que Gabriel baile muy bien. Gabriel le siente más bien y estaba emocionado cuando baile con Lola: estaba muy feliz que él es el chambelán de honor de Lola. Irene y Jake estaba muy felices también."
W23,IFG,SPA 2,25,Male,"I cannot remember the entire plot, but the book is about two kids (can’t remember the names) getting mock engaged and deciding to date each other. The girl who is having a quinceanera has to find ways to cope with her mom being overbearing and having to wear clothes and shoes she doesn’t like. After dance practice, the boyfriend hurts his leg in an accident. There was also an incident where one of the guys gets filmed doing a dance and feels embarrassed about it. In one of the chapters, the family is gathered talking about the quinceanera  and the power goes out, and one of the characters cannot watch the final episode of the soap opera he was watching. Eventually, the quinceanera happens, and the boyfriend feels embarrassed because he cannot dance well, but his father consoles him. The quinceanera happens and everyone is happy and relieved it went well. The character who was filmed dancing earlier remarks he is going to get his revenge and film the other guy."
W23,IFG,SPA 2,19,Female,"Irene tiene un novio. Su nombre es Gabriel. Gabriel era enamorado como Irene y daba Irene un anillo. Gabriel tiene Irene conocer su familia. Irene dice bueno, pero era nerviosa. Después, Lola, la hermana de Gabriel, tiene una Quinceañera. Para su Quinceañera, Lola quiere una fiesta moderna. Su mama no quiere este. Durante este, Lola grababa los videos para YouTube. Ella documeutaba su experienca con su Quinceañera. Ella documeutaba el dominante de su madre porque ella puede Lola tener un Quinceañera formal y tradicional. Gabriel es el mejor hombre de Lola pero, no puede bailar. Gabriel practica bailar con Irene y Jake, pero después, Gabriel rompia su tobillo cuando montaba su bicicleta. Era estresado porque Gabriel es el mejor hombre de Lola. Cuando su tobillo es recuperaba, Gabriel puede bailar. Pero porque el no sabe bailar, el era nervioso. Pero, cuando el baila con Lola, el era bueno. Su padre era orgulloso y Gabriel era feliz. "
W23,IFG,SPA 2,21,Male,"Gabriel es el hermano de Lola. Lola tiene una celebración de Quincenera. Gabriel rompío el tobillo antes de la fiesta. Él está muy triste porque no baile con su hermana. Tiene que bailar con Lola porque él es chambelan de honor. Lola está muy frustrada porque su madre es dominante sobre los tradiciones de la quinceñera. Gabriel quiere practicar bailando con su novia Irene. Despues de recuperaba, Gabriel baila con Lola a la fiesta de su quincenera. Su padre es muy feliz con su niño porque Gabriel hizo feliz a su hermana. Antes de la fiesta de Quincenera, Gabriel fue a una cita con Irene porque realmente le gustaba. Gabriel le da un anillo. Irene está asustada al principio porque ella penso que él le propuso matrimonio. Finalmente, Irene entiende que fue un regalo porque le gusta. Despues de la cita en que comienza a salir."
W23,IFG,SPA 2,22,Male,"La quince de Lola tiene un baile con su hermano Gabriel. Gabriel no puede bailar, no tiene rítmo. Jake ayudo a su amigo Gabriel a aprender a bailar. Gabriel ropía su tobillio y es enojado porque no puede bailar. El día antes de la quince recuporo y podía bailar con su hermana."
W23,IFG,SPA 2,20,Female,"En el libro, Irene y su novio, Gabriel, Irene pensó que Gabriel le estaba dando un anillo de compromiso. Era un anillo de promesa. Después de eso, Irene le envió un mensaje a Jake sobre el anillo y Jake le pidió consejo con su cita.  ir a las hermanas de Gabriel quinceañera. Pero, Gabriel es picked para bailar con su hermana y no sabe bailar. Pero amigo de Irene, Jake, lo hace, así que le enseñó a Gabriel a bailar. Otra cosa es que Lola, la hermana de Gabriel, estaba tiene problemas con su cumpleaños porque su madre. Lola creó un video sobre el problema con su cumpleaños debido a su madre. Otro problema fue que al andar en bicicleta, Gabriel se lastimó el tobillo. Así que Gabriel tenía miedo de perder su lugar bailar. Al final, Gabriel puede bailar en la quinceañera y la fiesta fue buena."
W23,IFG,SPA 2,18,Female,"Irene pensaba Gabriel estaba proponiendo a ella, pero solo le estaba dando un anillo de promesa. La hermana de Gabriel se llama Lola y ella no está de acuerdo con su madre sobre los detalles de su quinceañeara. Su madre pensaba que las decisiones de Lola son inapropiadas por una quinceañera. Lola pensaba que las decisiones de su madre era tan tradicional. Ella publicó un video de YouTube sobre cómo su madre arruinó su quinceañeara. Se suponía que Gabriel era su chambelán de honor, pero se cayó y se rompió el tobillo. Mientras todo esto sucedía, Enrique estaba viendo el último episodio de Jane the Virgin. No pudo ver el final porque hubo un corte de energía. Estaba muy molesto por no poder terminar el último episodio. Al final, el tobillo de Gabriel se curó y pudo bailar como el chambelán de honor en la quinceañera de su hermana. Fue un desastre y hubo un flash mob para encubrir su error."
W23,IFG,SPA 2,19,Female,"Irene tiene un novio. Su nombre es Gabriel. Gabriel era enamorado como Irene y daba Irene un anillo. Gabriel tiene Irene conocer su familia. Irene dice bueno, pero era nerviosa. Después, Lola, la hermana de Gabriel, tiene una Quinceañera. Para su Quinceañera, Lola quiere una fiesta moderna. Su mama no quiere este. Durante este, Lola grababa los videos para YouTube. Ella documentaba su experienca con su Quinceañera. Ella documentaba el dominante de su madre porque ella puede Lola tener un Quinceañera formal y tradicional. Gabriel es el mejor hombre de Lola pero, no puede bailar. Gabriel practica bailar con Irene y Jake, pero después, Gabriel rompia su tobillo cuando montaba su bicicleta. Era estresado porque una Quinceañera es pronto. Cuando su tobillo es recuperaba, Gabriel puede bailar. Pero porque el no sabe bailar, el era nervioso. Pero, cuando el baila con Lola, el era bueno. Su padre era orgulloso y Gabriel era feliz."
W23,IFG,SPA 2,21,Female,"Gabriel da un anillo a Irene. Irene conoce la familia de Gabriel. Gabriel, el novio de Irene, tiene una hermana se llama Lola. Lola está preparar a su quinceañera. La mamá de Lola y Lola no están de acuerdo sobre el vestido, los zapatos, y la quinceañera en general. Irene hace un vídeo sobre su mamá y su quinceañera. Gabriel está el chambelán de honor, y él practica bailar con Irene. Jake quiere aprender español y quiere hablar en español más. La mamá y la tía de Lola hablan sobre la quinceañera. La tía dice que los ideas de la mamá son antiguas. Gabriel rompe el tobillo mientras monta su bicicleta. Lola piensa que tiene que bailar con su otro hermano durante su quinceañera. Pero Gabriel se siente bien como bailar en la quinceañera. Gabriel hace un error durante el baile y él está avergonzado. Su papá habla con Gabriel y dice que él hace un buen trabajo y está orgulloso de Gabriel. "
W23,IFG,SPA 2,21,Female,"El novio de Irene es Gabriel. La hermana de Gabriel es Lola. Lola tiene quince ańos. Ella tiene un la quinceañera fiesta. Gabriel es el chambelan por la quinceañera. Gabriel está nervioso por bailar. Pero Gabriel rompe su tobillo porque su amigo Jake le preguntar que bailar TikTok. 
Tamien ellos vivo Jane the Virgin. 
Jake quiero aprender español porque el estuido abroad pronto. Jake tambien vivo un Tinder Date. Jake pregunta Gabriel por ayudar to text el. 
Lola piensa que Gabriel quiero El novio de Irene es Gabriel. Pero Gabriel da Irene un anillo de promesa. 
La madre de Lola está enojado Lola. Lola quiere un otro vestido y Converse zapatos. El vestido que la madre quiere Lola llevar es feo y viejo. 
Lola hace un Youtube video sobre su enojado madre. 
finalmente, la quinceañera es bonita y divertida. "
W23,IFG,SPA 2,18,Female,"(I think Irene's boyfriend's name was Gabriel, but I'm not 100% sure)

Gabriel le da a Irene un anillo. Irene piensa que Gabriel está proponiendo, pero no. Gabriel y Irene van a una comida familia de Gabriel, y Irene conoce la familia de Gabriel. La hermana de Gabriel va a tener una quinceañera y Gabriel va a ser el chambelán de honor. El amigo de Irene, Jake, enseña Gabriel cómo bailar y Gabriel ayuda Jake con su español. Jake va a voy a una cita y está nerviosa, pero los dos se besan. La hermana de Gabriel y su mamá no acuerdan los detalles de la quinceañera, y la chica escribe un blog donde su queja, pero su tía las ayuda a entenderse. Gabriel le duele su tobillo y teme que no puede ser el chambelán de honor. Afortunadamente su tobillo sana en tiempo por la fiesta. Gabriel se equivoca en el baile, pero su padre dice que está orgulloso de él."
W23,IFG,SPA 2,22,Male,El libro trata sobre una Quinceanera y un nino que se rompio el pie.
W23,IFG,SPA 2,20,Male,"Irene tiene una cita con Gabriel. Hacemos su cita y Gabriel ofrece un anillo a Irene cuando están tener comida. Irene está sorprendida porque ella cree un anillo está boda pero Gabriel dice esto el anillo significa un relación oficial. Gabriel ofrece tener Irene a su cena de familia. Gabriel tiene un hermana quien va a tener una quinceañera. Gloria es la mamá de Lola y quiere Lola lleva su vestido de su quinceañera. Lola no quiere porque el vestido de Gloria es viejo y Lola quiere llevar un vestido moderno. Lola también quiere Gabriel ser chambelán de honor en su quinceañera. Gabriel dice sí pero tiene dolor en su tobillo. El día de la quinceañera llega y Gabriel todavía siente dolor pero él puede bailar. Gabriel y Lola bailan pero Gabriel comete un error. Jake ayuda Gabriel y Lola y Gabriel tienen un gran baile. La quinceañera es un gran éxito. 
"
W23,IFG,SPA 2,21,Female,"Jake le dio un anillo a Lola y ella da miedo de que sea un anillo de compromiso pero no es un anillo de compromiso. Jake invita a Lola a su casa y conoce a su familia. Irene está cumpliendo quince años y planea organizar su fiesta de quinceañera. Irene invita a su hermano a ser sus chambelanes y bailar con ella en la quinceañera. Irene quiere llevar Converse para su quinceañera pero su madre insiste en que Irene necesita llevar zapatos de tacón. El hermano de Irene, Jake, se rompió la pierna y teme no poder bailar con Irene en la quinceañera. La pierna de Jake se cura antes de la quinceañera y pudo bailar con Irene pero cometió algunos errores y Gabriel comenzó a bailar en grupo para que nadie se diera cuenta del error. Jake está triste porque arruinó la quinceañera de su hermana pero su padre le dijo que está orgulloso de él. 
"
W23,IFG,SPA 2,19,Female,"The book from class is about a girls journey to her quincenera which is a sacred tradition and milestone for Latina girls celebrated with friends and family. A specifically important aspect of a quincenera is the dance, throughout the book she is attempting to practice and put together the partnered dance switching her partners numerous times with many twists and tumbles. She also experiences some uncomfortable generational disagreements with her family members about what she will wear and what the celebration will look like. In the final chapter we see the quincenera unfold beautifully and have completed her journey with her to the end. "
W23,IFG,SPA 2,20,Female,"La historia trataba sobre la historia de amor de Jake e Irene. Sigue sus vidas y la quinceañera de uno de los personajes. Cada capítulo involucra un desarrollo del drama que conduce a la quinceañera. Esto incluye peleas, planificación, lesiones y mucha conexión familiar. 

Específicamente, mi capítulo favorito fue cuando Jake puso a prueba su español cantando una canción especial para Lola. Fue un momento bonito cuando Lola, Irene y Gabriel se abrazaron, pero luego se volvió cómico cuando Gabriel grabó y dijo que lo iba a publicar y que Jake se volvería viral. 

También fue genial aprender sobre la cultura de las quinceañeras españolas. En el capítulo 6 fue muy realista cómo Lola y su mamá peleaban por el estilo de su vestido, peinado y maquillaje. Es interesante cómo tantas parejas de madre e hija tienen interacciones similares cuando ocurren eventos importantes como las quinceañeras. 

El capítulo más triste fue cuando Jake se cayó de su bicicleta y estaba preocupado de no estar bien para la quinceañera de su hermana. Fue bueno que el capítulo tocara el tema de lo costosos que son los gastos médicos, ya que después de la visita de Jake al hospital, recibió una factura muy cara. El sistema de atención médica estadounidense es único en la forma en que cobran en exceso a las personas enfermas. Mientras Jake se recuperaba de su pie roto, fue bueno que su hermano mayor pudiera llamar y verificar cómo estaba. Realmente disfruté leyendo esta historia y aprecié las conexiones que hizo con el vocabulario, la vida de Davis, los estudiantes universitarios, las relaciones y la cultura."
W23,IFG,SPA 2,19,Female,"Olvidé algunos de los nombres, pero un chico estaba tratando de hacerlo oficial con una chica y luego le dio un anillo. Ella se asustó al principio porque pensó que él estaba proponiendo. Él le dijo que era solo un anillo de promesa. Entonces su hermana pequeña estaba planeando su quinceañera. La mamá quería que ella tuviera zapatos elegantes y la hermana pequeña realmente no quería eso. Ella publicó videos de YouTube sobre cómo su madre controlaba. Entonces su mamá vio el video. También había mucha práctica de baile y el hermano estaba muy nervioso. Durante la quinceañera, había una flash mob y estaba bien. La hermana tampoco llevaba los zapatos de lujo que la mamá quería que llevara. El padre estaba orgulloso del hermano por estar allí para su hermana y hacer bien en los bailes. Eso es todo lo que puedo recordar."
W23,IFG,SPA 2,19,Male,"va a hacer un examen para cada unidad del libro, incluido un examen final. El libro comienza una unidad con el tema del español que va a aprender. Esto incluye una mini conferencia o video sobre las nuevas palabras y la gramática que va a usar. Esto venir con gráficos y archivos PDF para que los descargue o consulte más adelante para sus notas. Estos ayudar con las asignaciones en la unidad respectiva y las próximas unidades por venir. En las unidades hay tareas interactivas donde leerás, escucharás y verás videos sobre países de habla hispana. Aprenderás sobre su cultura y cosas y lugares en esos países. Las preguntas en sus tareas se correlacionarán con los temas que aprenda en estos talleres. También realizarás un proyecto que será presentado en clase a tu profesor y compañeros. Después de completar todas las tareas y proyectos del libro, terminará."
W23,IFG,SPA 2,20,Non-binary / third gender,Gabriel da un anillo a Irene y lo solamente un regaló. Irene está estresado porque voy a visitar la familia de Gabriel. Su familia le gusta Irene. La hermana preguntar Gabriel a ser su Chambelán para su quinceañera. Gabriel está nervioso porque to es un bueno bailador. 3 o 4 semanas antes de la fiesta el se rompió su pierna en un accidente. Su hermana tiene problemas con planear porque ella quiere diferente cosas que su mamá quiere para la fiesta. Gabriel mejores antes de la quinceañera y la fiesta tenía éxito. 
W23,IFG,SPA 2,20,Female,"Gabriel brings his girlfriend to meet his family after only dating for a short while. She is very nervous about it but ends up liking his sister a lot. His sister invites her to her quince and asks her brother to be in the chamber of honor. He agrees, but then chases his friend on a bike and falls. He is taken to the hospital and finds out that he hurt his ankle so he can't dance at his sister's party. His sister starts planning her quince but constantly argues with her mom about it so she starts a vlog on YouTube. Her mom finds out about the vlog and gets upset, but they continue to argue about the dress, shoes, hair and more."
W23,IFG,SPA 2,18,Prefer not to say,"Hay una chica que se llama Lola. Lola tiene un hermano que se llama Gabriel. Lola tiene quince años y tiene una quinceañera. Ella está muy feliz y preguntar a Gabriel “¿quiere ser mi chambelan?” Gabriel dice “¡Si!”. Él está nervioso por no poder bailar. Hay otra persona que se llama Jake. Quiere aprender español y habla con Gabriel y su novia, Irene. Gabriel ayuda a Jake a aprender español y Jake ayuda a Gabriel a bailar. Gabriel monta en bicicleta y cae. No puede bailar con Lola. Lola quiere un vestido moderno, pero su madre quiere algo diferente. El papá de Lolas quiere ver una telenovela que se llama Jane the Virgin. Todos los personas están hablando y él no puede oír la televisión. Está a punto de haber un beso y luego hay un corte de energía. Está muy molesto.En la quinceañera, Gabriel está nervioso, pero su papá lo ayuda y Gabriel está muy tranquilo. Él baila con Lola. Todos están muy felices.
"
S23,IFG,SPA 2,23,Female,"Gabriel tiene un anillo de compromiso para Irene. El anillo es un símbolo del amor y ellos deciden estar en una relación exclusiva juntos. Irene y Gabriel viajamos a case de los padres de Gabriel en Stockton a cenar. Lola que es una influencia, escribe sobre sus experiencias y frustraciones con su madre. La tía Eustaquia apoyo todas las ideas de su sobrina Lola, pero Gloria no le gusta las ideas de Lola. Enrique, el padre de Gabriel y Lola quiere ver el último episodio de Jane the Virgin sin distracciones. Pero, hay muchas interrupciones. A la recepción de la quinceañera de Lola, Gabriel esta muy nervioso para bailar con su hermana. Desafortunadamente, Gabriel pisó a Lola y perdió el ritmo. Agradecidamente, Jake estaba preparado para desviar la atención de los invitados cuando Gabriel cometía un error y Jake empezó la baile sorpresa. Enrique, el padre de Gabriel ofreció palabras de consuelo. En general, la historia tiene un final feliz."
S23,IFG,SPA 2,18,Female,"En la historia para mis talleres de lecture, el personaje, Irene, tiene una novia, Gabriel. Gabriel y Irene van muchos problemas juntos. Este historia tiene Gabriel mucho porque su familia quiere celebra la quince años para su hermana, Lola. Irene recibe un la invitación a la quinceañera de Lola. La historia también es sobre Lola porque ella es la cumpleañera. Lola tiene muchos problems con su quinceañera porque su mama no le gusta las ideas de Lola. En el final, Lola tiene su quinceañera y todos sienten contenta. "
S23,IFG,SPA 2,19,Male,"The book was about a family. There were many characters from Gabriel and Irene, to Jake y Lola. There were many individual stories and some of the main ones were Lola's quinceanera, Gabriel y Irene's relationship. Gabriel gave a ring to Irene that was not an engagement ring, and Irene was confused. Lola was fighting with her mom and aunt about how her quinceanera should go. Lola wanted a non traditional party, but her mom wanted a traditional party. The aunt was more on the side of Lola, and told Lola's mom to lay off of her. In the end, it was unclear what type of party it was. Jake was another character and he was studying spanish for learning abroad. Another chapter we were introduced to Estaban, the families father. He wanted to watch Jane the Virgin, but everyone was being crazy and loud, so he couldn't watch it. He was very mad and the chapter was amusing. "
S23,IFG,SPA 2,19,Female,"This story was a continuation of the story from Spanish 001, about Irene. However, this one is about her boyfriend Gabriel and how his sister is getting ready to have her quinceañera. Throughout the story, there are many problems that arise, such as Gabriel not knowing how to dance and hurting his ankle in a bike accident. His mom and sister, Lola, also argue about a lot of decisions when it comes to planning her quinceñera. But in the end, Gabriel gets better and is able to be Lola's chambelan of honor and everyone is happy during the celebration"
S23,IFG,SPA 2,20,Female,"Hay una chica se llama Irene y ella es la novia de Gabriel. Gabriel se da un anillo tambien. Gabriel quiere Lola encontrar su familia entonces ella va a cena con él a su casa. Ella encontra la madre, tía, hermana y muchos otros personas de la familia de Gabriel. Gabriel tiene una hermana se llama Lola y ella tiene 14 años entonces su quinceañera está pronto. Lola quiere su hermanno, Gabriel, bailar con ella durante su quinceañera pero él no sabe cómo bailar. El amigo de Irene que se llama Jake baila mucha entonces él mostra Gabriel cómo bailar. Un dia, Gabriel cae en su bicicleta y se rota su tobillo. Tambien, Lola y su madre no le gustan las ideas de la otra persona por la quinceañera. Pero en el fin, todos estás bien y la quinceañera es muy bonita y perfecta. Gabriel baila con su hermana y no hace mucho errores"
S23,IFG,SPA 2,20,Female,"En la historia, está un hombre se llama Gabriel. Gabriel es un estudiante de UC Davis y es el novio de Irene. La hermana de Gabriel va tiene una quinceañera. Se llama Lola. Gabriel quiere bailar con Lola a su quinceanera. Él practica mucho con Irene y el compañero de Irene, Jake. Los problemas comienzan cuando la madre de Lola quiere que ella tenga una celebración tradicional. Lola no quiere. Su madre quiere que Lola usar su vestido viejo. Lola quiere un nuevo vestido elegante y quieres usar converse. Más tarde, Gabriel es en un accidente de bicicleta. Él se duele la pierna y está nervioso porque no puede bailar. Un otro hermano de Lola dice que puede bailar con Lola si Gabriel no puede. Pero, en el final Lola tiene una gran celebración que ella quiere. Su vestido nuevo y elegante. Ella está usando converse. Gabriel es recuperado y se pone bailar con Lola.    "
S23,IFG,SPA 2,18,Female,"En “La Quinceañera” la historia se centra en Gabriel y Irene después de ser novios oficialmente. Otros personajes importantes son Lola, la hermana de Gabriel, Jake quien es el mejor amigo de Irene, los padres de Gabriel y Lola, y su tía Eustaquia también. En la historia, Lola quiere una quinceañera moderna, con Converse y pizza, pero su mamá Gloria tiene otras ideas que son más tradicionales. En el fin, Eustaquia ayuda a Lola y la quinceañera es una ceremonia hermosa. Para Gabriel, quiere ser el chambelán de honor de Lola, pero tiene un accidente de bicicleta y tiene que recuperarse. En el fin, puede bailar con Lola y está muy contenta, pero cuando Gabriel piso a Lola, su amigo Jake tiene que crear un flash mob. Jake es muy cómico en cada capítulo, y practica su español con Irene muchas veces. Mi capitulo favorito es 2 porque Jake y Lola comparten mensajes de textos y memes de gatos. En general, “La Quinceañera” es muy dulce y se centra en familia y relaciones importantes, que pueden ser difíciles a veces pero más necesarias. "
S23,IFG,SPA 2,19,Female,"Al principio de“La Quinceañera” Gabriel e Irene son novios que van a UC Davis. Irene es de España y es estudiante de estudios en el extranjero. Los dos hacen actividades en Davis como ir a Davis Creamery y andar en bicicleta. Tienen un amigo, se llama Jake. Jake quiere estudiar en el extranjero como Irene. Después, Gabriel le presenta a Irene a su familia. Su hermana, Lola, va a hacer una Quinceanera y ella le pide que sea su chambelán de honor. Gabriel tiene miedo porque no puede bailar pero acepta. Lola discute con su mamá sobre los zapatos y el vestido que quiere llevar en la fiesta. Luego ella hace un video de youtube sobre su madre. Esto hace enojar a su mamá Por suerte, su tía la apoya. Desafortunadamente, Gabriel tiene un accidente de bicicleta y se lastima el tobillo. Ahora cree que no puede bailar. Al final su tobillo es mejor y puede bailar en la quinceanera con su hermana. Durante el baile pisa a Lola y pierde el ritmo. Sale corriendo porque está avergonzado pero Jake salva el dia con un flashmob. La quinceañera es un éxito."
S23,IFG,SPA 2,20,Male,Irene
S23,IFG,SPA 2,20,Female,"Irene is the main character who, doesn’t have that great of a relationship with her mother, but is closer to her aunt Eustaquia. Irene is turning 15 and is having a quincera, she has a chamblean named gabriel and participates in all the traditions. At the beginning Irene has other friends like Jake and Lola that are also mentioned."
S23,IFG,SPA 2,21,Male,"The plot of the book was Gabriel and Irene, lovers, and their roomate Jake, who navigate the preperations for a Quincinera."
S23,IFG,SPA 2,Twenty,Female,"Lola hay un quinceañera. Es muy dramático. Gabriel no puede bailar. Lola y su madre fight por qué su madre, Gloria, es old fashioned y Lola es modern. "
S23,IFG,SPA 2,20,Male,"The whole book is plotted around a quincenera. The father is trying to watch his show while the women in the family are trying to plan the quinceneera. The daughter whose quincenera it is is frustrated because some of the aspects that she wants are not being included while the father is slightly annoyed because there is so much talking while he is trying to watch his show. Eventually another person who is going aborad distracts him because he is trying to get help with his spanish, then the power goes out and he eventually gets it back on only to see that his show is over. "
S23,IFG,SPA 2,19,Female,"The sister of Gabriel, Lola, is having her quinceañera soon and she wants Gabriel to be her chambelan de honor. He is nervous because he does not know how to dance but his friend Jake offers to teach him. Lola make a youtube video about dealing with mom's when it comes to quinceañeras and her mom gets angry with her. Her mom wants her to wear her old dress and do a lot of things Lola considers out of date, and Lola's aunt takes Lola's side and agrees that she shouldn't have to do that. Gabriel gets injured and is worried he won't be able to do the dance, but thankfully he recovers in time. Lola's dad is trying to watch his show but he keeps getting interrupted by other people's conversations. On the day of the quinceañera Gabriel is able to dance with Lola and is very nervous. He makes a mistake and feels bad but his dad reassures him. In the end everybody does toasts and they all hug.  "
S23,IFG,SPA 2,eighteen,Female,"The book followed mainly on Irene's boyfriend Gabriel's sister Lola's quincenera. The plot followed the making of  Lola's quincenera  and all the good and bad things. We see how Lola is dealing with her mom and aunt with planning the quincenera.  Gabriel needs to learn how to dance from Irene's roommate Jake, but then breaks his ankle when riding a bike.  Lola makes a YouTube video about how to deal with your crazy mom.  Enrique just wants to watch Jane the Virgin.  It all leads up to Lola's quincenera, which doesn't go all to plan, but still ends up being fun. "
S23,IFG,SPA 2,19,Female,"In the beginning of the book, it focuses on Lola and her relationship with her friend Gabriel and meeting his family. Then, it somewhat shifts focus to Gabriel’s family. Gabriel’s younger sister Lola is celebrating her quinceañera, and so she asks Gabriel to be her chambelan de honor. He, of course, says yes, but he is extremely nervous because he does not know how to dance and one of his roles will be to dance with Lola at the party. At the same time, Lola deals with the conflict of planning the party. Whereas Lola wants a modern party, her mother wants a more traditional celebration. Lola even complains about it online in a Youtube video. After speaking with Lola’s aunt, her mother comes to her sense and compromises regarding the planning of the party. On the day of the quinceañera, it goes well overall. In his dance with Lola, Gabriel makes a slight mistake. However, Jake distracts from this by initiating a flash mob."
S23,IFG,SPA 2,19,Female,"Lola está hablando con su mamá, Gloria y su tía, Eustaquia sobre la fiesta. Gloria no escucha a Lola y lo que ella quiere. Pero la tía de Lola escucha y está de acuerdo con ella. Gloria cree que Lola se está quejando. No le gustan los zapatos de Lola que quiere usar, que eran Converse. Enrique está sentado en el sofá viendo el episodio de Jane the Virgin. No es fanático de Rafael y le gusta más Michael que Rafael. Enrique y Jake están hablando sobre el episodio de televisión. Enrique estaba a punto de ver el último episodio pero hubo un corte de luz. Lola se estaba secando el cabello y se fue la luz. El doctor le dice a Gabriel que puede volver a bailar, pero Gabriel sabe que debe tener cuidado. Está muy nervioso por la quinceañera. En la quinceañera, Lola sigue la tradición y baila con su papá. Jake comete un error en el baile pero su papá Enrique lo consuela diciendo que está bien."
S23,IFG,SPA 2,20,Male,"The plot was about Lola who was about to turn 15 and have her quinceañera. Lola's chambelain was Gabriel who was extremely nervous because he wasn't a very good dancer. As we read each week, we'd learn about how they were preparing for the quince. We also learned about the conflicts that Lola and her mom were having over it. Lola wanted her party her way, and she wanted it to be modern, her mom wanted it to be traditional and formal. Before the quince is about to happen Gabriel hurts himself and doesn't know if he can perform the dance. In the end, he does heal in time and performs the dance with Lola. "
S23,IFG,SPA 2,19,Non-binary / third gender,"Irene era una estudiante de España en Davis para universidad. Ella tenía un novio, Gabriel. Antes, pensaba que él quería casarse, pero en actualidad él quería cenar con su familia consigo. La hermana de Gabriel, Lola, tenía una quinceañera. Su mamá estaba más tradicional, pero su tía era moderna sobre las cosas de la quince. Gabriel rompió su tobillo en su bicicleta, y Irene tenía miedo cuando ellos recibían la carta de hospital. Irene aprendía sobre la sistema de salud en los estados unidos. Gabriel estaba triste porque no podría ser el chambalan do honor con un tobillo roto. Despues, su tobillo esta sana, y él puede bailar con su hermana. Él olvidaba el baile, pero su papá hablaba consigo y Gabriel está contento."
S23,IFG,SPA 2,19,Female,"In the book were two main characters: Gabriel and Irene. Both were nervous because they assumed the other was going to break with them. However, it was simply miscommunication over a first kiss. Irene has a friend studying Spanish who wishes to study abroad. Irene leans on Jake for relationship advice. Then, Gabriel’s little sister, Lola, is having a quinceñera. She struggles with fighting with her mom’s traditional ways while Gabriel breaks his ankle while bicycling. In the end, Gabriel manages to still dance with her as chambelón de honor."
S23,IFG,SPA 2,19,Female,"Gabriel and Irene talk about their potential relationship and begin dating. Their friend Jake calls them and tells them that he must learn Spanish for his Study Abroad, so Gabriel says he will teach him Spanish, in exchange for dance lessons. Gabriel's dad announces that his daughter Lola will be having a quinceneara and the family begins to prepare for the big day. The family plans the dances, food, chamberlain de honor and Lola, her mother and aunt debate about the proper things Lola should wear to her fiesta. Lola thinks her mom's ideas are too old fashioned and Lola wants the party to be more modern. While Gabriel is practicing for his dance, he crashes his bike and breaks his leg. This prohibits him from dancing for a while, but he gets a cast, eventually heals, and then was able to successfully dance at Lola's quinceneara. Her party was a success and her friends and family had an amazing time. "
S23,IFG,SPA 2,18,Male,"This book is mainly about Gabriel and stories with his family. Gabriel is Irene’s boyfriend, and he really takes the relationship between he and Irene seriously. He gives Irene a ring to represent his loyalty and love to Irene, and brings her to see his family. During dinner time, Gabriel’s cousin, Lola invite Gabriel to be his dancing partner on her quinceañera. Even though Gabriel is no good at dancing, he still agrees and after that, he finds Irene’s roommate, Jake to practice dancing. As an exchange, he helped Jake with practicing Spanish because Jake wants to study abroad. Unfortunately, Gabriel broke his ankle by accident, and he is very disappointed and worried. In the end, he recovered quickly and still went to Lola’s quinceañera and dance with her."
S23,IFG,SPA 2,19,Male,"This story has multiple focuses, in the early chapters it focuses around the daily life and relationships of Irene and her friends. For example in Chapter 2 Irene is talking to Jake about something thats making him nervous while she herself is super nervous about something else. Jake talked about wanting to kiss his partner while Irene is nervous because at first Gabriel was being distant but then in this chapter he invited him over to meet his parents and that made Irene nervous. Then we pretty much take a deeper dive into Gabriel's family and we end the book with his sister's quinceanera. This is a whole mess with Lola (the girl who has the quinceanera) arguing with her mom about the contents of the quinceanera and then Gabriel fumbling during the dance. "
S23,IFG,SPA 2,19,Female,"The plot started off with Gabriel and Irene liking each other, and Gabriel giving Irene a ring that she thought was a wedding ring, but was actually a ring that symbolizes love. Irene become closer to Gabriel as the chapter went on, and even went to his family dinner. It then went on to show the preparation that went into a quinceañera, including dance practices, deciding on shoes and a dress, etc. Irene and her mom were fighting about some aspects of the quinceañera, including the shoes, because the mother wanted her daughter to wear heals, while the daughter wanted to wear comfortable converse. Even after the fighting, the quinceañera ended up going well, except that Gabriel messed up a little during his dance as the chambelan of honor. However, his father ended up cheering him up by reminding him that being a chambelan of honor was very hard, but that he did very well even after injuring his ankle during dance practice weeks ago."
S23,IFG,SPA 2,20,Male,"Es un cuento de un familia que tiene quinceañera para la niña. Muestra la cultura y la costumbre diferencia. En el cuento, la familia pelea mucho pero tiene más momento cálido. El mayor hermano de Lola preparar baile con su novia a lo largo de el cuento. El es fallado para la fin pero nadie lo culpo. Es una familia muy bien."
S23,IFG,SPA 2,19,Male,"Irene and friends are getting ready for a Quienceñera for gabriels little sister Lola. Along the way Jake gets in a bike crash and breaks his foot and is worried that he will not be able to dance. Lola gets in trouble because she makes a video called ""how to survive your mother"" referencing her and her mothers differing ideas about how to plan her quince. She wants a more modern party, and her aunt agrees, bu her mom wants a more traditional party. Jakes foot heals and he learns the dance and is excited to participate. When the dance come Gabriel messes up the steps and is embaressed but Jake creates a distraction by having a flash mob come and start dancing. Gabriel and Lolas dad comes and consoles Gabreil and tells him hes very proud. The book ends with a successful party, and all the characters being fulfilled. "
S23,IFG,SPA 2,20,Male,I refuse to do this
S23,IFG,SPA 2,18,Female,el segundo libro habla de la quinceañera de Lola. Lola y su madre se pelean por lo que ella quiere en la quinceañera. jake salva la quinceañera. Enrique quiere ver a jane la virgen pero su familia es muy dramática.
S23,IFG,SPA 2,23,Male,"there is a quinceanera, in which the book explains the entire process. there are multiple conversations and interactions throughout. i did not enjoy the lack of tension in the book, the characters are obsessed with setting up Lola’s party. she has her own ideas and plans for the party but her aunty and mom constantly complain about what she should wear. gabriel is also interested in learning spanish and dancing. he is the sort of maid of honor to Lola. he is very nervous but even after his devastating injury, he was able to continue to recover and learn. the party was filled with dancing, good food, and also singing. gabriel and lola had a spectator and beautiful dance together in which gabriel struggled towards the end, his lack of confidence led him to lose rhythm. he got sad but his father comforted him and showed him love. everyone drank plenty of champagne to wash away all of the nervousness. "
S23,IFG,SPA 2,18,Female,el segundo libro habla de la quinceañera de Lola. Lola y su madre se pelean por lo que ella quiere en la quinceañera. jake salva la quinceañera. Enrique quiere ver a jane la virgen pero su familia es muy dramática.
S23,IFG,SPA 2,20,Female,"Hay una quinceañera. Gabriel tuvo un accidente de bicicleta. Gabriel se rompe el tobillo. Lola hace un canal de youtube sobre como sobrevivir a tu madre durante una quinceañera. Jake graba a Gabriel bailando, entonces Gabriel se venga y graba a Jake cantando durante la quinceañera. Irene tiene novio. "
S23,IFG,SPA 2,20,Female,"Lola tiene una quinceñera, pero Ella y su mama no puedan estar de acuerdo en nada sobre la quinceañera. Tambien Irene y gabriel comenzó a salir. "
S23,IFG,SPA 2,20,Female,"Este libro habla sobre la quinceañera de Lola. Primero, Irene y Gabriel, el hermano de Lola dicen que van a ver la familia de Gabriel. Lola pregunta a Gabriel si él puede estar su chambelan de honor en su quinceañera, pero él no puede bailar bien. Él practica con Jake, amigo de Irene quien necesita practicar español para el programa de study abroad. Lola y su madre no acuerdan sobre la quinceañera y la tía Eustaquia dice que la madre no verdad.  Lola hace un video de youtube. Su padre no puede ver a serie. En la quince, Gabriel no baila bien."
S23,IFG,SPA 2,20,Male,Aprendiamos acerca de las quinceneuras. Lola tiene preparar para una quincenera. Todos los miembres de famalia es muy involucrada y nerviosa. La historia es muy largo y cubre todos los problemas de la familia. Lola tenia muchas problemas con su madre. Ellas discrepan en muy cosas.
S23,IFG,SPA 2,20,Female,"Gabriel e Irene comen helados en Davis Creamery. Gabriel le da a Irene un anillo de promesa. Pero Irene está asustada porque piensa que es un anillo de compromiso. Gabriel invita a Irene a cenar con su familia. Jake envía un mensaje a Irene en WhatsApp para preguntar consejo.Irene y Gabriel van a la casa de los padres de Gabriel. Lola no está contenta. El problema es que su madre prefiere diferentes ideas. Gabriel e Irene corren detrás de Jake porque quieren borrar el video que hace Jake de ellos bailando.  Gloria y Eustaqui hablan mientras esperan a Lola. Enrique ve el espectáculo Jane la Virgen mientras Lola, Gloria y Eustaquia están en la cocina.  ¡Es el día de la quinceañera!  "
S23,IFG,SPA 2,19,Male,"Gabriel tiene una novia, se llama Irene. La Hermana de Gabriel tiene una quincinera. Todos los personas en el casa esta ocupado. Enrique, el padre de Gabriel y Lola, ve el television. Enrique se gusta “Jane the Virgin” y es un finale en el television. Jake habla con Enrique pero el no quiere la interrupicion. Finalmente se ha ido la luz y el episodio termina immediemente.  Gabriel puedo bailar de nuevo. Entonces es el did de la quinceañera y fue un evento espectacular. Lola estaba tan bonita como una princesa con su elegante y su tiara. Gabriel esta Muy nervioso y piso a Lola y Perdue el ritmo. de repente, estaban haciendo un flash mob. "
S23,IFG,SPA 2,19,Female,"En el libro que leímos para taller de lectura, había un personaje principal llamado Lola. Estaba cumpliendo 15 años, lo que significaba que iba a celebrar su quinceñera. Para ella quinceñera tuvo que entrenar a gabriel a bailar pero él se rompió el brazo. También Jake estaba tratando de aprender español para estudiar en el extranjero. Después de que su brazo estaba bien bailaron y el quinceñera tuvo éxito."
S23,IFG,SPA 2,19,Female,En el libro Irene y Gabriel se hacen novios y el le da un anillo de amor. La invita a conocer a su familia. Irene esta nerviosa por la cena familiar. Durante la cena el papá de Gabriel anuncia que Lola tendrá una quinceañera. Lola le pide a Gabriel que sea su chambelán de honor y el acepta. Lola hace un video de YouTube explicando como sobrevivir a tu mamá durante tu quinceañera. Lola y su mamá no se ponían de acuerdo con detalles sobre la quinceañera. Cuando Gabriel practica para la quinceañera se rompe el tobillo y tiene que llevar una escayola. El papá de Gabriel intenta ver el último capítulo de Jane the Virgin pero hay muchas distracciones en la casa y se pierde el final. A Gabriel le quitan la escayola y puede bailar en la quinceañera pero cuando esta bailando se para en vestido de Lola y le da pena. Enrique le dice que esta bien y que esta orgulloso de él.
S23,IFG,SPA 2,20,Female,"Hay una familia con cuatro miembros. La madre, Gloria, la padre, Enrique y dos hijos Gabriel y Lola. Lola tiene una quinceñera. Gabriel tiene una novia se llama Irene. Irene está preocupada que Gabriel se rompío con ella. Gabriel da Irene un anillo de promesa. Lola hago un video sobre su madre y cómo manejar a las madres in la quinceñera. A la escuela, Gabriel lastimado su tobillo. Jake pregunta a Gabriel ayudar él aprender español. la quinceñera de Lola es muy bonita. "
S23,IFG,SPA 2,21,Female,Lola y su familia preparan para su quinceañera. Gabriel es Lola chambalan de honor pero Gabriel no puede bailar. Gabriel pregunta Jake para ayudar a aprender bailar. Gabriel lastimo la tobillo pero el ir a las doctores y tiene examen fisicos. El puede balar para quinceañera de Lola. Lola y mama de Lola y tia de Lola dicen sobre ella quinceneara. Mama de Lola quiere su lleva mama de Lola viejo vestido pero Lola dice es anticuado. Lola y Gabriel bailar para su quinceñeara pero Gabriel pisar sus dedos de los pies y vestido. 
S23,IFG,SPA 2,21,Female,Gabriel da un anillo a Irene.  Lola tiene una quinceañera.  Su madre quiere un vestido viejo.  Gabriel rompe le tobillo.
S23,IFG,SPA 2,20,Female,"Irene y Gabriel comienzan a salir. La hermana pequeña de Gabriel, Lola, va a tener quinceañera. Su familia se prepara, y Gabriel se tuerce el tobillo. Después de fisioterapia, su tobillo se cura y puede bailar con Lola como el chambelán de honor. Lola pelea con su mamá por los quince y hace un video de youtube (complaining) de ella.La noche antes de la fiesta, la familia discute y se va la luz.La quinceañera (happens) sin problemas y lola está feliz."
S23,IFG,SPA 2,18,Female,"Lola y su madre tenian muchos desacuerdos sober como debe ser la quinceanera. Entonces Lola quiso bailar con gabriel y antes de las clases de baile, Gabriel we rompio el tobillo. Luego tacon y bailo con Lola en el quince. Estaba muy nervioso y cometio muchos errores. Entonces Jake tuvo en flash mob. "
S23,IFG,SPA 2,22,Female,"En el libro, Lola, la hermaña de Gabriel, está teniendo una quinceañera. Lola le pida a Gabriel que baile con ella en la quinceañera. Gabriel está emocionado, pero nerviosa porque no puede bailar. Jake le enseña a Gabriel a bailar. Gabriel se tuerce el tobillo, y no sabe si puede bailar. Afortunadamente, su tobillo es bueno para la quinceañera. El baila con Lola, pero el la pisa. El padre de Gabriel le dice que el está orgulloso con el, y Gabriel se siente aliviado."
S23,IFG,SPA 2,21,Female,Lola está a punto de tener su quinceañera y ella y su madre están discutiendo sobre planearla. Gabriel va a bailar con Lola pero termina teniendo un accidente de bicicleta y se lastima el tobillo. No está seguro de si será mejor a tiempo para la fiesta. Jake quería enseñarle a Gabirel a bailar. Gloria finalmente encuentra el canal de youtube de Lola sobre cómo tratar con su mamá. Estuiquia y Gloria hablan sobre qué hacer con la quinceañera de Lola. El tobillo de Gabriel se cura a tiempo para la fiesta y puede bailar. Hay un baile sorpresa también al final. Enrique está orgulloso de su hijo y lo apoya emocionalmente.
S23,IFG,SPA 2,20,Female,En el libro avía muchas cosas pasando por empezar Jake el hermano de Lola tiene una novia que se llama Irene. Y Jake conoce los padres de Irene llegó Lola el hermana de Jake tiene una quince y Jake es el chambelán de honor.
S23,IFG,SPA 2,18,Female,The girl Lola was having a quince era and we saw the whole process of that.  She fought with her mother over what to wear and what music to listen to. She worried and planed to dance with her boyfriend Gabriel. She made a YouTube video where she complained about the whole thing.  
S23,IFG,SPA 2,18,Female,"The book was about a girl who came to America. The story revolves around her and her boyfriend. There is also a girl named Lola, who is celebrating her quincanera, and preparing for it. There are a lot of things that go wrong in the story, such as Lola's mother not liking how Lola planned her party. She did not like the music, or the things that Lola would be wearing. Another challenge was that the boy that Lola was supposed to be dancing with got hurt, and was unable to practice for the dance. In the end, his ankle was healed, and he was able to dance during the actual party. However, he accidentally made a mistake, and Jake covered it by planning a surprise dance. The boy then was consoled by his father, who thought that he did a great job, considering the fact that his leg was hurt and he was unable to practice the dance for enough time. "
S23,IFG,SPA 2,18,Female,Leemos sobre quinceañeras y la cultura Mexicana. Las quinceañeras son un tradición grande y es muy importante por niñas. La quinceañera es un celebración de madurez y edad madura de mujer. Leemos sobre un niña se llama Lola quien tiene un quinceañera. Ella tiene muchas problemas pero todo sale bien al final. Leemos sobre los detalles que ven con un quinceañera.  
S23,IFG,SPA 2,21,Female,"Lola was celebrating her fifteenth birthday, and many people were needed in order to make her birthday party a success. She documented the process on YouTube for her followers, particularly the challenges she encountered with her mom. She asked her brother, Gabriel, to dance with her, but he was nervous about it. He injured his ankle, but he had healed enough by the time her party happened to dance with her with a little help from his friend, Jake, and his girlfriend, Irene."
S23,IFG,SPA 2,18,Male,"The book revolved around the quinceañera of a girl named Lola. She and her whole family spend most of the time preparing for the festivities. On the way there, the family has many challenges that they have to overcome. It starts off with Irene from the last book coming back and being with her boyfriend Gabriel. They are talking until he pulls out a ring and scares her. He clears it up and says that they should have dinner with their family, and she agrees. That’s when they meet Lola, the soon-to-be 15-year-old, and hear what is going on. The mom is old school while Lola is more modern about how she wants her party to be. Lola wants to be more modern, with a modern dress/shoe while Mom wants an old-school, traditional party. It ends with these two butting heads but coming to a consensus. It ends with the party happening and everything ends well."
S23,IFG,SPA 2,19,Male,"En el Segundo capítulo Irene y Jake tienen que conversar about Jakes Tinder Date. Jake está nervioso porque tu no sabe beso o no. Jake es practico espanol porque está de viaje abroad. Irene es nerviosa, es tímida por ella date porque reunirse ellos familia. Jake textos Irene despues tu date. Jake y tu date beso.Lola hace un video de youtube about tener su quinceañera y su mamá quiere que sea viejo fantasia. Ella no quiere tener la fiesta pero  prometieron un viaje a París. Su mamá no la deja usar lo que quiere, no escucha lo que quiere. Termina el video y dice que le guste y se suscriba a su channel. Lola no tiene su wear Mama dress porque es vieja.Gabriel tiene mas problemas trying to veer the show. Jake necesitas practicar espanol por estudio abroad. Everyone es chismea porque es muy drama. Jake le pregunta a Enrique. He asked him about espanol. Jane está a punto de llegar a la iglesia. La quinceañera de Lola fue un evento espectacular.Gloria y Lola hablan un youtube channel. "
S23,IFG,SPA 2,19,Female,The book was about a coming of age girl named Lola who is planning for her quiencera. She has to find a court for her party and an outfit that would satisfy both herself and her mother. She gets in many fights with her mother becuase of the difference between a modern and newer quinceanera. For the preparation of her big day she makes a YouTube video that was about how to survive mothers during quinceanera preparation. Her mother was not happy about this and had a talk with Lola's aunt saying that we are in a newer time and she has to realize that the modern dresses and the heels may not be what Lola wants. Lola also has some difficulties with the dance with Gabriel due to an injury but in the end everything works out and she ends up having a good quinceanera with her family and her friends.  
S23,IFG,SPA 2,21,Female,"Irene and Gabriel make their relationship exclusive and he gives her a promise ring. Gabriel invited Irene to meet his parents and she goes to his house for dinner and meets his family. Gabriel's younger sister Lola asks him to be her chambelan in her quinceañera and he has to learn a dance. Gabriel has an accident while riding his bike on campus and has to go to the hospital. He has a broken foot which he has to wear a cast for. He doesn't know if he'll be able to dance at Lola's quince. Lola and her mom don't agree on plans for the quince, and Lola makes a YouTube channel about the process. Lola's tia tells her mom about the channel and that her mom should let Lola do what she wants for her quince. Gabriel gets his cast off and is going to dance at the quince. He messes up the dance but his dad consoles him."
S23,IFG,SPA 2,20,Male,the book was about the guy from uc davis and his relationship friendship and familia there is a lot of emphasis on his sisters quence
S23,IFG,SPA 2,19,Male,"The first few chapters set up characters and their familes. We find out Irene and Gabriel are dating, Gabriel is learning spanish to study abroad and that his little sister is going to have her quinceañera. The majority of chapters take place leading up to that fiesta, as Lola and her mother have disagreements on how it should pan out and various other issues along the way. Like Gabriel is the man of honor, but doesn't know hoe to dance and is nervous about messing it up. Lola's mom also finds out about her Youtube and the videos she's been watching that paint their relationship in a not so great light. It all turns out fine enough, with the quinceañera happening and Gabriel getting his sucky dancing covered up by his friend, Jake. "
S23,IFG,SPA 2,20,Male,"A girl wanted to have her quinceneara but her brother Gabriel hurt himself and could not dance. She had to find a replacement and there was also butting of heads between the mother and the daughter over what the ceremony would be like. The mother was more into the traditional setting, dress, and shoes. The daughter wanted to be more modern with her party and her aunt helped deal with her mother. In one chapter, the father was watching Jane the virgin only to miss the ending because the lights shut off. Gabriel ends up being healed in time for the dance but messes it up, but is saved by the surprise dance mob of the court of honor. "
S23,IFG,SPA 2,18,Female,"En el libro, el personajes tiene quinceñera. Ellas estan preparadas para ello."
S23,IFG,SPA 2,18,Male,"There were a lot of branching plot lines throughout the story but the main story was about Irene’s quince and all of the forks in the road which the characters had to handle. There were issues between the mother and daughter about the quince because they preferred different things for the quince. Her mother wanted it to be more traditional while the daughter wanted it to be more modern. Gabriel injured his ankle so that was a consistent issue in the story because Irene was worried about him, but it also meant he wouldn’t be able to dance at the quince. Although nearing the end of the story Gabriel gets better and is able to dance in the quince but during one of his dances it didn’t look great so Jake created a distraction. Enrique, Gabriel’s father, comforts him and tells him he’s proud of him even though he messed up and feels embarrassed. "
S23,IFG,SPA 2,20,Female,"En el libro, hay una chica y un chico que sale. el tipo le da un anillo le pide que coma con su familia. ella tiene miedo. es demasiado rápido para ella. luego hay una quincenera y la mamá, gloria, es ruidosa y quiere una fiesta tradicional. lola quiere una fiesta moderna. su hermano quiere bailar pero él se rompe la pierna. él está bien para la fiesta y los bailes, pero es un fracaso. su padre todavía está orgulloso al final y la fiesta es divertida"
S23,IFG,SPA 2,18,Female,Una chica y chico se llama Irene y Gabriel quieren juntos. Gabriel le invita a su casa y vistar su familia. La hermana de gabriel tenia un fiesta de quinceañera. La hermana y su madre fight porque quieren cosas diferentes para la fiesta. La hermana quiero tener tipo moderna pero su mama quiero tener tipo elegante. Gabriel duele su rodilla en la bicicleta. Luego gabriel y su hermana bailaba finalmente. 
S23,IFG,SPA 2,18,Female,"Irene está nerviosa porque cree que Gabriel quiere romper con ella. Entonces, Gabriel da a Irene el anillo de promesa y quiere que Irene conozca a su familia. Irene está nerviosa sobre la relación, pero ella acepta. Lola, la hermana de Gabriel, tiene quince años. Enrique, el padre de Gabriel, anunció que la celebración es para la quinceañera de Lola. Cuando Lola habla, Lola pregunta a Gabriel baila en el evento. Lola crea un video sobre su quinceañera en YouTube. El video es sobre la madre de Lola y su opinión de cómo preparar la fiesta. Gabriel e Irene bailan para practicar para la quinceañera de Lola. Pero, Jake graba un video de Gabriel e Irene y sube el video a TikTok. Entonces, Gabriel se cae de su bicicleta, siente un dolor muy fuerte y va al hospital. Gloria, la madre de Lola, y Eustaquia, la tía, están en la peluquería para Lola. Gloria quiere que la quinceañera sea elegante pero Eustaquia dice que es quinceañera de Lola y ella debe escuchar a Lola. Gabriel está feliz porque puede bailar de nuevo cuando su escayola es eliminada. Empieza la quinceañera y Lola parece una princesa y su vestido es muy bonito. Gabriel y Lola van a la pista de baile y Gabriel comete un error. Jake ayuda a coordinar el baile sorpresa, un “flashmob”. Gabriel va de fiesta y su padre está muy orgulloso de su hijo y lo abrazo a Gabriel. Cuando terminó la canción, Lola, Irene y Gabriel se abrazan."
S23,IFG,SPA 2,18,Female,"Lola está teniendo un Quinceañera, pero su mamá está controlando y dice, ""Lola, llevas mi vestido. Lola, llevas los zapatos de tacón."" Lola hace un canal de YouTube llama ""Sobrevivir a tu mamá durante tu Quinceañera."" El chambelán se cae de su bicicleta y se rompe la pierna. La factura del hospital es mucho dinero. En España, hay sanidad pública. Gabriel y Irene bailan. Jake graba un video y sabé el video a TikTok. Gabriel corren detrás de Jake en su bicicleta y choca con una chica. Gabriel siente un dolor muy fuerte en el tobillo y tiene que ir al hospital. La factura del hospital es mucho dinero. Irene se asusta que la factura es un error. Enrique al final del capítulo porque Lola se seca el pelo, y se ha ido la luz. Enrique está muy triste. Gabriel va al doctor, y le quitó la escayola a Gabriel y le dijo, “No haga los movimientos de manera rápida.” Al quinceañera, Lola parece una princesa. Gabriel está muy nervioso, y baila con Lola, pero cuando se preparaban para el giro final, pisó a Lola."
S23,IFG,SPA 2,19,Female,"Irene y Gabriel están enamorados, y son muy felices juntos.  Irene va a la cena familiar de Gabriel el domingo. Gabriel tiene una hermana, Lola, y la familia de Gabriel habla de la quinceañera de Lola. La quinceañera es una fiesta de quince años y una transición de la niña a la edad adulta. Gabriel quiere tomar unas clases de baile de Jake para aprender a bailar, y Jake es un compañero de apartamento de Irene. Lola da consejos para gestionar a las madres en una quinceañera en el vídeo. A Lola le gustan las fiestas de moda, para a su mamá le gusta la tradición. Todos tienen ideas diferentes sobre zapatos, vestido, canción, salir y comida. Lola va a elegir un nuevo peinado hoy. No sé si a su madre le gusta. La madre de Lora, Gloria, esperaban a Lora en la puerta de la barbería con la tía de Lora, Eustaquia. Eustaquia apoya la idea de Lora y piensa las ideas de Gloria son anticuadas. El vestido de Gloria es la moda de un dinosaurio y es más cómodo con Converse para participar en quinceañera. Enrique quiere ver el último episodio de Jane the Virgin. Gloria y Lora discutieron sobre el vídeo de la quinceañera. Luego, Eustaquia y Gloria hablan de la novia del hijo de Gloria. Jake busca Gabriel para que aprenda español. Enrique se va la luz y no puede ver el final del capítulo. Gabriel va al doctor, y el doctor le dice que su “tobillo está mejorando”. En pieza la quinceañera y Lola parece una princesa. Gabriel y Lola van al piste de baila y Gabriel comete un error. Jake ayuda a coordinar el baile sorpresa. Se va la fiesta y su padre le da un abrazo y dice “Estoy muy orgulloso de ti”."
S23,IFG,SPA 2,20,Female,"En el libro La Quinceañera, se trató de la quinceañera de la hermana de Gabriel. La hermana de llama Lola. Lola tiene muchos ideas para su fiesta pero su mamá; Gloria tiene otras ideas para Lola. Gloria y Lola discuten sobre la quinceañera, Gloria quiere hacer cosas más tradicionales pero Lola quiere ser cosas más modernas. Lola le pide a Gabriel que sea so chambelán de honor pero se lastima el tobillo. Gabriel se pone triste porque no sabe si va poder ser el chambelán de Lola. Con la ayuda de Jake; el amigo de Irene y Gabriel, Gabriel aprende a bailar y Jaír practica su español. Al final del libro, la quinceañera de Lola es un evento espectacular. "
S23,IFG,SPA 2,19,Female,"Gabriel e Irene están en Davis Creamery. Gabriel quería una relación oficialmente. Gabriel da un anillo con ella y pregunta si quiere ser su novia oficial. Irene dice si. En domingo Irene y Gabriel llegan a casa de Gabrie para encontrarse con su familia. Irene entonces conoce a todos. Entonces enrique levanta su copa para hacer un brindis. El anuncia que su hija, lola, va tener quinceañera. Lola entonces tiene una pregunta para Gabiel. Lola entonces tiene una pregunta para Gabriel, ¿Es su chambelán de honor? El dice si. Mamá de Lola  la está molestando porque su mamá le encantan las fiestas y ayudar a prepararlas. Tienen diferentes opiniones sobre los planes para la fiesta. Gabriel monta en bicicleta y él choca. Él va al hospital. Gabriel tobillo torcido. No puede bailar y no pueda ser el chambelán de lola. Gloria, la madre de lola y Eustaquia, la tia de lola en la peluqueria. Ellas estan hablar de la quinceañera de Lola. Hablan de que Lola quiere una quinceañera más moderna pero su mamá quiere una fiesta tradicional. Enrique está tiene sentarse en el sofá y disfrutar del ultimo episodio de Jane the Virgin. Todo el mundo tiene algo que hacer en este día. Entonces la luz se ha ido. Enrique es desperado. Gabriel va al médico. El doctor Díaz dice que está bien para bailar. El día de la fiesta es mucho espectacular. Lola estaba bonita con elegante vestido y una tiara. Después de la ceremonia religiosa, todos fueron a la recepción. Como sorpresa estaban haciendo un flash mob. Jake puso a prueba su español cantando una canción. Al final Gabriel se venga."
S23,IFG,SPA 2,18,Female,The book was about a girl who was having her quinceñera. Her and her mother disagreed on a majority of the party planning ideas since Lola wanted to do a more modern party and her mother wanted to stick with tradition. Her aunt stepped in and told her mother that it wasn't her party and that they should plan it however Lola feels. There was also some drama like when Gabriel hurt his ankle but he ended up getting better just in time to dance at her party.
S23,IFG,SPA 2,23,Female,"El libro trataba sobre la evento de la Quinceañera de Lola. Durante este período ocurren muchas cosas. Lola tiene un canal de YouTube donde habla sobre todos los caminos y tribulaciones de ser una niña que tiene una quinceañera mientras su madre, Gloria, aparentemente estrés el evento, insistiendo en cosas que Lola no quiere. Sin embargo, su tía es la voz de la razón y aboga por que Lola tenga las cosas como a ella le gustan. Gabriel intenta aprender español. En un momento, Gabriel se cae de su bicicleta y luego tiene problemas en la quinceañera por eso. Sin embargo, al final, las cosas salen bien."
S23,IFG,SPA 2,18,Male,"The book is about Irene and her friends we met in the last one. The main conflicts are over now a quinceañera will be, and the other one is about how one of her friends got injured"
S23,IFG,SPA 2,18,Female,"Lola is preparing to have a quinceanera, but her mom wants her to have a traditional party, while Lola wants something more modern. A lot of the process of her preparing for her quince is recorded and uploaded on YouTube. She choses her brother Gabriel to be her chamberlain, but he ends up spraining his ankle and he is unable to dance. Eventually, his ankle gets a little better and he can dance again, but he has to be careful on it. On the day of Lola's quince, he danced with his sister but ends up stepping on her dress ruining the rhythm and gets upset and leaves. His dad goes to him to cheer and him up and let him know that he still did a really good job and shouldn't stress over a small mistake."
S23,IFG,SPA 2,23,Female,"The plot of the book centered on the preparations for Lola's quinceanera. She has a significant online following and produces films about her life. She is now irritated since her mother is insistent on attempting to exert control over her quinceanera by organizing the celebration in accordance with the mother's preferences. Lola's mother is more old-fashioned and conventional, although Lola herself is more progressive in her thinking, therefore this rubs Lola the wrong way. Gabriel, her brother, was supposed to be one of her chambelanes, but he was quite anxious about the possibility since he doesn't believe he can dance very well. Gabriel was riding his bike when he suddenly lost control and collapsed, leading him to sustain injuries that required him to go to the hospital. They had first believed that he wouldn't be able to dance, but it turned out that he could, even if he made a few mistakes throughout the dance. After that, they both chuckle, and Gabriel makes a joke about wanting to have his vengeance. "
S23,IFG,SPA 2,20,Female,"Irene y Gabriel comenzaron a salir y Gabriel le regaló un anillo. Él quiere que ella conozca a su familia. Quedaron impresionados con Irene y su Spanglish. Su familia anunció que Lola, su hermana, tendrá una quinceañera. Su madre era controladora y no le gustaban las ideas modernas de Lola. Gabriel se lesionó en un accidente de bicicleta. En la quinceañera, Gabriel se equivocó al pisar a Lola. su padre salió a decirle que lo hizo muy bien."
S23,IFG,SPA 2,20,Female,"I believe Irene and Gabriel begin to date, and then most of the book this time revolves around Gabriel's sister Lola's quinceanera. Gabriel has to dance with Lola, so he seeks out help from Jake, who is Irene's friend. However, he ends up injuring himself and cannot dance, since he got in a bike accident. Lola and her mom fight over her mother's old fashioned style, Lola's aunt agrees with her, and the dad is just trying to watch his TV show in one of the chapters. It ends with Lola's quinceanera, which ends up being a great success though Gabriel does not do the dance entirely right.   "
S23,IFG,SPA 2,42,Female,"The story is about Lola’s sixteenth birthday. In Latin cultures a girls sixteenth is a really big deal. Finding the right dress, shoes, cake and partner for dancing are very important. Lola struggled with her mother over the plan. She wanted to do more modern stuff while her mom wanted her to wear her dress from her own birthday when she was sixteen. They argue. Lola’s aunt sided with her against her sister. Then there’s the whole dance situation. Lola wants Gabriel to dance with her but he didn’t know how. There was other little bits of drama thrown in for fun. "
S23,IFG,SPA 2,42,Female,The whole tale was centered around Lola's plan for her quinceañera. It included her struggles with her mom over modernity versus traditions and her attempts to get a partner to dance with. The back and forth between her mom and her aunt was pretty hilarious and Gabriel not being able to dance was equally funny. 
S23,IFG,SPA 2,18,Female,"El libro es sobre de Irene y Gabriel- el novio de Irene. También, los amigos de Irene y la familia de Gabriel son en el libro. Una cosa particular en el libro es Lola y su Quinceñaera, donde Gabriel es su Chambelan y su madre es muy difícil. Gabriel es en una accidente de bicicletas y tiene que ir al hospital por su salud. "
S23,IFG,SPA 2,20,Female,"El libro era sobre la quinceañera de Lola. La trama del libro era cuando Gabriel intentaba aprender a bailar para convertirse en un gran chambelán de honor para Lola. Sin embargo, cuando se dirigía a la sala de práctica, tuvo un accidente de bicicleta y se lesionó la pierna. Entonces, no pudo aprender el baile, se decepcionó de sí mismo, pero estaban sus amigos y Lola lo apoyó. Estaba muy triste por no poder aprender el baile porque no queda mucho tiempo para la fiesta. Se recuperó después de días, volvió a practicar el baile y bailó con Lola en su quinceañera. Cometió algunos pequeños errores, pero completó el baile con Lola realmente bien. Después de la fiesta, su papá está orgulloso de él porque hizo todo lo posible para que la quinceañera de Lola fuera genial. Al final, Gabriel y Lola estaban felices porque superaron el incidente y completaron el baile de gran manera."
S23,IFG,SPA 2,20,Female,"The book went over different people getting married, going to a quince and going to a hospital. The book followed different characters and felt more like a lectura de culture than the book that was in spanish one."
S23,IFG,SPA 2,20,Female,"En La Quincenera, la hermana menor de Gabriel, Lola, va a tener su quinceañera. Lola quiere a Gabriel para ser ella chambelan de honor. Sin embargo Gabriel no sabe bailar y ello está nervioso. Mientras tanto Lola y su madre discutir sobre la quinceañera de Lola por que las ideas de Lola son más moderna que las ideas de su mama. Más adelante en el libro, Gabriel le duele el tobillo pero se cura antes la quincenera de Lola. Al final la quincenera de Lola va bien."
S23,IFG,SPA 2,18,Female,"The story talked about high school age children who were Spanish speaking. It brings you through their coming of age life moments in Spanish culture. We learn about promise rings, relationships, parents, and quinceñeras. We learn a lot about what they go through in their everyday lives. We see how the parents deal with everyday lives of the teenagers in response to their use of social media, their parties, relationships, and just relationship with their parents in general. It was informative about the lives of people in Spanish speaking cultures and allowed us to compare those lives to our own and allow us to be informed about differences in culture. We are told the stories of the organizing of the 15th as well as arguments and planning that come with it. We also watch relationships that are romantic take off as well as a brother coming into his role as a supporter of his little sister during her coming of age. "
S23,IFG,SPA 2,18,Female,"El libro comenzó con Gabriel dándole a su novia Irene un anillo de promesa y luego conociendo a su familia. y luego Lola, Gloria se presentan con Gloria enojándose con Loloa por hacer un video de YouTube burlándose de su madre tratando de controlar su quinceañera. Pero entonces Eustaquia, la hermana de Gloria, le dice que se relaje y deje que Lola tenga su momento. Luego, Gabriel se lastima, por lo que su amigo Jake, que está tratando de aprender español, va a bailar con Lola para la fiesta. Llega el día y Gabriel puede bailar pero se equivoca y Jake sube el video a internet. El libro finalmente termina con Enrique, el papá, queriendo ver el último episodio de Jane the Virgin, pero todos lo molestan y se va la luz, por lo que se pierde el final."
S23,IFG,SPA 2,20,Male,its about a quincenera 
S23,IFG,SPA 2,18,Female,"At first, Gabriel was introducing Irene to his family. At this dinner, the family really liked Irene. At this dinner, the quincenera of the youngest daughter, Lola, was announced. At the quincenera, Lola wanted Gabriel to dance with her. The problem with this proposition is that gabriel is not very good at dancing. He practices his dancing tirelessly, but get hits by a bike and breaks his leg before the quincenera. Luckily, His doctors clear him to dance right before the quincenera. At the quincenera, Lola and Gabriel dance and it goes super well until the last portion. Luckily, a friend of gabriel's has a flash mob, so gabriel is not embarassed."
S23,IFG,SPA 2,19,Male,"Lola is trying to plan her Quinceñera, but her mom wants a traditional one. Lola ends up making a Youtube channel about her mom getting involved in the planning and making her stressed. Her aunt Eustaquia defends her though, and they end up having a Quinceñera like she wanted. Additionally, Gabriel, Jake, Irene, and Lola try to learn to dance but Gabriel breaks his leg. At the end, his father tells him he is proud of him."
S23,IFG,SPA 2,18,Female,"Basically, throughout the book we focused on multiple people, including, but not limited to, Lola, Gabriel, Irene, and Lola's mother. In the beginning, it focused more on Gabriel, but slowly, it transitioned to focusing on the quinceañera of Lola. We read about the planning of the quinceañera, what certain parts of the quinceañera entailed, and more. We learnt about topics such as the chamberlain of honor, the dress, the traditional traditions that are partaken in, and more. We also learnt the struggles of being a chamberlain of honor, as we viewed the pressure of this position from Gabriels point of view. After reading about the struggles between Lola and her mother, the decisions that needed to be made for the quinceañera, we actually saw the quinceañera happen! We were able to see the fruits of all of the labor that both Lola and her mom put in for this grand party. "
S23,IFG,SPA 2,20,Male,"En el libro La Quinceañera, vemos la vida de Gabriel, Irene y Lola. Gabriel e Irene son una nueva pareja. Gabriel invitó a Irene a conocer a su familia. Cuando se encontraron por primera vez, la familia de Gabriel invitó a Irene a la quinceañera de Lola. A Gabriel también se le pide ser el Chambelán. El problema principal es que Gabriel no es bueno bailando. Durante el resto de la historia, Gabriel intenta aprender a bailar mientras Lola y sus padres se preparan para la Quinceañera. Gabriel se lesiona y no puede practicar durante un tiempo, y Lola discute con su mamá sobre las tradiciones de la quinceañera. Cuando llega el día de la quinceañera, Gabriel se recupera lo suficiente como para bailar y Lola y sus padres llegan a un acuerdo sobre qué hacer para la fiesta. En la quinceañera, todo va bien hasta que Gabriel se equivoca en el baile. Su amigo Jake termina iniciando un flash mob para distraer a todos. Gabriel se siente triste al principio, pero su papá lo anima y le dice que está orgulloso."
S23,IFG,SPA 2,19,Female,"In the book, we see more about the lives of the people in Irene's life. Her boyfriend Gabriel has a relationship with Jake, a dance instructor who is trying to learn Spanish so he can study abroad. Gabriel's sister, Lola, is having a quinceañera. She disagrees with her mom about her shoes, her dress, the music, and pretty much everything else. Her mom is old-fashioned, while she wants a more modern party. Lola makes a whole video on ""how to survive your mother,"" but her mom ends up finding out. Before the quinceañera, Gabriel hurts his ankle in a bike accident. He is nervous because he thinks he won't be able to do the dance, taught by Jake, for his sister's quinceañera. By the end of the chapter, Gabriel's ankle is doing a lot better and he ends up doing the dance. The dance is stopped when there is a flash mob. "
S23,IFG,SPA 2,19,Female,"En la serie, La Quinceañera, conocemos por primera vez a Irene y Gabriel, que son una pareja joven en UC Davis. Hablan de cuál es su relación y deciden ser oficiales. Gabriel le da a Irene un anillo de compromiso. Irene habla con su amigo Jake sobre sus problemas de relación y lo ayuda a tener una cita. Irene conoce a la familia de Gabriel y hablan de la quinceañera de Lola. Lola le pide a Gabriel que sea el hombre de honor. Lola pelea con su mamá por su fiesta porque no están de acuerdo con los detalles. Lola quiere una fiesta más moderna, pero su mamá cree que debería ser tradicional. Lola tiene un canal de youtube sobre cómo tratar con tu mamá durante tu Quinceañera. La tía de Lola, Eustaquina, está de acuerdo con Lola y pelea con su mamá, Gloria. Gabriel sufre un accidente de bicicleta y no puede bailar, pero se recupera a tiempo para la fiesta. Se equivoca en el gran baile, pero su padre y Lola están orgullosos de él."
S23,IFG,SPA 2,19,Female," En este libro Irene y Gabriel estan juntos y ella esta aprendiendo mas sobre el y su familia. Conoce a Lola, la hermana de Gabriel, quien se prepara para su quinceañera. Jake, un amigo de Lola, les muestra a Irene y Gabriel cómo bailan. Jake tiene una cita con un chico y se besan. Lola le pregunta a Gabriel que sea su chambelan de honor, y dice que si pero tiene un accidente de bicicleta y esta herido. Gabriel no está seguro de poder bailar para la fiesta, y está nervioso. Jake ayuda a Gabriel a aprender a bailar y, a cambio, Gabriel ayuda a Jake a aprender español. Lola y su mamá están locas por su quinceañera y la preparación para la fiesta es difícil. Antes de la quinceañera, le dicen a Gabriel que puede bailar y está emocionado. Durante el baile lo está haciendo bien, pero al final pisa a Lola, pero Jake hace un flash mob. "
S23,IFG,SPA 2,18,Female,"In this book, Gabriel's sister Lola is prepping to have her quinceanera. There are a lot of struggles that her and her family are having, and they are constantly disagreeing on things. Lola and her mom don't see eye to eye on any of the details for the quinceanera, and are arguing all the time. Gabriel is asked to dance with Lola, except the only problem is that he doesn't know how to dance, so he has to learn from Irene's roommate Jake. However, Gabriel hurt his foot, and it delays his progress on getting dance lessons. In return, Gabriel is teaching Jake how to speak spanish. Lolas aunt is helping her with her quinceanera and siding with her even when her mom isn't. The quinceanera is a success and everyone has fun, except for the fact that Gabriel messed up the dance. Gabriel's dad Enrique comforts him when he messes up. "
S23,IFG,SPA 2,19,Female,"In the book, we see more about the lives of the people in Irene's life. Her boyfriend Gabriel has a relationship with Jake, a dance instructor who is trying to learn Spanish so he can study abroad. Gabriel's sister, Lola, is having a quinceañera. She disagrees with her mom about her shoes, her dress, the music, and pretty much everything else. Her mom is old-fashioned, while she wants a more modern party. Lola makes a whole video on ""how to survive your mother,"" but her mom ends up finding out. Before the quinceañera, Gabriel hurts his ankle in a bike accident. He is nervous because he thinks he won't be able to do the dance, taught by Jake, for his sister's quinceañera. By the end of the chapter, Gabriel's ankle is doing a lot better and he ends up doing the dance. The dance is stopped when there is a flash mob. "
S23,IFG,SPA 2,19,Female,"Irene and Gabriel have dinner with his family where they announce the quinceañera of his sister, Lola. Throughout the book, we navigate through the preparation of Lola's quinceañera like the dance, the dress, hairstyle, music, food, etc. Gabriel who was chosen as her chambelan de honor, encounters an issue that potentially prevents him from this position. In the end, everything runs smoothly and her quinceañera was a success with only minor issues. "
S23,IFG,SPA 2,21,Female,"Irene from the last book changed the pronunciation of her name since Spanish I. Her boyfriend Gabe and her talked about their relationship and then she met his parents. They talked about Gabe’s sister’s quinceñera and how he had to learn a dance for it. I forget 90% of the middle. Jake was around; I have no idea what he ever did. Gabe fell off his bike and broke his foot or something so he couldn’t dance. I think Jake made him fall but I have no recollection of how. Gabe’s dad was mad about not getting to watch his show when everyone was busy cuz the power cut out. Gabe healed, learned the dance, went to his sister’s (Lola?) quinceñera, and messed up the dance. Jake saved it by starting a flash mob (I still have no idea how he did that) and Gabe’s dad told him he was proud of him. Just realized this is supposed to be in Spanish. Lmfao. Sorry y'all. We didn't do the full summary this year."
S23,IFG,SPA 2,19,Female,"En el libro que leemos en la clase de español dos, la hija tenía una gran fiesta para su cumpleaños de quince años y quería tener a sus amigos, hermano, madre, padre y sus parientes allí para celebrarla. Tenía unos problemas cuando estaba planeando como su fiesta iba a ser porque su madre quería hacer algo muy diferente. Luego tenía el problema de su amigo quebrando su tobillo pero todavía podía bailar con Lola en su fiesta y eso le encantaba. La tía de Lola le ayudó mucho porque ella estaba al lado de Lola cuando le estaba diciendo como quería su fiesta. Pero la madre de Lola quiera algo completamente diferente para Lola. El libro se acaba con la fiesta de Lola y como divertían todos los que ella invitó!"
S23,IFG,SPA 2,20,Female,"Lola is planning her quinceanera throughout the book. The book follows the family drama during this time. Lola has preferences for her quinceanera but her mother disagrees about some of her ideas. While Lola would like to wear converse and listen to her style of music, her mother challenges her with traditional ideas for her quinceanera. Lola’s aunt sides with her, however and convinces her sister to let Lola do what she wants. There are points throughout the book where we follow Gabriel, Lola’s brother, and her father. Her father is really into his show “Jane the Virgin” and Gabriel’s friend wants to learn Spanish for his Study Abroad trip. By the time of her quinceanera, Gabriel has a mistake when dancing but his dad turns it into a flash mob to distract people from the mistake. He gives his son a hug and everyone ends up being happy with the day."
S23,IFG,SPA 2,20,Non-binary / third gender,"El libro que leemos en clase se llama La Quinceañera. Se trataba de Irene del libro anterior saliendo con Gabriel. Gabriel tiene una hermana que se llama Lola y le preparan la Quinceañera. A Lola no le gustan las ideas de su mamá para la quincenera porque es vieja y Lola quiere una celebración moderna. Gabriel no sabe bailar pero es la corte de honor de la celebración de Lola. Aprende lecciones de baile de Jake, el compañero de cuarto de Irene, pero se rompe el pie. El pie de Gabriel mejora y celebran los Quince de Lola"
S23,IFG,SPA 2,20,Female,"En La Quiceañera, Irene es la novia de Gabriel. Gabriel le da el anillo a Irene. Irene está asusta porque cree que es un anillo de compromiso. En realidad, el anillo que Gabriel le regata a Irene simboliza el amor. Por fin, Irene acepta la invitación de ir a la cena familiar de Gabriel. En el capítulo 2, Jake y Irene tienen un conversación de relación en Whats App. Jake conocerá a un chico en Tinder. El preocupa debería besarlo primero. Irene entiendo Jake está estresado, pero el tienes que ser valiente. Entonces, Irene dile a Jake el relaciono con Gabriel. Gabriel le da un anillo de compromiso a Irene. Irene está nerviosa porque la cena familia con Gabriel. Irene y Gabriel van a casa de los padres de Gabriel. Hoy es la quinceañera de Lola - la hermana de Gabriel. Lola la pide a Gabriel que sea su chambelán. Gabriel es feliz. Pero Gabriel no sabe bailar. A la mañana siguiente, Gabriel presenta quinceañera a Irene. Entonces, Gabriel le pide a Irene que le enseñe a bailar. En el capítulo 4, Lola buscada para gestionar a las madres en una quinceañera en el video. mamá de Lola no le gusta la idea. Madre de Lola dice no a las dos. Ella termina el video. Al principio del capitulo 5, Jake toma el video de Irene enseña a Gabriel a encarar. Gabriel estaba muy ocupado. Él se chocó con otra bicicleta y se cayó al suelo. Irene y Jake llevan a Gabriel el hospital. Irene se asusta cuando ve la fractura del hospital. Gabriel preocupa no poder bailar con su hermana. Moncho bailar con la hermana de Gabriel al final de capitulo. Al principio del capitulo 6, Gloria y Eustaquia tienen una conversación. Lola y Eustaquia piensan que la idea de Gloria esta anticuadas. Al final del capitulo, Eustaquia le dice a Gloria de Lola tiene una canal de Youtube. Mucha gente se ríe de su ideas de Quinceañera. En capítulo 7, todos tiene problema. Enrique ver a drama en el sofá. Lola apagado el televisor porque el drama es muy entrometida. Entonces, Enrique perdió la final del drama. Jake necesita practicar su español. Pero Enrique tiene no tiempo. Eustaquia con Lola y Gloria están haciendo cosas de la quinceañera. En el capítulo 8, el tobillo de Gabriel está escorado. él puede bailar con Lola juntos. Gabriel pisó a Lola y perdió el ritmo. Después del baile, Gabriel está muy triste y se va de la fiesta. Enrique abraza a Gabriel. dijo que le gusta el baile de Gabriel. Gabriel vuelve a ser feliz. Al final del capítulo, Jake canta una canción. Todos celebran juntos. "
S22,PFG,SPA 3,20,Male,N/A
S22,PFG,SPA 3,19,Female,A new kid from Argentina who is moving to UC Davis and meets one guy on a plane and they both are heading to UC Davis. The new kid discovers what life is like in the United States and how it compares to his life back home. They have small and exciting adventures together while discovering his freshman year in a new environment with new things he’s never seen.
S22,PFG,SPA 3,21,Male,"There is a student going on foreign exchange named Jake. Jake is excited to go start his traveling adventure and when he get to the airport, he bumps into a man named Augustin. When they collide they both drop their luggage. Jake gets up and grabs ""his bag"" and continues off. Once Jake arrives in Argentina he realized that he and Augustin have accidentally switched bags. Now Jake goes on a goose hunt while meeting some very nice people who introduce him to Argentinian culture. One of his friends that he met along the way was able to get him into contact with this mystery man Augustin and was finally able to get back his suitcase."
S22,PFG,SPA 3,19,Female,"En general, hablaron de un chico que viajaba al extranjero para su programa de estudios. en el camino se encuentra con diferentes personas e intercambia diferentes conversaciones con ellos. conoce a un chico al que le cambiaron el equipaje con otro chico en el avión y cuando recupera su equipaje, casi se vuelve amigo del chico después de que les sucedió tal coincidencia. Valora a su familia y amigos con aprecio.
"
S22,PFG,SPA 3,19,Female,"Jake a UC Davis student travels to argentina through a study abroad program. On the plane there he befriends the passenger, Augustin, next to him who turns out to be studying at UC Davis from Argentina. They accidentally switch suitcases at the airport. Upon realization, Jake does not know how to contact Augustin to exchange suitcases. Jake is staying with family in Argentina who help him get accustomed to the city. He then explores the city and goes on a bit of an adventure to find Augustin. He meets some friends when looking for him. He spends time with these friends and they invite him to go places in the city together. In the end he finds Augustin after he (Augustin) rekindled his love with his ex boyfriend ."
S22,PFG,SPA 3,20,Female,A student from Davis comes to Argentina to visit family and stay abroad. He goes through many challenges and drama through out his time in Argentina.
S22,PFG,SPA 3,19,Female,"This student from UC Davis named Jake goes to Argentina as a study abroad student. When he’s on the plane he meets a guy next to him named Agustín. They get along and by the end of it they become friends. When Jake gets to the house of the family he’s staying at, he realizes his suitcase had been switched with Agustín’s. He finds a picture of Agustín in a restaurant and decides to go there and there he finds a guy that was in the picture with Agustin. His name is Juan and he’s their waiter. When Jake asks him about Agustin he gets a bit sensitive but tells him we broke up and this is his address. Jake goes to that address the next day and finds out that that house isn’t Agustin’s but someone else’s. He gets invited inside and makes some new friends through a potluck. He thought it was a BBQ so he bought ketchup and bread but was mistaken. Still his new friends try to help him adapt to the culture often inviting him out to the bar etc. They invite him to a soccer game and they’re rooting for Godoy Cruz. During the game he gets a friend request from Juan and meets up with him and is surprised to see Agustin with him. Jake is told that they are together again and they came to see him. They hang out and have a good time and finally exchange suitcases. When he gets home he realizes that they never got the right suitcase. 
"
S22,PFG,SPA 3,19,Female,"En la ""Quarter Abroad en Argentina"", Jake aprendó español en su universidad. Y su universidad tiene un ""study abroad"" programa, y Jake estaba interesado en el programa. Jake fue a Argentina con el programa. En el avión, Jake hizo un nuevo amigo, este amigo se llama Agustin. Agustin también estudió en la UC Davis pero él Jake hizo muchos amigos y finalmente pudo recuperar sus cosas."
S22,PFG,SPA 3,21,Male,"Se trataba principalmente de este chico llamado Jake que era estudiante en UC Davis y viajó al extranjero a Argentina. Allí conoció a mucha gente nueva y tuvo una buena cantidad de problemas, pero en general, él y sus amigos los resolvieron. La parte que más me llamó la atención que recuerdo fue cuando mezcló su maleta al principio de la historia. Hacen muchas cosas, como viajar a un partido de fútbol donde Jake anima al equipo equivocado, lo cual es muy divertido. Al final, finalmente cambian las bolsas y Jake encuentra su tarro de mantequilla de maní, que es muy aleatorio."
S22,PFG,SPA 3,22,Female,"No sé si puedo escribir un resumen con tantas palabras en inglés, pero ¿puedo intentarlo? No recuerdo qué pasó la mayor parte de la historia, un chico hizo amigos y comió en diferentes restaurantes. Se divirtió mucho haciendo nuevos amigos hablando con alguien llamado John, Juan y Augustin. Creo que alguien rompió con otra persona en algún momento. Vieron fuegos artificiales, estoy bastante seguro, pero no antes de probar nuevos alimentos. Fueron a hacer turismo, y el personaje principal estaba muy emocionado de ver un nuevo país, habló sobre el avión y el equipaje en el primer capítulo. En el último capítulo, estaba abrazando un frasco de mantequilla de maní, mientras que su otro amigo pensó que estaba actuando de manera extraña. Hubo diferentes cosas para probar y muchas conversaciones entre amigos. Se agregaron en el libro de Facebook, ese fue un gran punto de la trama. Hablaban de la Universidad de California Davis y de cómo se las arreglaban para viajar. Fue realmente agradable ver a dos tipos simplemente siendo tipos. Luego hicieron otro amigo, creo que se llamaba Juan y no le gustaba que fueran mejores amigos, así que se fueron a otro lado. Sé que se usó mucho tiempo y hace, pero no recuerdo cómo ni por qué. Era verano, estoy bastante seguro, ¿y estaban mucho en la playa? Eran vacaciones y el que se iba a estudiar al extranjero tenía que compartir habitación y aprender a hablar mejor el español.
"
S22,PFG,SPA 3,24,Female,"El libro ""Quarter Abroad en Argentina"" era sobra un chico se llamó Jake. Jake era un estudiante de UC Davis y fue a Argentina para estudiar. Despues del vuelo, las maletas de Agustin y Jake fue cambiados. Jake necesitó buscar su maleta. Él llamó el aerolinea para ayudar pero ellos no pudieron el dirrecion de Augustin. Entonces, Jake buscó a Augustin en Facebook. No había un Augusitn. Benjamin, el ""hermano"" del Jake y Jake fueron a restaurante en Mendoza. Durante la comida, Jake habló con Juan, el novio de Agustin. Juan dijo Jake donde puede buscar Augustin. Juan dio Jake el dirreción de Augustin. Jake tomó el autobus a la casa de Augustin pero no era la casa de Augustin. Era la casa de Tomas. Tomas invitó Jake a una barbacoa con sus amigos. Despues de la barbacoa, los amigos bailaron todo la noche. Tomas invitó  Jake a un juego de futbol con sus amigos nuevos. Durante el juego, Jake celebrató  un gol para el equipo opuesto. Él era avergonzado. Jake fue soprendido que es prohibido beber alcohol en el estadio. Despues del juego, Jake y Agustin cambiaron los maletas. "
S22,PFG,SPA 3,18,Female,"En Quarter Abroad en Argentina, Jake decide tomar una cuarta parte en el extrajeno y estudiar biologia. En el avíon, se encuentra con un estudiante e biología llamado Augustin. Hablan de antecedentes generales como los estados Unidos y luego hablan de sus profesores y cursos favoritos. Jake accidentalmente agarra el equipaje de augustin. Luego trata de encontrar donde vive, donde se encuentra con nuevos amigos y va a una fiesta. La fiesta no es como una barbacoa americana, es una actividad argentina común. Él aprende sobre la actividad y van a bailar más tarde en el club. Hacia el final de la historia, se encuentra con augustin de nuevo y es capaz de devolver su equipaje."
S22,PFG,SPA 3,19,Male,"En el libro, un estudiante que se llama Jake viaja a Argentina para un cuarto en otro país. Él está un poco nervioso, pero en el avión, se encuentra a otra persona que se llama Agustín. Jake habla con Agustín sobre su bebida mate. Después del vuelo, Jake busca su maleta y ve a su familia de Argentina, y ellos van a la casa de la familia. Cuando Jake abrió su maleta, él reconoce que la maleta que él tomó en el aeropuerto es de su compañero en el avión, Agustín. Jake busca la dirección de Agustín y va a su casa, pero Agustín no está. Pero, Jake conoce a la persona en la casa, y él invita Jake a un asado en la tarde. Jake pasa tiempo con las personas en el asado, y después, ellos toman un taxi a la discoteca. El día próximo, Jake va a un partido de fútbol con sus amigos nuevos en Argentina. Jake piensa que él voy a ver un partido de fútbol americano, pero en Argentina, fútbol es un juego diferente. Al principio, Jake no comprenda que sus amigos apoyan el equipo Godoy Cruz, pero después del partido, Jake es feliz para sus amigos porque Godoy Cruz gana. Durante el partido, Jake recibe un mensaje en Facebook sobre su maleta. Una persona que se llama Juan conoce a Jake y Agustín, y quiere que los dos personas intercambian sus maletas. Por fin, Jake y Agustín intercambian sus maletas y Jake busca su mantequilla de maní."
S22,PFG,SPA 3,22,Female,"The book follows the adventures of Jake during his study abroad trip to Argentina. We're introduced to him practicing Spanish with his friend, Irene, and getting ready for the trip. Onboarding the plane, he meets Agustin, a fellow Aggie student, who studies biology and they converse during the flight. Agustin shows Jake a ""mate"" and explains its usage in Argentina. His family greets him at the airport and gives him a warm welcome. After he wakes up the next morning and opens up his suitcase, he realizes that the clothes weren't his and discovers that he has switched bags with Agustin as they were departing. The breakfast that he has with his family is very different from the one he has in the states for it had so many options. During the meal, he shares that he has switched luggage with Agustin but does not know where/how to start to contact him since the airport cannot share his information due to security purposes. Jake's only clue is a photo with some friends at Mundo Chori. The next day, Benjamin takes him to explore Mendoza and buy new clothes. At the restaurant, Jake shows the photo to the waiter who ends up being Agustin's ex-bf and gives him the address to return Agustin's suitcase. On a new journey, Jake embarks on the Metrotranvia and meets a new friend named Tomas who invites him to a BBQ. Jake goes to the supermarket to buy food to bring to the outing. When Jake meets Tomas and his group, he likes them but not their outlook on life to keep smiling and carry on. Jake adds Juan on Facebook and reaches out to Agustin to meet up and exchange suitcases. "
S22,PFG,SPA 3,19,Male,"The main character goes on a trip to Argentina and meets a friend on the plane.  He ends up switching suitcases with his new friend and goes on a journey to get his suit case back.  On the way he makes new friends, experiences different aspects of Latin American culture, and eventually finds his friend from the plane.  Afterwards they all celebrate together and the story ends.  While trying to find his friend, the main character is able to try new foods and is taught many lessons about culture by the people around him.  The story ends and he is laughing because he realizes even after everything he went through to find Augustine, they mixed up suitcases again."
S22,PFG,SPA 3,22,Female,"En el libro el chico esta con su familia y es estudiante en la ucdavis mientras esta en la escuela quiere viajar a argentina y lo hace. Sin embargo, cuando sube al avión a Argentina, pierde su bolso y tiene que encontrarlo. He averiguado quién lo tiene y recurre a su familia en Argentina en busca de ayuda. hace nuevos amigos y explora la ciudad."
S22,PFG,SPA 3,19,Male,"Jake, un estudiante de la Universidad de California, Davis, viajó a Argentina para estudiar por un trimestre. Cuando llegó a Argentina, y abrió su maleta, él dio cuenta que la maleta no era de él. Era la maleta de Agustín, el pibe que Jake se sentaba al lado de en el avión. En Argentina, Jake conoció a unos amigos y pasó mucho tiempo con ellos. Tuvieron un barbecue y fueron a un partido de fútbol. Al final de la lectura, Jake se encontró con Agustín y recuperó su maleta. "
S22,PFG,SPA 3,20,Non-binary / third gender,"En Quarter Abroad en Argentina, Jake y Agustin intercambio maleta. Jake es quedarse con familia en Argentina, y necesito para Jake a encontrar Agustin para intercambio maleta. Jake hace nuevas amigos y eventualmente encuentra Agustin con usar Facebook. "
S22,PFG,SPA 3,20,Female,"En el libro, Jake, el personaje principal, decide que quiere ir a Argentina para estudiar en el extranjero. Habla con un chico en el avión y cambian las maletas por accidente. Jake se pasa el libro intentando devolverle la maleta al chico del avión, mientras disfruta de lugares de Argentina y de la cultura Argentina."
S22,PFG,SPA 3,19,Female,"En este libro, Jake fui a Argentina por escuela y a visitar su familia. En el avión Jake conoció Augustin, un estudiante en el Universidad de California, Davis. Jake y Augustin hablaron en el avión sobre escuela, sus culturas, y de donde están. Despues a llegaron en Argentina, Jake tomó la maleta equivocada. En Argentina, Jake fui a comprar con su familia, fui un partido de futbol con sus amigos nuevos, y encontré Augustin en el capitulo final. "
S22,PFG,SPA 3,21,Male,"Jake fue a un programa a bordo de Argentina. Conoció a un tipo agradable llamado Augstin. La familia del anfitrión saludó a Jake y se acomodó todo, excepto que Jake más tarde encontró que mezcló su equipaje con Austin. Trató de buscarlo a través de la aerolínea, pero falló. Entonces decidió disfrutar de su vida hasta que el milagro suceda. Fue invitado a la fiesta y pensó que vio el augstin. Luego fue al restaurante con gran depresión por su fracaso. Pero una de las camareras era en realidad su ex novia y lo reconoció. Intentó rastrearlo, pero sólo encontró su antiguo apartamento. Más tarde, fue al partido de fútbol con sus nuevos amigos argentinos. Al final del juego, vio un mensaje en facebook que Augstin estaba dispuesto a hablar con él. Luego fue a un restaurante con Juan para conocer a Augstin, y recuperó su bolsa. Augstin también habló con Juan y ellos estaban de vuelta en relación. Final feliz"
S22,PFG,SPA 3,20,Female,"Jake prepara para su estudiar de ""quarter abroad"" en Argentina. Jake está nervioso para su viejo. Jake está en un avión y él conoce Agustín por primera ves. Después el avión, Jake da cuenta que él no tiene la maleta correcta. Es la maleta de Agustín. Jake conoce otras personajes de Argentina y él conoce a Juan. Juan conoce Agustín (porque Agustín es el novio de Juan). Jake tiene divertido con sus amigos nuevos. Jake conoce a Agustín y Jake y ellos tienen sus maletas correctas."
S22,PFG,SPA 3,20,Female,Jake estudió en el extranjero en Argentina. Estaba en una ciudad llamada Mendoza en Argentina. Estudió ciencias. Jake subió a un avión para viajar a Argentina. Estaba muy nervioso en el avión. Escuchó música en el avión y conoció a una nueva persona. Es de la ciudad de Davis y es estudiante de la Universidad de California Davis. Cuando estuvo en Argentina tuvo nuevas experiencias. Comió nueva comida y descubrió una nueva cultura. Fue a un partido de fútbol con sus nuevos amigos. Tuvo una gran experiencia en Argentina.
S22,PFG,SPA 3,19,Female,"El protagonista, se llama Jake, fue parte de un programa de intercambio y fue a Mendoza, Argentina de Davis, California. Estaba muy emocionado a visitar Argentina porque le gusta mucho la cultura Argentina. Cuando estuvo en el avión, conoció a un muchacho, se llama Agustín. Agustín fue a Davis de Mendoza y fue parte de un programa de intercambio, también. Ellos tuvieron maletas similares y Agustín tomó la maleta de Jake por error. Cuando Jake estuvo en Argentina, él pasó mucho tiempo tentando a encontrar Agustín para intercambiar sus maletas. Jake conoció a mucha gente en Argentina también: conoció a Nico, Juan, Sophia, y otros. Jake pasó tiempo con amigos, también. Fue a un asado y fue a un partido de fútbol.  En el final, Jake y Agustín ""met up"" para intercambiar sus maletas, pero ellos hicieron el mismo error otra vez. Pero esta tiempo, estuvo bien porque ellos supieron cómo encontrar ""one another"". "
S22,PFG,SPA 3,19,Non-binary / third gender,"Jake es un estudiante y esta estudiando en la Universidad de California, Davis. El viaja a Argentina porque el va a estudiar por un quarter en Argentina y no en los Estados Unidos. Cuando el llega en Argentina, Jake aprende que el he perdido su maleta. Por mucho del libro, Jake esta mirrando por su maleta. En Argentina, el se reune amigos nuevos y parte de su familia. El come mucho comida y bebidas. Jake aprende mucho sobre la lingua español y la cultura de Argentina. Este incluye choripan y bailes. De sus amigos nuevos, el reune Juan y Agustin. Juan y Agustin son novios.
Mucho de este livro era muy confudido a me porque no era logico."
S22,PFG,SPA 3,19,Female,"Jake iba a estudiar en el extranjero, y se fue en un avión. Él estaba nervioso por subir en el avión, y Jake habló con con Agustín durante largo vuelo. También, Jake y Agustín hablaron sobre sus estudios en UC Davis y que les gusta sobre los Estados Unidos. Después el vuelo, Jake cambió su maleta por la maleta de Agustín, y no tenía forma de contactarlo. Jake vio a algunas miembros de su familia en Argentina, y tuvo muchas experiencias nuevas allí. También, trató de encontrar a Jake, pero no pudo encontrarlo. Jake compró ropa nueva y fue a un restaurante nuevo. Pronto, encontró a Juan, quien conocía a Agustín, y esto le dio a Jake la esperanza de encontrar su maleta. Jake tuvo problemas con las direcciones y no pudo encontrar el destino. Pero, hizo amigos nuevos. Sus nuevos amigos le dieron nuevas experiencias, como el partido de fútbol. Jake animó al equipo equivocado y estaba avergonzado. Salieron después de esto, y Jake llamó a su familia. Finalmente, contactó a Agustín y recuperó su maleta. "
S22,PFG,SPA 3,19,Female,"Hay un hombre que se llama Jake. Jake es de la Universidad de California Davis y él participó en un programa en este escuela. El programa es un trimestre en el extranjero (quarter abroad). Jake está muy emocionado y también con su amiga Irene. Jake vuela en un avión para viajar a Argentina. Argentina es muy bonita y Jake le gusta mucho. Jake conoció a un hombre llamado Agustín. Agustín y Jake tienen la misma maleta. Ellos cambian sus maletas. Jake está muy preocupado. No tiene el número de teléfono de Agustín. Jake hace muchos amigos en Argentina. Los amigos se llaman Nico, Sofia, Juan, y más. Los amigos ayudan a Jake con su problema y Jake da muchas gracias por este ayuda. Jake habla con su familia por teléfono. La familia de Jake lo extraña. Jake está muy lejos de la Universidad de California Davis. Jake habla con Irene. Irene es la amiga de a Universidad de California Davis que ayudó a Jake a empacar (pack) en el pasado, cuando se fue por la primera vez. Jake sigue muy preocupado por su maleta y no sabe cómo encontrar a Agustín. Jake encuentra a un hombre se llamado Juan. Juan vive en Argentina y es el ex-novio de Agustín, el hombre del avión. . Jake habla con Juan y Jake y Juan se hace amigos. Jake toma el tren y se pierde. Jake pasa tiempo con sus amigos y come nuevos alimentos como el choripán. Jake ca a los partidos de fútbol y se lo pasa bien. Encuentra a Agustín y recupera se maleta. El Fin.

"
S22,PFG,SPA 3,18,Female,"Hay un hombre llamaba Jake. Jake está de la Universidad de California, Davis. Él viajaba por su estudios. Fue a Argentina. Jake hablaba con una persona en el avión. La persona se llamaba Juan. Juan era muy simpático. Desafortunadamente, Jake perdió su maleta porque Jake y el amigo nuevo de Jake cambiaron sus maletas a el aeropuerto. Jake ha empezado su aventura con no ropas o cosas de su casa. Fue muy difícil. Uno evento durante su viaje era Jake fue una aventura en transporte público. Él se perdió cuando estaba montando el tren. Él aprendía mucho sobre la cultura y comida de Argentina. Él comió comidas diferentes y nuevas. Él compró Ketchup por un barbecue. Su amigos pensaron que la situación era muy graciosa. En el final de la lectura, Jake encontró su maleta con su amigo en el aeropuerto. Juan encontró a Jake que estaba contratando la Universidad de California, Davis. Jake finalmente recibió su ropa y cosas. 
"
S22,PFG,SPA 3,22,Male,"Jake es de los Estados Unidos, pero específicamente de California y va a la universidad de Davis. Jake pasó un cuarto en el extranjero en Argentina para estudiar ciencias. Estaba muy nervioso y escuchaba música en el avión. Le informa a su amiga Irene enviándole un mensaje de texto para hacerle saber cómo va su viaje. En Argentina, conoce a su familia anfitriona que es muy amable con él. El conoció nuevos amigos, incluidos dos ex novios. Ellos es Juan y Augustin. Comió con muchos amigos en restrauntes. Comen mucho juntos y Jake aprende sobre diferentes alimentos argentinos. Pasa muchas noches conociendo a sus nuevos amigos. Compran ropa nueva juntos. Jake va a clubes y fiestas con ellos e intercambia redes sociales con ellos. Aprende sobre Argentina tomando el autobus a lugares con sus amigos. Algunos de los amigos que hace han visitado lugares en los Estados Unidos antes, como Miami. Estos mismos amigos a menudo le hablan en inglés como él les habla en español. Esto a menudo confunde a sus otros amigos. Sus amigos le muestran los hermosos lugares de la Ciudad para que se enamore."
S22,PFG,SPA 3,20,Male,"Esto libro es sobre un estudiante de Universidad de California Davis, con el nombre Jake. Él viaja a Argentina para estuidar en un país diferente. Cuando llega, sus maletas se mezclan con un estudiante diferente de UC Davis, alguien con quien Jake habló en el avión, Agustin. Jake pasa el resto de el libro tratando de encontrar sus maletas perdidas. Conoce a nuevos amigos en su búsqueda porque cuando estaba encontrando a Agustin encontró el novio de Agustin, y Juan es muy simpatico. Jake, Juan, y otras personas van al partido de fútbol, además de un boliche.  Después de el partido, Jake encontra Agustin y recupa sus maletas. "
S22,PFG,SPA 3,20,Female,"Jake perdió su maleta en el aeropuerto porque se cambió con Agustín. Cuando fue a Argentina a buscarlo, terminó quedándose con la familia de Agustín como invitado."
S22,PFG,SPA 3,18,Male,"Hay una persona llamada Jake. Jake es un estudiante en Universidad de California Davis. Para un cuarto, Jake viaja Argentina. En Argentina, Jake pierde su maleta pero cuentra su maleta. Los amigos para Jake en la historia son Juan, Sofia y Agustin. En particular, hay choripan en el avion a Argentina. Cuando Jake llegue a Argentina, Jake tiene pedir su familia para los cepillo de dientes. La ciudad en Argentina es muy ordenada y es muy facil para ubicarse. Jake va un restaurante y pide para un choripan. Juan era novio de Augustin tambien. En Argentina, Jake le gusta practicar andinismo durante los fines de semanas en las montanas. Tambien, Jake va a buscar Augstin porque Jake quiere recuperar su maleta. Jake obtiene mas ejercicio porque Jake camina una cuadra para llegar a la estacion de mirobusees. Jake pierde la maleta en el aeropuerto peo Jake quiere recuperar la maleta. Tomas es un amigo del Jake tambien, y los amigos de Tomas quieren se reunieron en el patio y comer el pasado. Jake toma un taxi y estaba muy cansado. Ellos fueron en el boliche y ninguna de las canciones en el boliche era para bailar sevillanas. Sofia y Nico les gusta opera. Despues, Jake acabo una fiesta a las cinco de la madrugada. Hay un partido en el estadio y hay muchas camisetas y bufandas azules y blancas. El grupo y ambiente en el estadio era muy ruidoso. Unfortudamente, Jake celebrando, pero para un gol del equipo rival. Finalmente, Jake se avergonzo durante el partido porque Jake celebrando para un gol del equipo rival."
S22,PFG,SPA 3,19,Male,La trama de la lectura fue cómo un niño fue a Argentina y perdió su maleta en el aeropuerto. Hizo una tonelada de amigos buscando su bolso. Fue a un partido de fútbol y a muchos buenos restaurantes.
S22,PFG,SPA 3,18,Male,N/a
S22,PFG,SPA 3,21,Male,El libro trata sobre un niño que pierde su equipaje cuando se va de vacaciones. Durante las vacaciones acaba encontrando nuevos amigos que le ayudan a recuperar su equipaje y su ropa. Lo introducen a una nueva cultura y comida.
S22,PFG,SPA 3,19,Female,"En este libro, Jake está viajando a España por su quarter abroad. Allí, el conoce muchas personas interesantes y hace amigos con todos. Tambien, el pierde su mochila en el avión y necesita encontrarla porque tiene todas de su cosas. Conoce Agustin en el avión y ellos cambian accidentalmente sus mochilas. Es una problema muy ridícula. "
S22,PFG,SPA 3,19,Male,"Jake, estudiante de la Universidad de California Davis, viajó a Argentina como parte de un estudio en el extranjero. Hizo amigos y se fue en diferentes aventuras. Él comió nuevos alimentos, fue a juegos de béisbol, y exploró Argentina. Se quedó allí por mucho tiempo y se lo pasó muy bien. También aprendió más español y la cultura de Argentina."
S22,PFG,SPA 3,diecinueve ,Female,La trama del libro es que un niño llamado Jake que va a estudiar al extranjero. En su camino allí accidentalmente cambia su maleta con Augustín (un niño en el avión). El resto del libro es el viaje de Jake a encontrar su maleta. Jake hace amigos y aprende sobre la cultura a lo largo del camino.
S22,PFG,SPA 3,20,Male,"Había un niño llamado Jake que quería aprender más español. Quería ir a estudiar al extranjero y quedarse con su familia allí, así que tomó un avión para ir. Al aterrizar, su familia argentina lo estaba esperando, pero él estaba esperando su equipaje a través de la aduana. Él consiguió su equipaje y se fue a comer. Más tarde, se dio cuenta de que no era su equipaje, pero era un tipo llamado Augustin. Pasa los días siguientes tratando de encontrarlo. Conoce nuevos amigos y un amigo era su ex novio. Él ayuda a Jake a encontrar a Augustin y ellos intercambian maletas."
S22,PFG,SPA 3,20,Female,El libro trata de un chico llamado Jake que va a la UC Davis y está estudiando español. Entra en el programa de trimestre en el extranjero en Argentina donde se queda con una familia argentina. El aprende nuevas palabras en español ya que en Argentina hablan palabras un poco diferentes a las que el aprendió. Pierde su maleta pero hace amigos en el camino. Finalmente recupera la maleta. 
S22,PFG,SPA 3,20,Female,"La historia trata sobre un estudiante llamado Jake que viaja a Argentina con un programa de estudios en el extranjero. Al principio de la historia, Jake y su amiga Irene se preparan para vivir en Argentina, aprendiendo frases argentinas y sevillanas. En el vuelo a Argentina, Jake se encuentra con un local llamado Agustín, y tienen una conversación encantadora sobre estudiar en el extranjero. Una vez que Jake llega a Argentina, se encuentra con su familia anfitriona y se da cuenta de que su maleta es mucho más ligera que cuando se bajó del avión. Jake comienza a buscar a Agustín y conoce a mucha gente buena en el camino. Finalmente conoce al novio de Agustín y localiza dónde está Agustín y recupera su maleta."
S22,PFG,SPA 3,20,Female,"El libro trataba sobre un niño llamado Jake que accidentalmente cambia su maleta con un niño llamado Augustin. Jake estaba estudiando en el extranjero en Argentina e intenta encontrar a  Augustin para devolverle la maleta. Pudo encontrar a Augustin al final, pero durante su búsqueda, aprendió cosas nuevas sobres Argentina y conoció nuevos amigos."
S22,PFG,SPA 3,21,Female,"La historia que leí para esta clase de español era sobre un niño llamado Jake que fue a estudiar en el extranjero en Argentina. La historia tiene lugar sobre todo en el aeropuerto, ya que aquí es donde Jake está a punto de entrar en Argentina para que pueda estudiar en el extranjero. Cuando está en el aeropuerto, se encuentra con este chico llamado Agustin que es muy similar a él. Jake y Agustin cambiar de mochilas accidentalmente en el aeropuerto porque parecen tan similares, pero Jake no se da cuenta de esto hasta que está en su casa de estudio en el extranjero con su familia de crianza después de que haya salido del avión."
S22,PFG,SPA 3,21,Male,"Un persona de UC Davis se llama Jake va a la Argentina. En Argentina, Jake experiencia muchos cosas de Argentina, como los comidas, deportes, y baile. Jake tiene una cerveza, pero los jugos de fútbol en Argentina son muy loco. En los estadios, cervezas son no permitido. "
S22,PFG,SPA 3,20,Female,Quarter Abroad en Argentina es acerca de un estudiante como viaja para escuela en un nueva país.  Él no conoce adonde su maleta es.  El libro sigue este estudiante cuando él quiere a encontrar su maleta y hacer amigos nuevos.  Los amigos lo aprendan como a bailar y tango.  Los amigos dan los comidos nuevos para él.  Uno de los amigos de él tiene la maleta de él.  Ellos son de Davis y se gustan el otro.
S22,PFG,SPA 3,19,Male,Quarter Abroad en Argentina es un libro sobre un niño Jake. Jake hace un viaje a Argentina. Ello conoce es unas personas. También ello vista mucho ubicaciones. Tomó la maleta equivocada. Jake buscó a Augstin que tenía su maleta. Jake necesitó el libro completo para encontrar su propia maleta.
S22,PFG,SPA 3,21,Female,"la historia es sobre de un quarter abroad de argentina y un nino Jake. Jake es de Davis y attende UC Davis. El va a Argentina por study abroad. en el avion Jake toma una maleta equivocada. En Argentina Jake aprenda mucho de la cultura y la comida de Argentina. El conoce a mucha gente, Agustin, Nico y Juan"
S22,PFG,SPA 3,19,Male,"Hay una persona llamada Jake que realmente quería aprender español. Fue a la Universidad de California en Davis y fue estudiante allí, lo cual me pareció genial. Decidió irse a estudiar al exterior, y lo hizo en Argentina. Su novia lo ayudó a preparar el vuelo y el viaje, lo cual fue muy amable de su parte. Ella le enseñó cómo hacer muchos alimentos diferentes. Ella también lo llevó al aeropuerto, lo cual fue amable de su parte. En el avión, Jake estuvo muy nervioso todo el tiempo. Él también estaba emocionado. Durante su tiempo allí, se quedó con una familia de acogida que, afortunadamente, eran personas muy agradables. Más tarde, hizo muchos amigos geniales. Uno de ellos se llamaba Agustín. Era mi persona favorita en esta divertida historia. Jake fue a un partido de fútbol y también a una fiesta, las cuales fueron muy divertidas. Una vez, Jake se sintió muy enfermo, así que no le gustó mucho. Desafortunadamente, eventualmente Jake tuvo que dejar Argentina para regresar a Estados Unidos y UC Davis.
"
S22,PFG,SPA 3,20,Female,"La historia es sobre un chico llamado Jake. El decide estudiar en el extranjero en Argentina. En Argentina, Jake pierde su maleta y accidentalmente se lleva a otra persona. El otra persona, Agustin, tiene maleta de Jake. La historia habla de los amigos de Jake y las cosas que hace en Argentina. Va a un partido de fútbol y prueba alfajores por primera vez. "
S22,PFG,SPA 3,18,Female,"La estoria empezo con la vida de Jake, un nino que vive en Estados Unidos y trabaja en colegio.  Jake quiere vjajar para un ""Quarter abroad"", entonces su familia y novia preparan Jake para su nuevo adventura. Despues llegar en el aueropuerto y discutir un asunto, conoce un nuevo amigo, Agustin.  Agustin es muy amiable y simpactico y voy a UC Davis tambien.  Despues los hombres salien, sus maletas comutado y los hombres agarran las maletas incorrectadas. Jake conoce su nueva familia para verano, pero se da cuenta su maleta es de Agustin.  Jake concoce amigos nuevos en el proceso incluyen Juan, el ex-novio de Agustin, y los ninos/as visitan cuando visitar la ciudad de Agustin. Finalmente, Jake encontrar Agustin pero los hombres agarran las maleta incorrectadas tambien!"
S22,PFG,SPA 3,19,Female,"La historia comienza cuando un niño llamado Jake se va de viaje a Argentina.  Toma un avión al campo.  En el avión conoce a un chico llamado Agustín.  Se entera de que ambos van a la UC Davis para la escuela.  Los chicos comparten una agradable conversación durante el viaje en avión.  Luego de bajarse del avión, Jake conoce a la familia que lo cuidará en Argentina.  Después, van a buscar su maleta al reclamo de equipaje.  (I wasn't able to finish within the time frame)"
S22,PFG,SPA 3,19,Female,"Un estudiante de UC Davis, Jake, viaja a Argentina para estudiar en el exterior. En el avión, Jake conoce un otro estudiante de UC Davis, Augustín. Augustín es de Argentina y es un estudiante de intercambio en Davis. En el aeropuerto, Jake y Agustín mezclan sus maletas y Jake sale con su familia anfitriona. El día siguiente, Jake compra para nueva ropa y va a un restaurante. En el restaurante, Jake conoce Juan, el mozo. Juan el ex novio de Augustín, y él da Jake la dirreción de la casa de Augustín. Jake va a la casa, pero un pibe diferente viva allí. Jake habla con el pibe nuevo y va a una fiesta con sus amigos nuevos. El día siguiente, Jake y sus amigos van al partido de fútbol y Jake finalmente encuentra Augustín. "
S22,PFG,SPA 3,20,Female,Jake es un estudiante de UC Davis y viajó a Argentina para estudiar en el extranjero. La familia con la que se aloja es muy amable y generosa. Los amigos que hace allí lo llevan a ir a bailar y jugar a los bolos. Jake también comió muchos alimentos y bebidas nuevos allí.
S22,PFG,SPA 3,19,Female,"Un niño llamado Jake vio un programa de intercambio ofrecido en su universidad UC Davis a Argentina. Tenía interés en ir y decidió viajar al extranjero. En el avión a Argentina, se encuentra con un niño llamado Agustín. Tienen similitudes y se convierten en amigos. Cuando llegó a Argentina, conoció a su familia anfitriona, que fue muy divertida y amable. Se introduce en las nuevas costumbres culturales y la comida. El día que llegó a la Argentina, se enteró de que su maleta había sido intercambiada por la de Agustín. Luego va a recuperar su maleta con la ayuda de muchas personas."
S22,PFG,SPA 3,19,Female,"Jake se va a Argentina como parte de una programa de UC Davis. En el avión se conoce con Agustín, quien era de Argentina pero estaba haciendo la misma programa de intercambio en los estados unidos ( en Davis). Los dos tenían la misma UC Davis maleta y los confundieron. Jake necesitaba encontrar Agustin en Argentina, durante su mission de encontrarlo, Jake se conoció con su ex novio, y unos pibes graciosos quien invitaron a Jake a una barbacoa, a un club, y un juego de futból. Después de ver el juego con sus nuevos amigos, el ex novio de Agustín se mensajó en facebook. Los tres convinieron para cambiar maletas pero cuando Jake regresó a casa, descubró que las maletas fueron intercambiados una vez más. "
S22,PFG,SPA 3,21,Female,"En Quarter Abroad en Argentina, Jake es un estudiante biología de UC Davis y viaja a Mendoza, Argentina para hacer un programa de estudios en el extranjero. Irene es una amiga de Jake, ella le ayuda con su valija y su español argentino. Durante el vuelo, Jake conoce a Agustín y hablaron de sus viajes, estudios, y las diferencias de sus culturas. La familia argentina de Jake le recibió a Jake en el aeropuerto. Benjamín lleva a Jake por la ciudad y comieron en un restaurante donde Jake conoce a Juan. Jake tiene la valija de Agustín por error, así que Juan le da la dirección de Agustín. Jake conoce a Tomás en la casa de Agustín, pero Agustín no estuve allí. Jake devuelve a la casa esa día para un asado con Tomás y sus amigos. En otra día, ellos van al estadio para un partido. Por fin, Juan y Agustín son novios otra vez. También Jake y Agustín se equivocaron de maleta otra vez."
S22,PFG,SPA 3,18,Female,jake goes to Argentina to study abroad and he has lots of experiences while he is there as well as mixing up his suitcase with someone else and trying to get it back 
S22,PFG,SPA 3,18,Female,It was we who 
S22,PFG,SPA 3,20,Female,"Jake is going to study abroad in Argentina. On the way there, he meets someone else who was studying abroad at ur Davis. The boy he meets is very nice and they chat pretty well together. However, after getting off the plane, jake realizes that he and the other boy switched suitcases by accident. Jake tries to find the boy but to no avail. After, jake meets other young people in Mendoza and they go to the bars and discos together. They also go to football games. Jake also meets the boys ex boyfriend who tries to help him find the boy. Eventually, he meets the boy later in the story once they realize that they know the same people. Then the story ends after they go to another sporting match. 

"
S22,PFG,SPA 3,18,Female,"El libro era de un chico llamado Jake que viaja a Argentina para un quarter abroad. Allí se encuentra con amigos y practica su español. También pierde su maleta. Conoció a un chico llamado Augustin en el avión y se llevó su maleta por accidente. Jake intenta encontrar a Augustin pero no puede. Sin embargo, Jake se divierte con la gente que conoce en Argentina. Va a un fiesta y un partido de fútbol. Al final encuentra a Augustin. Jake le devuelve su maleta y la libro termina. "
S22,PFG,SPA 3,19,Female,"The plot of the book followed Jake as he went and studied abroad. On his way he loses his suitcase by switching it with a man called Augustin and then goes on a journey to find him and get back his suitcase. Jakes initial meeting with Augustin was on the plane when he was flying to his exchange country. Agustin had went and lived in the US for an exchange program and had went to University of California, Davis. They bonded over this similarity and talked on the plane. While trying to find Augustin, Jake gets to experience different aspects of the countries culture and try new foods he had never had before. He also makes many new friends and learns a great deal about the difference between his life and the life of those in the country he is now studying in. Jake does eventually get back his suitcase when he finally finds Augustin following his long search. However, the joke at the end of the book is that they accidentally switched them again. Overall, Jakes journey in this country was full of many adventures as he was trying to get back his suitcase. He got to try new foods he had never heard of in the states, go to sports games with his friends, and so much more. The lost suitcase was a way to lead into Jakes journey and was a way used to get Jake to truly explore the country and the culture. The book was very fun and interesting to read. "
S22,PFG,SPA 3,20,Female,"Jake who is a study in Davis decides to study aboard in argentina for a quarter. During the airplane ride he meets someone who then both confuse their bags and switch. Jake has to buy clothes and learn how to navigate the city to be able to locate his bag. On his journey, he meets a group of friends where they go to the club and go watch a game of soccer. At the end Jake was able to find the guy he switched his bag and they met up at a restaurant to exchange it. Once Jake went back to the family he was staying with he realized he grabbed the wrong bag again but this time he had the other person information."
S22,PFG,SPA 3,19,Female,"Un niño llamado Jake quería viajar al extranjero. Se fue de viaje a Argentina. Allí conoció a su nueva familia de él y un nuevo amigo en el avión llamado Agustín. Accidentalmente cambió de bolso con Agustín y tuvo que tratar de encontrarlo. Hizo nuevos amigos en el camino y probó muchas cosas nuevas. Eventualmente, encontré a agustin y recuperé sus cosas de él."
S22,PFG,SPA 3,19,Male,Fue a argentina. Conoció a un niño llamado augustin en el viaje en avión allí. También perdió su maleta. Partió en Argentina. Luego decidieron ir a un partido de fútbol donde no se permitía la cerveza. Estaba confundido por qué no había cerveza. Al final finalmente encontró a augustin otra vez.
S22,PFG,SPA 3,18,Female,"Jake decides to Study Abroad. He goes to a meeting about studying abroad in Argentina and the professor helps him. He wants to go to Argentina so he can practice Spanish. He prepares to go to Argentina. He goes on the plane and his host family is waiting for him at the airport. On the plane, Jake meets Agustin. Agustin went to UC Davis. Their luggage gets mixed up. Jake tries to find Agustin through the school but they can not legally give him Agustin's address. Jake finds a picture in Agustin's suitcase and investigates. Jake finds Juan, Agustin's ex boyfriend. Juan invites Jake to a party. they stay up late and go to the club. Jake thinks he saw Agustin. Later Jake goes to a soccer game. He accidently cheers for the wring team. Juan requests him on Facebook. Jake is finally able to mee with Agustin to exchange suitcases. Agustin and Juan are dating again. They eat and accidently switch suitcases again but are able to exchange them again. "
S22,PFG,SPA 3,19,Female,"Jake va a Argentina por estudiar y cuando èl es en el avion èl conoció un estudiante que era de Argentina. El estudiante se llama Augustin. Cuando Jake llegó en Argentina, èl ve que su maleta es no su maleta pero la maleta de Augustin. Jake viajó a lugares nuevos encontrar Augustin y revolve su maleta. "
S22,PFG,SPA 3,19,Female,"The book is about Jake, a UC Davis student, doing a quarter abroad in Argentina. During his visit, he learns about the language, people, food, and culture of Argentina. He makes new friends and tries new things. On the plane ride there, he meets Agustin, who tells him a bit about Argentina. They accidentally take each others suitcases, so for the rest of the story, Jake tries to find Agustin to switch back. Jake stays with relatives of one of his friends (I think) who show him around. He meets a group of people his age who take him dancing and introduce him to ""asados"". He meets Agustin's ex in a restaurant which helps him find Augustine. "
S22,PFG,SPA 3,19,Male,"The main character Jake goes abroad to study for a quarter in Argentina. He meets another young guy named Agustin. They talk for a while on the plane and when he gets off the plane they get their suitcases mixed up. Jake tries to figure out how he can find Agustin. Jake learns a lot about Argentinian culture while he is there. He tries new foods and makes some new friends. For example he goes to a soccer game and he goes dancing at the disco, as well as having a barbecue. He ends up finding Agustin in the end and mixes up their bags again."
S22,PFG,SPA 3,20,Female,"Jake es un estudiante de UC Davis y está en Argentina. Cuando él está en el aeropuerto de Argentina, Jake ve a la familia que él conoce. Es el tiempo primero que Jake está nunca en los Estados Unidos. Jake está neveriso. Cuando Jake está en la casa de la familia, él aprende que no tiene su moleta. La moleta es de Agustin - el chico que Jake habla con en el aeroplane. La aerolínea no ayudar Jake con encontrar Agustin y Jake está muy estrecho. "
S22,PFG,SPA 3,19,Female,"Jake es un estudiante de UC Davis quien va a Argentina a estudiar - Study Abroad. Jake vive con la familia Mendoza y explora la ciudad. Hay una historia sobre las maletas de Agustin y Jake. Tambien Jake aprende sobre la comida de Argentina, por ejemplo choripan, té, mate, y un asado (cual es differente que una barbacoa de Los Estados Unidos). Jake tenía muchas experiencas divertidas con sus amigos Nico, Sofia, Ben, y Juan. "
S22,PFG,SPA 3,18,Male,"la historia es sobre un niño llamado Jake. Él va a estudiar en el extranjero en América del Sur (específicamente Argentina) y asiste a la escuela en UC Davis. Muchas cosas le pasan a Jake cuando está de viaje. Pierde su maleta y recoge la maleta de otra persona (la maleta de Agustín). Hace nuevos amigos, como Tomás. Jake también fue a una parrillada con sus nuevos amigos y luego a un juego de deportes donde se divirtió mucho. Finalmente, Jake y Agustín se encontraron y pudieron intercambiar maletas para que cada uno tuviera la suya. ¡Jake estaba muy feliz y le encantó recibir mantequilla de maní!

"
S22,PFG,SPA 3,19,Male,"en el libro un estudiante hace un trimestre en el extranjero en argentina. Se mete en muchas aventuras, perdió su maleta. Pero hace muchos amigos y hace muchas cosas divertidas.Fue a un partido deportivo pero estaba confundido acerca de los equipos. Fue a barbacoas y conoció a más gente.Conoció a Jake y a los novios. Extrañaba a su familia y se acercaba a ellos. Agustin era su amigo en Argentina. Hablaba con su familia y se enviaba mensajes por Whatsapp. Fue a un asado que es parecido a una parrillada. Ellos tienen diferentes alimentos. Jake se hizo amigo de Juan en Facebook. Tuvo un viaje increíble porque conoció a mucha gente nueva. También experimentó una nueva cultura y nuevos alimentos. Me gustó mucho la historia porque era divertida y casual. Hablaba de amistades y eso me hacía feliz. Es realmente bueno. Yo también tenía una hermana anfitriona, así que la historia fue muy especial para mí. Es dulce lo mucho que aprendió sobre la nueva cultura. Jake también era de UC Davis, lo cual fue genial porque es familiar. La historia hizo un buen trabajo al relacionarse con los estudiantes de Davis. Jake se lo pasó bien cuando fue al restaurante con Augustin. Por alguna razón, también le gusta mucho la mantequilla de maní. Estaba avergonzado en el partido de fútbol cuando animó al otro equipo. Tuvo suerte de que la gente no peleara con él. Tomás, Sofía y Nick también fueron amigos que hizo mientras estuvo en Argentina.
"
S22,PFG,SPA 3,19,Male,"La historia de Quarter Abroad en Argentina involucra a Jake yendo al país de Argentina como parte de un programa de intercambio extranjero. Hace las maletas, se prepara y luego se va. Jake aprende sobre muchas diferencias culturales y experimenta cómo es Argentina. Jake también toma accidentalmente la maleta de otra persona en el vuelo. Jake se queda con una familia anfitriona mientras está en Argentina. En Argentina, Jake va a un restaurante y encuentra al antiguo novio de la persona cuya maleta tomó. Jake también descubre cómo los camareros son diferentes en Argentina. Jake viaja para tratar de encontrar al dueño de la maleta usando el transporte público. Mientras Jake busca al dueño de la maleta, hace nuevos amigos, con quienes baila y se divierte. Jake tiene un evento estilo barbacoa argentina con sus nuevos amigos. Jake disfruta mucho de la comida allí. Más tarde, Jake finalmente va a un partido de fútbol con sus nuevos amigos. Jake termina animando al equipo equivocado y se entera de que no puede comprar alcohol en un partido deportivo en Argentina, por lo que termina comprando un perrito caliente. El equipo de fútbol de sus amigos acaba ganando. Jake finalmente encuentra al dueño de la maleta y comen juntos. Jake come un alimento de una manera que los demás no esperan. Agustín, el dueño de la maleta, y sus antiguos novios acaban volviendo a estar juntos. Al final, Jake y Agustín acaban volviendo a llevarse las maletas equivocadas por accidente."
S22,PFG,SPA 3,18,Female,"Jake está un estudiante en UC Davis y ello decidió a estudiar en Argentina por un trimestre. En el avión de Argentian Jake habló con Agustín. Agustín era de Argentina y está un trimestre en Davis por el programa de intercambio. Agustín dio a Jake muchas recomendaciones de escalada o restaurantes. Jake vive con la familia de Antonio y Celia. Antonio y Celia tienen dos hijos, Benjamin y Roberta. Cuando Jake está en Argentina, se da cuenta de que en su maleta está Agustins y la maleta no está Jake. Jake no tiene su ropa y tuve comprar ropa con Benjamin. Jake exploraba la ciudad de Mendoza y aprendió mucho por los bailes y la edificios y la comida. Cuando Jake comió en un restaurante, Jake reconoció al mozo con una foto de Agustin. Jake fue a mirar a Agustin y habla con Tomas porque Jake pensaba que la casa de Tomas es la casa de Agustin. Tomas invitó a Jake a un asado. Jake fue a el asado y después del asado Jake, Tomas y los amigos fueron a la discoteca. Todos bailaron por muchas horas pero Jake está muy cansado. Después de la fiesta, Jake quiere dormir. Jake duerme por menos horas y fue a jugar fútbol. El estadio está muy ruidoso y tiene muchas personas. Jake quiere un deber de alcohol pero el vendedor ambulante no puede darle a Jake. Cuando jake está en el jugar, Jose, el mozo de el restaurante invita a Facebook. Después de el jugar, Agustin contacto Jake y los dos pudieron intercambiarse las maletas. 
"
S22,PFG,SPA 3,20,Female,"Jake decide pasar un trimestre en el extranjero, en Argentina, y conoce a los miembros de su familia que viven allí. Mientras disfruta de la cultura, se da cuenta de que su maleta ha sido cambiada por la de su compañero de asiento, Agustín. Sale de fiesta, come en restaurantes y vive partidos de fútbol en los que no puede beber. Finalmente, conoce al ex novio de Agustín y puede intentar averiguar cómo contactar con él. Al final Agustín se encuentra con Jake y le devuelve la maleta. Él y Juan también se plantean volver a estar juntos. "
S22,PFG,SPA 3,20,Male,"Un chico llamado Jake se va a estudiar al extranjero en Argentina por un trimestre. Vuela a argentina y se va a quedar con una familia allá. cuando llega pierde su maleta en el aeropuerto. en cambio, toma la maleta de otra persona y tiene que ir a buscarla para recuperar su ropa. Mientras va a buscar su maleta también explora mucha Argentina y se entera de su cultura. Conoce gente nueva, sale con ellos y come."
S22,PFG,SPA 3,20,Female,Jake estudiar en Argentina por un semestre. El hombre comió mucha comida y exploró la cultura. Festejó y se fue a bailar. 
S22,PFG,SPA 3,21,Male,"It is about a student who speaks spanish and english who decides to go on a quarter abroad to argentina. He originally is a UC davis student, but he decides to go abroad and meet new people. He gets on the plane and meets the people who he will be staying with. Throughout his trip, he makes new friends, learns new kinds of foods and new vocabulary, and travels to many different events. Some nights he goes to the bowling alley, some nights to the club to dance, and other times to soccer games with his friends. "
S22,PFG,SPA 3,19,Female,"En la lectura de este trimestre, leemos el trimestre en el extranjero en Argentina. Se trataba de un chico llamado Jake que se fue a estudiar al extranjero a Argentina con una familia. Aprendió sobre diferentes comidas y cultura. También se divirtió mientras estuvo allí e hizo nuevos amigos. También hizo el ridículo en el juego. También fue a jugar bolos con sus amigos y probó comida nueva."
S22,PFG,SPA 3,20,Female,"Jake fue a Argentina a estudiar en el abroad para la universidad. Jake conoció a un chico llamado Agustín. Jake y Agustín se llevaron las maletas otros por accidente, y Jake necessitaba encontrar Agustín y Jake necessitaba conseguir su maleta y necessitaba dar Agustín su maleta. Jake conoció muchas personas en Argentina y fue a muchos lugares interesantes en la ciudad. En la final, Jake encontró Agustín y ellos intercambiaron maletas."
S22,PFG,SPA 3,20,Male,"El libro trataba sobre tomas siendo un estudiante de intercambio en Argentina donde conoció a múltiples personas que se quedaron a su lado durante todo el programa de estudio a bordo en la escuela y mientras pasaba por el programa aprendía la rica cultura del país con varias comidas, bebidas, tradiciones y reglas en la ciudad, y el dilecto y la jerga que es diferente en los Estados Unidos, PERO también tuvo que lidiar con la pérdida de su maleta en múltiples ocasiones
"
S22,PFG,SPA 3,18,Female,"Jake, el personaje principal ha estudiado en el extranjero en Argentina. Cuando estuvo en este planeta conoció a un chico llamado Augustin donde habían hablado de dónde son. Cuando aterrizó, Jake se dio cuenta de que había cambiado su equipaje con Augustin. Intentando encontrar su equipaje, Jake había hecho muchos amigos en el camino. Había ido a un partido de fútbol y bailado tango con estos nuevos amigos."
S22,PFG,SPA 3,20,Male,"Un joven estudiante de la UC Davis se fue de viaje al extranjero y lo pasó bien. Sin embargo, mientras estaba allí, perdió su maleta. Así, a lo largo de la lectura, se trata de su experiencia en Argentina y de su intento de encontrar su maleta."
S22,PFG,SPA 3,22,Male,El libro trataba sobre un estudiante que viajó a argentina. se reunió con su familia e hizo diferentes actividades con ellos.
S22,PFG,SPA 3,21,Female,"Un chico llamado Jake decide estudiar abroad en Argentina. En el aeropuerto se recibe la wrong maleta. El hace amigos que lo ayudan. Va a bailar, a fiestas y un partido de fútbol. Al finalmente finds su maleta. No se hace ningún estudio."
S22,PFG,SPA 3,21,Male,"La protagonista, Jake, es un estudiante de UC Davis. Él dicidó a estudiar en Argentina. El libro describó las experiencias de Jake y sus amigos nuevos. La problema más significa de la trama es Jake y su amigo Augustín intercambiaron sus maletas. Cuando las maletas fueron intercambiados, Jake y Augustín no sabían el uno al otro. Ellos se encontraron en Facebook y reunirse para intercambio maletas. También, Jake lo hizo muchos actividades con sus nuevos amigos en Argentina. Por ejemplo, fue a un juego de fútbol y comió a un asado."
S22,PFG,SPA 3,19,Female,"El libro es sobre un hombre llamado Jake. Va a Argentina para hacer un programa de estudios en el extranjero. Cuando llega a Argentina, conoce a una familia con la que vive. Pero tiene la maleta de otra persona llamada Juan. Conoció a Juan en el avión a Argentina. Había hablando mucho con Juan sobre Argentina y Davis. Trata de encontrarlo pero no puede encontrar. Sin embargo, conoce a un grupo de personas con las que se hace amigos. Va a bailar con sus nuevos amigos. También, va a un partido de fútbol con los amigos. Al final, encuentra a Juan y puede recuperar su maleta. "
S22,PFG,SPA 3,20,Male,"En la estoria se llama un quarto abroad en argenina, un hombre se llamo, Jake lleguo a Argentino para estudiar en Mendoza. Mendoza es una ciudad my rica en historia y culture. La estoria empezo con Jake estaba hablando con una amiga y ella estaba dejando a jake sobre las bailes y la cultura de otras paises. Jake le encantaba las bailes como tango y seviallanas. y decidio a viajar a Argentina para tener clases en espanol. la malete de jake estaba perdido, cuando un hombre se llamaba Agustin estaba hablando a jake y ellos intercambieron sus maletas. Hace dos dias, jake encontro a Un hombre se llamaba Juan en una restaurante en Mendoza. Juan y Augistin estaban novios hace mucho tiempo, y Juan no queria hablar con el. Jake concocia a muchos amigos en Mendoza y iba a muchos actitivades. Jake fue a una asado, a un partido de futbol, y a muchos discotecas para bailar con la musica reggaton. Jake estaba muy sorpresando cuando la gente no le gustaba la musica tango y seviallas y ellos llamaran a jake un ""viejo."" Jake aprendio muchos phrases y palabras nuevas, como se dice differentes en Argentina. Las palabras y frases eran muy differente que los que jake aprendia en espanol en UC Davis. El el final de la estoria, Jake encontro a su maleta y Agustin y Juna son novias de nuevio. Todo estaba bien y Jake esta llorando con una lata de ""Mantequilla de cacahuete."" que Agustin dio a el. "
S22,PFG,SPA 3,21,Male,"En este libro, el protagonista Jake visita familia en Argentina por un cuarto. En este viaje, Jake conocido muchos amigos como Agustin, Juan, etc etc. Jake tenido un bien tiempo y mucho estres porque sus equipaje desapareció. Mi memoria es no bien y yo no recuerdo más de la trama. "
S22,PFG,SPA 3,20,Male,"En esta lectura, Jake es un estudiante que estudia en UC Davis. Él consigue una oportunidad para estudiar en Argentina por un quarter, y se tomála. Después llegando al aeropuerto en Argentina, la maleta de Jake había cambiada con una de otra persona. Esa persona se llama Agustín. Jake no puso ubicarse, entonces compró más ropa. Cuando estaba en Argentina, él tenía un choque cultural. Había muchas comidas diferentes y reglas diferentes. Al fin de la lectura, Agustín se ubicó Jake y ellos trade sus maletas.  "
S22,PFG,SPA 3,20,Male,el libro era sobre un chico que hizo un trimestre en el extranjero en argentina. Fue muy divertido de leer y aprendí muchas palabras nuevas. El chico del libro escribía a su azada y también hacía nuevos amigos en Argentina.
S22,PFG,SPA 3,21,Male,Jake goes abroad and experiences a new culture
S22,PFG,SPA 3,22,Male,"Un niño visitó mendoza e hizo algunos amigos. Perdió su maleta, que lo mandó por toda Argentina."
S22,PFG,SPA 3,18,Male,Es sobre un hombre en Argentina.
S22,PFG,SPA 3,19,Male,I was told to skip this section. 
S22,PFG,SPA 3,18,Non-binary / third gender,n/a
S22,PFG,SPA 3,19,Male,jhjfhjdfhbjdfhbjdfhbjfbhjfdhbjfdhbjfdhjbfdhbjfdbhjfdhjbfdhbjfdhjbfdhbjfdhjbdfhjbdfhbjdfhbjdfhjb
S22,PFG,SPA 3,21,Male,"El libro es sobre un chico llamado Jake. Es un estudiante de la UC Davis y quiere ir al extranjero, a Argentina.  Durante su viaje en avión a Argentina, conoce a un amigo en el avión llamado Agustín. Después del avión, Jake se dio cuenta de que había perdido su maleta. Jake tenía la maleta de Agustín y Agustín tenía la maleta de Jake. Vive con una familia Argentina y disfruta de su cultura. Jake aprende cosas únicas sobre Argentina. Por ejemplo, no venden alcohol durante los eventos deportivos. También va a la boliche con unos amigos que conoció en Argentina. Dice que en la bolera ponen música de reggatón. Quiere encontrar a Agustín y recuperar su maleta. Jake se encuentra con el amigo de Agustín, Juan, que le dijo a Jake dónde vive Agustín. Antes de ir a la casa de Agustín, Jake va a una barbacoa con sus amigos en Argentina. Ellos le presentan el choripán y otras cosas que sólo hay en Argentina. Al final del libro, Jake finalmente encuentra a Agustín y recupera su maleta. "
S22,PFG,SPA 3,19,Female,"Un estudiante va a un viajo a Mendoza, Argentina para la programa de Study Abroad. Él perdió su maleta en el aeropuerto porque tomó la maleta de Agostín. Cuando llegó en Mendoza, buscaba para Agostín y conoció muchos amigos. Él fue a un club y un partido de fútbol con sus amigos. Finalmente, él encontró a Agostín y lo conoció en un restaurante para obtener su maleta. Pero, él tomó la maleta incorrecto otra vez. "
S22,PFG,SPA 3,20,Male,the plot of the book is that a student from UC Davis goes to argentina and explores the country. he lives with a family and spends time meeting new people in the country. he makes friends and goes to soccer games and enjoys the new food. he looses his bag and he meets up with the person that has his bag and switches bag with them and they become friends. 
S22,PFG,SPA 3,20,Female,"Jake pudo estudiar en el extranjero, en Argentina. En el avión conoció a un amigo llamado Agustín. Al llegar a Argentina, se dio cuenta de que había cambiado accidentalmente las maletas con Agustín. La historia sigue a Jake en Argentina mientras intenta encontrar a Agustín para recuperar su maleta."
S22,PFG,SPA 3,18,Female,"The book was about Agustin, Nico, and other people spending their quarter in Argentina."
S22,PFG,SPA 3,21,Female,"A student from UC Davis did study abroad in Argentina. Upon going there, he switched suitcases with one of his classmates and went on a mission to switch suitcases back. "
S22,PFG,SPA 3,21,Male,Un estudiante universitario tiene la oportunidad de viajar a una ciudad extranjera para poder experimentar una cultura nueva y apasionante.
S22,PFG,SPA 3,18,Female,un niño fue a Argentina para escuela y aprender español. Él viví con una famila. fueron a el disco y vieron fútbol.
S22,PFG,SPA 3,18,Female,No te recueradas el nombres de la personas en el libro pero el libro era bastante bueno. Recuerdo que siempre iban comer y viajar. 
S22,PFG,SPA 3,20,Non-binary / third gender,"The book detailed the travels of a student and how he interacted with others on his quarter abroad. At one point he lost his luggage while traveling at the airport, in fact there are many moments like this that almost have a comedic timing. I found that the story was kind of hard to follow plot wise, so it’s hard to remember specific plot points from the story right now.  "
S22,PFG,SPA 3,22,Male,"A quarter abroad is about learning the culture of a foreign country. We learn about the food that they eat in Argentina and also lingo that they use. We also learn what type of activities one can do if they visited Argentina such diving, mountain climbing and also biking. Another thing we learned is also how they dress and the music that they listen to in the countries we talk about. "
S22,PFG,SPA 3,19,Female,el libro trataba sobre un niño que fue a UC Davis y que estaba visitando a una familia en Argentina. accidentalmente tenía una maleta que no era suya. Se dio cuenta de que otra persona tenía su maleta y fue a buscarlo. Encontró a su ex novio y a otras personas que lo ayudaron. finalmente encontró al hombre y recuperó su maleta.
S22,PFG,SPA 3,18,Female,"En ""Quarter Abroad en Argentina"" un libro es sobre un hombre partida a Argentina. Un hombre conocer su amigos. El bebe y come con su amigos. Un hombre visitar Argentina durante un Quarter. También, un hombre aprender español en Argentina. Un hombre es muy cómico, y generoso y simpatico. Me gusta un hombre en ""Quarter Abroad en Argentina."" "
S22,PFG,SPA 3,21,Female,"Un chico llevó a Argentina para una programa de escuela con UC Davis. Había unas problemas con su maleta y necesitaban encontrar a una persona que tenía su maleta. Descubrió nuevas amigas y hacía nuevas cosas como bailar. El chico durmió en un Taxi y comían muchas comidas diferentes de Argentina. También hablaba con otras personas sobre las diferencias en Argentina y Los Estados Unidos. Por ejemplo, no vendieron alcohol a los juegos de beisbol en Argentina como en Los Estados Unidos. Las personas en Argentina hablaban sobre el Tango y varias bailes. Cuando uno de los chicos durmió en el Taxi, el otros fueron a una discoteca. Facebook fue muy util para las personas a comunicar y tener amigos."
S22,PFG,SPA 3,19,Male,"Jake va a pasar un cuarto estudiando en Argentina. Jake va a pasar un cuarto estudiando en Argentina. Jake aprende muchas auduanas argentinas durante su estudio en Argentina. Jake visita un partido de fútbol, va a una fiesta y visita restaurantes. A Jake le ofrecen alcohol, pero no lo bebe porque es demasiado joven. Jake encuentra a la persona que tomó su maleta y la recupera con la ayuda de sus amigos.



"
S22,PFG,SPA 3,19,Male,"La historia trata de un niño de Davis llamado Jake que quiere viajar a Argentina para aprender el idioma y explorar el país, y comienza a aprender español de su amiga Irene. Pronto, él entiende mucho español, encuentra una familia en Argentina, y viaja allí para un cuarto escolar en el extranjero. En el avión, se encuentra con un niño llamado Agustín que le habla en español, pero algunas palabras son diferentes en Argentina que en otros países españoles. Sin embargo, cuando se sale del avión, Jake se da cuenta de que mezcló sus bolsas, y ahora tiene una bolsa de agustins mientras que Agustín tiene su maleta. Jake viaja por todo el país para encontrar su bolsa, obtener ayuda de su familia, conocer a Agustins ex-novio, y conocer a una familia aleatoria de personas que lanzan una fiesta con él. Van a un club y Jake también va a un partido de fútbol, donde finalmente descubre dónde está Agustín. Él lo hace amigo en Facebook y va a conocerlo, y finalmente cambian de bolsa. Agustin incluso terminó con su novio, y Jake puede finalmente disfrutar de su viaje a Argentina sin preocuparse por su bolsa. Jake también era un gran fanático del baile y quería aprender diferentes bailes argentinos. Una de ellas se llamaba las sevillanas, de las que agustín le hablaba. Finalmente, Jake aprendió que muchas palabras en español significan cosas diferentes en diferentes países debido a la jerga, como club en español argentino que significa disco en otro español."
S22,PFG,SPA 3,19,Female,Hay un estudiante estudiar en el extranjero en Argentina. Él pierde su maleta en Argentina. Él trata que encontrar su maleta. Él siente la cultura de Argentina mientras buscar su maleta. 
S22,PFG,SPA 3,19,Male,"Este libro describe un estudiante viajó de Argentina. Y en su viaje, él conoció mucho persona diferente. Y en al principio, se encontró con la primera persona en el avión y tomaron la maleta del otro. Y en el siguiente capítulo, se puso a buscar su maleta y pasaron muchas cosas. "
S22,PFG,SPA 3,18,Prefer not to say,"Jake es un estudiante de UC Davis que va a estudiar en Argentina. Mientras está en el avión, conoce a un otro estudiante, Agustín, quien ha terminado su estudio al extranjero en los Estados Unidos y está regresando a su hogar en Argentina. Las valijas de los chicos están intercambiadas, y Jake necesita encontrar Agustín y su valija otra vez. Al mismo tiempo, Jake experimenta la cultura de Mendoza, Argentina."
S22,PFG,SPA 3,19,Non-binary / third gender,"El libro ""Quarter Abroad en Argentina"" es sobre un estudiante de UC Davis se llama Jake. Jake viajó a Argentina por un cuarto en el extranjero, de un programa de su universidad. Él se preparó para viajar con sus parientes y su amigo. Cuando Jake llegó en Argentina, él fue recibido por su familia anfitriona, y perdió su maleta. Cuando él buscó su maleta, él encontró un hombre que conoció la persona que tenía la maleta de Jake. Jake hizo amigos nuevos, y ellos fueron a una discoteca. Ellos asistieron a un partido de fútbol también. Jake finalmente encontró su maleta. "
S22,PFG,SPA 3,19,Female,El libro sobre un nino llamado Jake. Se fue al extranjero en Argentina pero cuando llegó al aeropuerto perdió su equipaje y lo confundió con otra persona maleta. Hizo nuevos amigos en Argentina y aprendieron sobre su cultura. llegó a probar diferentes platos argentinos.
S22,PFG,SPA 3,18,Female,"Un estudiante de universidad llamado Jake, va a un viaje de estudios extranjero en Argentina. Mientras está en el plano, conoce a un estudiante llamado Agustin, que también va a UC Davis y los dos hablan mucho. Jake está emocionado por su viaje, sin embargo, cuando va a recoger su maleta,  se lleva la maleta de Agustin. Cuando Jake se da cuento de esto, va a ir un viaje para encontrar su maleta correcta. Jake viajó por la cuidad en Argentina para encontrar a Agustin y hizo algunas amigos en el camino. Primero, Jake fue a un restaurante en una de las fotos de Agustín que estaba en la maleta. Aquí, conoció a un mesero que había sido el novio de Agustin, pero se separaron y no se hablan en muchos años. Sin embargo, le dio la dirección de Agustin a Jake. Sin embargo, cuando llegó a Jake, no encontró a Agustin, sino que encontró a otros pibes. Jake rápidamente se hizo amigos de ellos y el día que se conocieron, fue a una parrillada con ellos y después de la parrillada, fueron a un club. Al día siguiente, todos fueron a un partido de fútbol en el que Jake accidentalmente gritó por el otro equipo. Después del partido, Jake recibió un mensaje del mesero del restaurante, diciendo que encontró a Agustin. Jake volvió al restaurante y finalmente encontró a Agustin y su maleta. Después de hablar un rato, Jake salió del restaurante. Sin embargo, cuando regresó a casa, se dio cuenta de que habían cambiado las maletas otra vez."
S22,PFG,SPA 3,18,Female,"This book talks about a UC Davis student named Jake were interested in a international learning plan to Argentina, so he joined the international study plan. While in the flight to Argentina he get the wrong suitcase with another students named Agustín. After he arrive to Argentina his home stay family we’re very nice and they help him to adapt the new environment. After knowing that he lost his suitcase they also participate and trying to find solution to help him to get the suitcase back. Jake star to finding Agustín in Argentina without knowing any contact information Jake make new friends while went to the old home address of Agustín. Throughout the finding process of Agustín Jake made new friends and having new experience in Argentina, such as he have a great Argentina style barbecue and went to the bar with his new friend during midnight. Also he went to see a soccer race , while doing this Jake also learning Spanish. At the end Jake finally find Agustín though Agustín’s girlfriend and exchange back the suitcase, but after arriving home he realized he had the wrong suitcase again."
S22,PFG,SPA 3,18,Male,"El libro trata sobre la excursión de Jake a Argentina. Jake estudiaba español hace dos años cuando Irene, su compañera española, empezó a vivir con él. A Irene le gusta practicar español con Jake. A veces, Irene habla por skype con su familia, y Jake habla con ellos también. Jake quiere practicar su español en un lugar de habla hispana. Ha mirado sus opciones y le interesó mucho el programa de Study Abroad en Argentina. Unos días después llega el día en que parte para Argentina. Jake estaba muy emocionado. Jake habla con una persona que él conoció en el avión. El se llama Augustin. Luego, cuando Jake busca la maleta, él coge una maleta que piensa es suya. En el apartamento de la familia de Irene, Jake descubre que la maleta no es suya. Es la maleta de Augustin, pero Jake no sabe dónde está Augustin. Jake busca en la maleta, y encuentra una foto de Augustin y un hombre que no sabe. Jake busca al hombre, y descubre que el hombre es un ex novio de Augustin. El hombre no sabe dónde está Augustin, pero invita a Jake a una fiesta con amigos. Jake pasó tiempo con sus nuevos amigos, y comió nuevas comidas. Después de la fiesta, el grupo viajó a un club, pero Jake piensa que es demasiado tarde para otra fiesta.. Un día después, Jake y sus nuevos amigos fueron a un partido de fútbol. Jake no sabe a qué equipo apoyar, y aplausos para el equipo equivocado. "
S22,PFG,SPA 3,19,Female,"En esta historia, Jake va a Argentina a estudiar en el extranjero desde su escuela.  Conoce a muchos amigos y familiares como Tomás, Silvia, Sofía, Nico, Juan, Benjamín y más.  Se queda en Mendoza, Argentina."
S22,PFG,SPA 3,20,Female,"Quarter Abroad en Argentina was about a Uc Davis student who was spending a quarter in Mendoza Argentina. He enrolled himself into an exchange student program it was something he always wanted to do and he got the opportunity to do it so he did. It was Jake's first time out of the country; he had never left the United States before. He arrived in Argentina and he had his lunge with another person who was on his flight his name was Agustín.He had to ask the family he was staying with to borrow some clothes to sleep in and a toothbrush as well.  He met the family who he was going to be staying with in Benjamín and took Jake to go visit Mendoza. He took Jake to buy some clothes from the mall since he was lost. His lunge had everything and all his stuff was gone he was in a different city with no lunge. He also showed Jake places in Mendonza. Jake was very impressed with seeing the city. It was crazy how Jake found the person who had his lunge on accident. The waiter from the restaurant Benjamin took him to get something to eat, knew Agustín the guy who had Jake's lunge. His waiter name was Juan and they exchanged information, Juan and Agustín were dating but broke up. Jake goes on this adventure trying to find Augustín and Jake ends up making Agustín his friend, They all become friends. Jake ends up having a bigger friend group because of Agustín. Jake has been to soccer games, he has tried new foods, been to new places in Mendoza. 
"
S22,PFG,SPA 3,22,Non-binary / third gender,"Este libro es una historia de un estudiante que se llama Jake. En el empezado del libro, Jake ya había estudiado algún español, pero Jake quería aprender más español. Así, Jake quiso viajar a un país que habla español. Decidió viajar a Argentina. En el avión, Jake conoció a Agustin. Agustin mencionó que es un estudiante también. Entonces, Jake llegó al aeropuerto y sin querer tomó la maleta de Agustin. Jake se conoció la familia de Argentina. Primer, se conoció a Antonio y Irene, entonces se conoció a Benjamin y Roberta. Durante la historia Jake trataba a encontrar un camino para contactar con Agustin para obtener su maleta y devolver la maleta de Agustin. Durante el viaje , Jake, Miguel, Esteban, Sofia, y Nico, salieron a algunos luegos. Fueron a un restaurante y un boliche. "
S22,PFG,SPA 3,19,Female,A boy goes on a trip to Argentina and he notices that he switched his suitcase with another person. He's with a family in Argentina and is able to get things to sleep such as a tooth brush and clothes. He meets many people. 
S22,PFG,SPA 3,21,Female,"Jake went on a study abroad trip to Spain and the book explores all of his adventures losing his suitcase, meeting new people, and going to games. "
S22,PFG,SPA 3,19,Female,"Jake goes on a study abroad trip to Argentina, but loses his bag. He is able to find his way back to his suit case, but along the way he finds friends and is able to reunite Augustin with his boyfriend (Juan). "
S22,PFG,SPA 3,21,Male,"Jake is a student at UC Davis who is about to embark on a study abroad type trip to Argentina. A lot happens along the way including him losing his wallet, and making friends with the guy who's wallet it is. In the end however, it ends up being a successful study abroad trip for Jake."
S22,PFG,SPA 3,21,Female,Jake wants to study abroad in Argentina. When he gets there he finds out he took the wrong suitcase at the airport and needs to find Augustín to exchange them. He meets his host family and some new friends while trying to find his suitcase. He goes to a club with his new friends and then a soccer game. Then Augustín finds him on Facebook through the waiter Juan that Jake met and they get their suitcases back. 
S22,PFG,SPA 3,20,Female,"Jake was going to Argentina for a summer abroad program. During his flight, he had an interaction with someone who was also from UC Davis. Unfortunately, he also got his luggage mixed up with Augustin. He soon finds out that his new friend in Argentina, Juan has dated Augustin and helps him find his luggage. Also while Jake spends time with Juan and his friends, he gets acquainted with the Argentinian culture and learns the difference between Argentinian and American culture. "
S22,PFG,SPA 3,20,Female,"Jake and Augustin study abroad in Argentina partially because they want to travel abroad to improve their Spanish. They meet friends such as Nico and Juan. They try new foods like choripan. At one point, they go to a football game and Jake tries to order a beer, but they do not sell beer at these games. He finds out that it is a soccer game, and other countries call it football. He is embarrassed because he accidentally cheers for the wrong time. When Jake and Augustin meet Juan, he shows them around a little bit. "
S22,PFG,SPA 3,21,Male,la historia es sobre un estudiante de uc davis que va a Quarter Abroad en Argentina en el extranjero y pierde su maleta y explora la cultura Argentina.
S22,PFG,SPA 3,21,Female,"This book was about Jake's adventures in Argentina. He is a student from UC Davis who goes to Study abroad in Argentina. On the plane he switches up his suitcase with Augustín, a boy who lives in Argentina. He meets his host family and a group of friends. With his friends he does many activities such as going to the club, doing a potluck style barbecue, and going to a soccer game, all the while trying to figure out where his suitcase is. At the end of the book, he finally connects with Agustín over Facebook and finds his suitcase."
S22,PFG,SPA 3,21,Female,"The story is about a group of people and their interaction with traveling. They have been at the airport, restaurants in Argentina, bowling, and other activities. Nico, Jake, and the others invite each other to different places to meet new people and have fun on their trips in various countries.  "
S22,PFG,SPA 3,20,Female,"Jake viaja a Argentina de Estados Unidos por un trimestre. Jake encontra con Agustín, un estudiante native de Argentina, y ellos son amigos. Jake partir algo cosas de la cultura de Estados Unidos y su passions, y Agustín dice algo cosas de la cultura en Argentina. En Argentina, Jake perdi su maleta y tiene la maleta de Agustín y Agustín tiene la maleta de Jake. Es un problem. Jake pase tiempo con Juan, qui es el ex novio de Agustín. Juan y su amigos jugar con Jake y ayudar Jake. Ellos tomar Jake a un jugar de soccer y una fiesta tambíen. A un restaurante de jugadores, Jake encontra a Agustín y los dos intercambiar sus aventuras y dar sus maleta.  "
S22,PFG,SPA 3,20,Female,"Jake va a Argintina para Abrod estudiar. Cuando Jake es en el avion, él mira el hombre, Agustín. Los hombres hablan juntos y cuando ellos salen el avion, Jake y Augstín mezcalar sus valijas. Cuando Jake es en su casa, él mira que la valija no es su. Despues miraba amigos, Agustin habla con Jake via FaceBook y da la valija de Jake para Jake."
S22,PFG,SPA 3,19,Male,se trataba de un chico llamado jake de uc davis y va a visitar argentina. en su camino hay muchos obstáculos que enfrenta.
S22,PFG,SPA 3,22,Male,"Jake is struggling about whether or not to go to Argentina but he decides to go because he wants to visit Mendoza, where his family is from. On the plane he meets someone from Mendoza who also goes to UC Davis, and they become friends. When they get there, he tries new foods and meets his family members who live there for the first time. On a trip, he gets lost when he gets the wrong address that his friend gave him. At that wrong address, he meets new friends who want to have a barbeque. They tell him to get food for it, but don't realize that he is thinking of an American barbeque. He gets ketchup and hamburgers, but they are planning on making Choripan. However, one girl there is excited to have the ketchup. He goes out with these new friends to a dance club and they have a lot of fun hanging out and dancing, but it is not the type of dancing that Jake knows about. On the taxi ride back he falls asleep because he is very tired. The next day, he goes to a soccer game with his new friends. He stands up and cheers for the wrong team when they score a goal and is very embarrassed, because he is wearing the colors of the team his friends support. Jake tries to buy a beer at the game but he cannot because they do not sell beer at soccer games in Argentina. After the game, he is invited to have a drink by Nico, one of his new friends. He finds out that his friend Augustin has just run into his old boyfriend Juan that he has not seen in over a year. Juan and Augustin have just started dating again."
S22,PFG,SPA 3,18,Female,"Jake fue a un quarter abroad con la escuela. Eso era mucho emocionado pero había mucho errores. En el avión el hacé un amigo que él hablé con. Pero, cuando ellos llegaron en el aeropuerto, Jake no tenía sus maletas. Es una problema grande para su vaccacion, pero él todavía tenía un divertido tiempo. Él le gusta explorar Argentina con sus pibes y su familia es símpactica. Él comí comida buena. En el fín, él tiene sus maletas. "
S22,PFG,SPA 3,20,Female,"En este libro Jake salió California a Argentina para un ""quarter abroad"". Pero, en el avión, un estudiante, se llama Agustín, tomó la maleta de Jake y Jake tomó la maleta de Agustín. Agustín no vive in el mismo lugar de Jake en Argentina, pero Jake conoció el anterior novio de Agustín. Por fin, Augustin y Jake intercambiar sus maletas. Por todo de tiempo Jake estaba en Argentina y no tiene su maleta, él pasaba su tiempo con otros amigos conocío en Argentino. El pasó tiempo ver jugares de football y comío muchos con sus amigos. Su comío comida tipicamente para Argentina que él no comío antes de visitaba Argentina como la choripan. "
S22,PFG,SPA 3,18,Female,"Jake quería participar en la programa de estudiar en Argentina así que él hizo todos para preparar y aplicar, y estuve aceptado. En el avión, concocío Agustin un estudiante de Argentina que estaba estudiando en UC Davis. Despues, Jake realizó que no tuve su propia maleta y las maletas de Agustin y Jake intercambiado. En Argentina, Jake concocío algunas amigas y fui a eventos divertidos con ellos. "
S22,PFG,SPA 3,21,Male,"Jake visitó Argentina en una program de “quarter abroad”. Cuando Jake era allí completó muchas actividades con Juan, Nico, y Agustín. Pero cuando Jake llegó el perdió su maleta y no tenía mucha ropa. Jake fue a un baile, un partido de fútbol, y un restaurante cuando era en Argentina. Jake llegó a el partido tarde pero veía mucho de él partido."
S22,PFG,SPA 3,19,Female,"Este libro es sobre un personaje como se llama Jake. Jake es un estudiante de UC Davis y tenía la oportunidad a estudiar en el extranjero en Argentina. Jake fue a Argentina y se perdió su maleta en el avión. Jake tenía la maleta de Augustin, un otro estudiante de UC Davis. Jake pasó mucho tiempo a buscar a Augustin y durante este tiempo Jake hizo amigos con otros jóvenes en Argentina. Se sacaron en todos los partes de cultura de Argentina, como un club y un partido de fútbol. Durante su viaje en Argentina Jake estaba buscar a Augustin a le dio la maleta. Augustin también tenía la maleta de Jake. Jake conocía el exnovio de Augustin en un restaurante, y obtiene pistas sobre donde vives Augustin. Desde mucho tiempo, Jake recibió un ´friend request´ a Facebook y es el novio de Augustin! Le dice que sabes donde estaba Augustin y su maleta. Jake fue a un restaurante y Augstin y su novio estaban allí. Jake finalmente le dio la maleta de Augstin a el. Pero, cuando Jake se fue el tocar el maleta de Augustin un otra vez. "
S22,PFG,SPA 3,19,Female,"Jake es estudiante de UC Davis y está viajando a Mendoza, Argentina. Durante de su vuelo, él conoció un hombre Augustín. Augustín vive en Argentina, y él y Jake hablan sobre de sus viajes. Después de llegaron en Mendoza, Argentina, ellos salieron el aerpuerto con la equivocada maleta. Jake conoce su famila se Mendoza, y lo toman a su casa. Benjamín y Jake van a de compras para ropa nuevo mientras Jake trataba encontrar Augustín en Facebook. El próximo día, Jake conoce amigos nuevos y ellos tienen un BBQ. Ellos estuvieron fuera toda la noche y el proximo día Jake está muy cansado. Pero, Benjamin y Jake salen otra vez y Jake conoce Juan, el ex-novio de Augustín. Juan le dice dondé Augustín está viviendo para que Jake puede encontrar Augustín. Jake pasa tiempo con sus amigos una vez más antes de encontrando Augustín. Cuando ellos se ven finalmente, las maletas intercambian otra vez!"
S22,PFG,SPA 3,19,Female,El libro trataba de un chico que estudiaba en Argentina. Su maleta se intercambiaba con la de otro chico que estudiaba en California. 
S22,PFG,SPA 3,20,Female,"Jake went to Argentina to study abroad. He met Augustín on the plane and accidently switch suitcases with him. While looking for Augustín, Jake makes new friends. His friends has helped him to know more about Argentina, be more fluent in Spanish, and all around making him feel more comfortable during his study abroad trip. Jake finally finds Augustín, but still manages to switch suitcases once again."
S22,PFG,SPA 3,20,Female,"Jake era un estudiante en UC Davis. Él quería ir a Argentina para aprender más español y más de la cultura allí. Buscó una familia en Argentina que quiso Jake y entonces Jake preparó su maleta. En el avión, Jake estaba sentando con Agustin. Ellos hablaron mucho. Después de llegar en Argentina, Jake vio que no tuvo su maleta. Tuvo la maleta de Agustin. Los dos tuvieron la misma maleta. Por eso, Jake necesitó buscar Agustin. Luego, él buscó el ex-novio de Agustin, Juan, pero no supo donde está Agustin. Cuando Jake estaba buscando para Agustin, hizo nuevos amigos. Por fin, Jake encontró Agustin porque Juan lo añadió en un grupo de mensaje con Agustin. En un restuarante, las dos chicos intercambiaron las maletas pero cuando Jake llegar a la casa, vio que todavía tuvo la maleta de Agustin."
S22,PFG,SPA 3,22,Female,"Sonia se fue de viaje a la isla galápagos con una clase y su profesor para estudiar biología en la zona. Conoce a dos guías llamados Alex y Harry que también quieren estudiar el trabajo de darwin en las islas. Al principio no quiere ir con ellos porque no son guías oficiales pero ella va con ellos porque se separan de la clase. Se pierden en la selva y todos se lastiman varias veces por tocar manzanillo. Al final, Sonia se separa de Alex y Harry. No le queda agua y está deshidratada. Alla se despierta después de ser encontrada por un médico y otros, descubriendo que Harry y Alex murieron














"
S22,PFG,SPA 3,20,Female,"Cuando Jake vivía con Irene por dos años, él siempre practicaba español con ella. Él quería estudiar español en otra lugar con hispanohablantes y descubrió el programa de Study Abroad en Argentina. Él asistió a una presentación sobre la programa y decidió a ir a Argentina. En el avión, él conoció a Agustín y ellos hablaron sobre UC Davis, Estados Unidos y Argentina. Celia y Antonio saludaron a Jake con un gran póster que dijo ¡Bienvenido, Jake! Él llegó a su casa nueva y abrió su maleta. Descubrió la maleta no es suya, es de Agustín. Jake y Benjamin exploraron Mendoza y compraron ropa. Después ellos fueron a un restaurante, Mundo Chori. Jake recordó que este restaurante es en un foto de Agustín. Preguntó a el mozo y descubrió Juan es el novio de Agustín pero su relación terminó. Juan dio la dirección de la casa de Agustín. Jake tomó el autobús y el Metrotranvía para ir a la casa de Agustín. Tomás abrió la puerta y dijo que no conoce Agustín pero invitó a Jake a ir a un boliche. Esa noche Jake fue al boliche con Tomás y sus amigos. Al día siguiente ellos fueron a un partido de fútbol. De repente Jake recibió una solicitud de amistad en Facebook y lo aceptó. Juan creó un grupo con Jake y Agustín. Ellos estuvieron de acuerdo a ir a un restaurante para intercambiar valijas. Ellos finalmente intercambiaron sus valijas. Sin embargo cuando Jake llegué a casa y abrió su maleta, descubrió su maleta es de Agustín. "
S22,PFG,SPA 3,22,Female,"Jake estudiaba en Argentina y conoció amigos nuevos como Agustín y Benjamín. Allí, Jake perdió su maleta, aprendió algunos bailes nuevos y comió comidas nuevas. Un ejemplo de baile nuevo fue las sevillanas y un ejemplo de comida fue la carne que tenía un estilo de Argentina. Jake y su amigo Benjamín fueron a la ciudad de Mendoza. Ellos admiraon la arquitectónica y la cultura allí.

Jake, Tomás, Sofía y Nico fueron al partido de fútbol. Aquí, Jake aprendió que muchas costumbres de Argentina sobre los partidos de fútbol son como esas de Estados Unidos. Por ejemplo, hay son hamburguesas comer en el partido pero las bebidas alcohólicas no están permitidos.

Al final del libro, Jake pudo mantenerse en contacto con los amigos que hizo cuando regresó a los Estados Unidos. Además, finalmente, Jake le devolvió los artículos de Agustín.
"
S22,PFG,SPA 3,20,Female,At the beginning of the book the main character Jake decides to go abroad to Mendoza. He was faced with the challenge of retrieving his bag that was lost at the airport. He had to travel around the city to buy clothes for the few days he was without his luggage. He meets new friends that he ends up doing fun activities with such as trying new food. Jake is found constantly having to correct his Spanish grammar since its spoken slightly different in the location he was in. We read along as he takes different forms of transportation and create strong friendships through dancing.
S22,PFG,SPA 3,19,Female,"Jake is  new to Argentina to practice his Spanish and make it better and he wants to learn more about tango. He applies for a program and gets in. He is going to go to Argentina. He gets all of his stuff to go and eats breakfast. He is asked by Irena to take a lot of photos and talk with whats app. He finally goes on the plane and is nervous. He gets food and learns about choripan. He meets another boy named Augustin on the plane. He went to a café and learned that certain words in Spanish mean different things in different places. He goes to the house that he is going to be staying at. He looks through the suitcase and finds out it belongs to Augustine. He goes around and sees art and people performing dances. He is shown a lot of special places in Argentina and museums. They later go to a restaurant. He meets a man who’s name is Juan. turns out Augustine is his ex-boyfriend. They try to find a way to travel with public transportation. They go to Augustine's house but it turns out it isn't his house. He is then invited to an asad, it's like a potluck.  He goes and there is a lot of food and he has a great conversation. He then gets tired. But instead he goes out. He is invited to a soccer game by Tomas. He goes to the game and learns about it. He has a lot of fun and people go wild. They are really happy with the game and want to go to a bar. He sees Augustine and gets his suitcase back. 
"
S22,PFG,SPA 3,19,Male,"Cuando subió al avión y cambió las maletas con otra persona por accidente. Luego se encontraron después de que Jake hiciera un gran esfuerzo por encontrar a Augustan. Este fue un viaje largo y difícil, pero se encontraron. Luego cambiaron de bolso y tuvieron una conversación. Sin embargo, volvieron a confundir sus maletas, lo cual fue ir. Cuando subió al avión y cambió las maletas con otra persona por accidente. Luego se encontraron después de que Jake hiciera un gran esfuerzo por encontrar a Augustan. Este fue un viaje largo y difícil, pero se encontraron. Luego cambiaron de bolso y tuvieron una conversación. Sin embargo, volvieron a confundir sus maletas, lo cual fue ir. Cuando subió al avión y cambió las maletas con otra persona por accidente. Luego se encontraron después de que Jake hiciera un gran esfuerzo por encontrar a Augustan. Este fue un viaje largo y difícil, pero se encontraron. Luego cambiaron de bolso y tuvieron una conversación. Sin embargo, volvieron a confundir sus maletas, lo cual fue ir. Cuando subió al avión y cambió las maletas con otra persona por accidente. Luego se encontraron después de que Jake hiciera un gran esfuerzo por encontrar a Augustan. Este fue un viaje largo y difícil, pero se encontraron. Luego cambiaron de bolso y tuvieron una conversación. Sin embargo, volvieron a confundir sus maletas, lo cual fue ir. Cuando subió al avión y cambió las maletas con otra persona por accidente. Luego se encontraron después de que Jake hiciera un gran esfuerzo por encontrar a Augustan. Este fue un viaje largo y difícil, pero se encontraron. Luego cambiaron de bolso y tuvieron una conversación. Sin embargo, volvieron a confundir sus maletas, lo cual fue ir. Cuando subió al avión y cambió las maletas con otra persona por accidente. Luego se encontraron después de que Jake hiciera un gran esfuerzo por encontrar a Augustan. Este fue un viaje largo y difícil, pero se encontraron. Luego cambiaron de bolso y tuvieron una conversación. Sin embargo, volvieron a confundir sus maletas, lo cual fue ir. Cuando subió al avión y cambió las maletas con otra persona por accidente. Luego se encontraron después de que Jake hiciera un gran esfuerzo por encontrar a Augustan. Este fue un viaje largo y difícil, pero se encontraron. Luego cambiaron de bolso y tuvieron una conversación. Sin embargo, volvieron a confundir sus maletas, lo cual fue ir.

"
S22,PFG,SPA 3,18,Female,"El libro se trata sobre este chico llamado Jake que decidió estudiar en Argentina. Conoció a alguien llamado Agustín en el avión y Agustín le contó a Jake algunas de las costumbres que hacen en Argentina. Agustín y Jake intercambian maletas por accidente y Jake tiene la misión de encontrar a Agustín para recuperar su maleta. Antes de intentar recuperar sus cosas, explorar por la ciudad con la familia con la que se está quedando. En la maleta, Jake tiene un par de cosas importantes que desea recuperar. Mientras Jake va a buscar a Agustín, conoce a un nuevo amigo llamado Tomás con quien se lleva muy bien. Tomas invita a Jake a un asado y a bailar tango. Jake está de acuerdo, pero cree que es una barbacoa, así que trae salsa de tomate y diferentes tipos de pan. Conoció a algunos nuevos amigos con los que va a los partidos de fútbol y con los que va a bailar. El juego de fútbol para Jake fue muy diferente a los juegos que tiene en casa. Después del partido de fútbol, ​​recibe una solicitud de amistad de un chico llamado Juan. Después de aceptar la solicitud, Juan le dice que Agustín tiene la maleta y acuerdan una hora y un lugar para encontrarse. Se encuentran en un café y hablan un poco y discuten cómo ambos han estado tratando de encontrarse y devolverse sus pertenencias. Después de que se van y regresan a casa, descubren que accidentalmente una vez más han cambiado las maletas."
S22,PFG,SPA 3,19,Female,"En el libro, una niña y los otros estudiantes en su clase vinieron a los Galápagos. Cuando estaban aquí, la chica, un de sus amigos, y el hermano del guía se pidieron en la lava. La chica les dejan los chicos y caminó a la costa. Los chicos trataron de caminar a un lugar diferente, pero no sobrevivieron. "
S22,PFG,SPA 3,19,Female,48 horas dice una storia de una niña llamaba Sonia. Sonia y sus amigos están perdidos en las islas galápagos. Los chicos necesitan navigar las islas y evadir las peligras en las islas. 
S22,PFG,SPA 3,20,Female,"""48 horas"" es sobre una niña que va en un viaje a las Islas Galápagos para aprender biología. Ella está con algunos compañeros de clase y guías. Ella y algunos compañeros de clase deciden a explorar la isla. Me confundí un poco, así que no sé toda la historia, pero creo que algunos de sus compañeros de clase mueren al final. Es una historia triste."
S22,PFG,SPA 3,20,Female,"Es una historía sobre la vacación de Sonia. Sonia fue a las Galapagos. Era una vacaión para ella enseña sobre los Galapagos con su amigo Alex.  Ella tuvo muchos accidentes con Alex y un guida que se llama Harry. Primero ellos fueron para ver las tortugas marinas. Sonia toqué un tortuga marina pero hirió sus ojos. Ellos no tuberon mucho agua, y ella necesitó estar solamente en el hotel. Ellos también tuvieron una aventura a un volcán.  Esta adventura era peligrosa por que hacía calor y había lava. Sonia dejó a sus amigos y se encuentra en estado crítico. "
S22,PFG,SPA 3,22,Male,"Una chica, Sonia,y su clase de biología viajen a las islas Galápagos para estudiar los animales y el ambiente. Las islas Galápagos son en Ecuador y son las islas que estudió Charles Darwin. En 48 horas, Sonia hace cuatro días en el hospital y recuenta de su tiempo en las islas cuando abandonó su clase. Las dos guías informales Alex y Harry no sobrevivieron en la última capitulo cuando ellos fueron separado con la clase y con sonia. Por eso, Sonia se siente culpable al final de la historia. "
S22,PFG,SPA 3,20,Female,Esta historia trata de estudiantes que se van de vacaciones. Se alejan del grupo y empiezan a surgir problemas. Una chica se pierde y casi muere pero alguien le salvó la vida. 
S22,PFG,SPA 3,19,Male,"Este libro era de un viaje de los estudiantes que fueron a la isla de Galápagos. Durante su viaje, una chica se lesiona pero quiere seguir explorando con la clase especialmente para ver a las tortugas. Pero como sus condiciones no estaban tan bien, el profesor la dejó con el guía y el otro amigo en el hotel. Aun así, ellos decidieron a explorar la isla solos y tuvieron que confrontar muchos problemas como la falta de agua, el calor y otras cosas. En fin, dos de afortunadamente dos de ellos acabaron muertos mientras la chica fue la única sobreviviente: ella era la única persona que seguía caminando hacia la costa y luego el detective y el profesor la encontraron ahí."
S22,PFG,SPA 3,19,Female,"Sonia fue a las islas Galapagos para estudiar los animales y la ecología con Dr. Rivera. Ella estuvo estudiando con su amigo Alex. Su guía iba Javier. Javier tenía un hermano menor se llamaba Harry. Harry quería ser un guía como Javier. En las islas Galapagos, el grupo miraron tortugas, lava y muchas árboles. Sonia tocó un árbol de manzanita y se hizo daño a sus ojos. Harry se puse agua en sus ojos de Sonia para ayudar la duele. Sonia, Alex, y Harry salieron el grupo y estaban perdido. Sonia estaba herido tan Alex y Harry le abandonaron para buscar ayuda. Sonia esperó por horas y decidió ellos no regresaron. Encima Sonia se despertó en la hospital y los detectives le preguntaron sobre la viaja."
S22,PFG,SPA 3,18,Non-binary / third gender,"I'll admit, I'd have a real hard time doing this since I had to miss a few of the assignments and don't remember much between each assignment in general."
S22,PFG,SPA 3,22,Female,A school went to an island to look at turtles and lava. 3 friends leave without their class to the island and gets lost. 2 of them died and the main character girl survives. She was stranded for 4 days before she was found and was in critical condition. 
S22,PFG,SPA 3,19,Female,El libro trataba de una niña que se fue de excursión con sus compañeros de clase. No hizo caso a las instrucciones. Se fue a la isla con dos chicos que no eran guías turísticos. Estaba muy deshidratada y cansada por la lava. Se separó de sus amigos y se perdió. Intentó volver con sus compañeros pero no pudo. Despertó en el hospital en estado crítico. Se sentía muy culpable porque los dos chicos con los que estaba murieron. Sus padres y compañeros estaban muy preocupados por él.
S22,PFG,SPA 3,18,Female,"En la historia 48 Horas, los personajes Harry, Alex, y Sonia ir a Isla Galapagos con su profesor. Tienen un guía llamada Javier. En al principio, Sonia se despierta en un hospital. Lo que sucedió Harry, Alex, y Sonia ignoran el guía y salieron por ellos mismos. Pero esto fue un idea mala y era peligroso. Fue mucha lava. Sonia tuvo muchas heridas cuando estaba separada de su amigo. Ella estaba solo y exhaustada. Dormí mucho y también no tuvo agua. El médico dijo que Sonia no podía regresar a los Estados Unidos porque estaba en condición crítica. Álex y Harry no sobrevivieron.
"
S22,PFG,SPA 3,20,Female,"Sonia starts in a hospital wondering how she got there. She is greeted by a detective who informs her that her two friends (Harry and Alex) didn´t make it through. The rest of the chapters take us through how Sonia ended up there. It starts with her class traveling to the Galapagos Islands to study the animals and biological science of the island. There she meets an unofficial tour guide, Javier who later in the book ends up being a main factor in what happens with the entirety of the plot. They stayed at a hotel in Santiago with the entire class during the trip. But Sonia doesn't want to stay at the hotel, so she follows Harry and Alex to go to the volcano with them to try and catch up with the class. Along the way they expressed wants to see the turtles. Additionally, Javier lied and said it would be a quick catch up, but it took them many hours to walk. Sonia makes sure to bring enough water because she thought about the students who didn't bring enough water. When on the walk near the volcano, she was to return, but they continue. Later Sonia is found to be in critical condition at the Abel Gilbert hospital. Her parents also arrive there. Harry and Alex did not make it. Sonia is guilty about surviving while her friends didn't. She is also guilt about how she wanted to go out instead of insisting on staying at the hotel. "
S22,PFG,SPA 3,19,Female,"La taller de series se llama ""48 horas"". La series es sobre un chica que viaja a Ecuador islas con su clase. En los galápagos, la chica y sus amigos van a aventurar. Ellos mira a los animales y naturaleza. Pero su amigo no es un guía oficial y se pierden con condiciones horribles. Ella tienen muchas heridas porque a este. Ellos no tiene cosas importantes como agua. En los capítulos, ella es en el hospital y habla sobre el tiempo cuando ellos se pierden. En la cama de el hospital, recuerda muchas cosas sobre el tiempo y habla a un detective. "
S22,PFG,SPA 3,20,Female,"La historia habla sobre una chica quien viajó con sus cumpañeros de escuela y su profesor a una isla de la Galapagos. Allí ellos miraban a la naturaleza y los animales. Pero, la chica y sus amigos querían mirar mas y fueron solo. Ellos no supieron a dondé ellos estuvieron. Y muchas cosas peligrosas hicieron y ella se levantó en un hospital. La detectiva dijo que sus amigos se murieron y quería que aprender a qué paso. "
S22,PFG,SPA 3,19,Female,El libro era sobre una chica llamada sonia que se despertó en el hospital y no sabía cómo está allí. Ella dice a la policía lo que recuerda y dicen que sus amigos están muertos. Eran estudiantes en un viaje de clase pero las cosas eran peligrosas cuando tres de ellos caminaban solos.
S22,PFG,SPA 3,20,Male,El libro 48 horas trata sobre una niña llamada Sonia que visita las islas Galápagos con su clase. Sonia quiere ver las tortugas pero le duelen los ojos de la savia. Harry tiene la idea de ir a ver las tortugas y va con Sonia y Alex sin la clase. El plan acaba mal y Sonia se deshidrata. Sonia deja a Harry y Alex y queda inconsciente cerca de la lava. Sonia es encontrada por Javier y va al hospital. Harry y Alex no fueron encontrados y murieron.
S22,PFG,SPA 3,21,Male,el libro 48 horas tiene lugar en las Islas Galápagos.  Sonia es una estudiante universitaria que se va de viaje para estudiar las tortugas en las Islas Galápagos.  un accidente hizo que se quedara atrás.  ella debe sobrevivir y emprender su propia aventura. Sonia se lesiona y debe sobrevivir 48 horas. 
S22,PFG,SPA 3,24,Female,"El libro ""48 horas"" es sobre algunos estudiantes que viajan a Las Islas Galapagos. La protagonista es Sonia, y cuando ella llegué en las islas, ella estaba herida. Había savia en sus ojos de los árboles de manzanillas. Ella fue en el hospital, y el doctor le dijo que ella no pudo ir con sus amigos para explorar las islas. Sonia decidió dejar el hospital en contra de la recomendación del doctor. Quería encontrar a sus amigos, entonces fue con sus nuevos amigos Harry y Alex. Harry y Alex no eran guías certificados y no sabían navegar en las islas. El grupo enfrentó muchos peligros, como lava y no agua o comida. Sonia separó de Alex y Harry, y ella se desmayó de deshidración. Ella fue encontrada por Javier, quien la rescató. Desafortunadamente, Alex y Harry no fueron suertes como Sonia, y ellos murieron en las islas. Sonia era muy tristeza porque sus amigos habían muertos, y fue su culpa porque ella quería explorar las islas."
S22,PFG,SPA 3,18,Female,"En ese libro, Sonia, una chica en la escuela, va de viaje con sus amigos. Las cosas siguen pasando y Sonia pierde su agua y comida. Sus amigos mueren tristemente. 


"
S22,PFG,SPA 3,19,Female,"Sonia had to get a good grade in her class in order to spend the summer doing an internship with Dr. Riera. They were exploring in Mexico, on the coast. They were observing nature and the marine life. More specifically, the sea turtles. They went to different islands where they met their tour guides. Harry and was the official tour guide and Harry was his brother. Harry was in training to become a guide. Sonia and Alex were friends and were eager to explore. Harry, Sonia, and Alex ended up getting separated from the class and bad things started happening from there. Sonia ended up getting tree sap in her eyes and had a horrible reaction. She woke up in the hospital and found out that Harry and Alex had died on the island. "
S22,PFG,SPA 3,20,Female,"El libro ""48 horas"" se trata de una niña que se llama Sonía que está estudiando en una isla con un profesor de su universidad y unos compañeros de su clase. Sus amigos mejores en el grupo se llaman Alex y Harry. Un día, Sonía, Alex y Harry iba caminando a otro parte de la isla y se separan del grupo. Los tres amigos pierden el grupo y la guía turistica, y no tienen suficiente agua. Al final, Sonia se despierta en el hospital y el doctor dice que sus amigos murieron. "
S22,PFG,SPA 3,20,Male,"Sonia va en un viaje de clase a las islas Galápagos, y luego en una aventura diferente de su clase.Ella se va con sus amigos a una isla diferente, pero se separan de la clase y se quedan sin comida y agua. Ella siempre se lastima y se queda atrapada en la isla. Siempre se lastima y se queda atrapada en la isla. Después de que los rescatistas la encuentran, descubre que sus dos amigos, Harry y Alex, están desaparecidos y muertos."
S22,PFG,SPA 3,19,Female,"Para empezar, un grupo de amigos, Sonia, Alex y Harry se van de viaje. Perdieron a su guía turístico y fue malo desde allí. Sonia fue deshidratada y enviada al hospital. Alex y harry fueron demasiado lejos en la caminata y murieron. "
S22,PFG,SPA 3,20,Female,"La historia ""48 horas"" trata sobre una niña llamada Sonia. Sonia es una estudiante de ciencias con sus dos mejores amigos, Alex y Harry. Su mentor, el Dr. Reira, los lleva a las Islas Galápagos para estudiar el medio ambiente allí, como Charles Darwin. Cuando llegan a la isla, Sonia y sus amigos se separan del resto del grupo para ir a explorar porque Harry se está entrenando para convertirse en guía turístico. Terminan perdiéndose sin comida ni agua y ella y Alex se lesionan sin ayuda. Sonia se despierta en el hospital y la policía le pregunta dónde están Alex y Harry porque están desaparecidos. Son declarados muertos al final de la historia porque no se pueden encontrar.
"
S22,PFG,SPA 3,20,Female,"El libro trataba de una niña llamada Sophia que viajaba a las Islas Galápagos con sus amigos y compañeros de clase. Está muy emocionada por ver las tortugas que también vio Darwin. Sin embargo, en un momento se emociona demasiado y se adentra en la selva con sus dos amigos. Acaban separándose y sus dos amigas acaban muriendo. Ella se siente culpable por haberlos dejado y ser la única que sobrevivió. "
S22,PFG,SPA 3,20,Female,"El libro que leímos en clase se trataba de una niña de preparatoria que fue a unas islas con su clase a estudiar. La islas se llaman islas Galapagos. Ella se junta mucho con sus amigos Harry y Alex y se separan de la clase en las islas y se pierden. Cuando se pierden, duran mucho tiempo perdidos y les pasan accidentes y desafortunadamento sus amigos Alex y Harry no regresan porque se murieron. Al fin, Sonia regresa con la clase en muy malas condiciones y aprende su lecion."
S22,PFG,SPA 3,20,Female,"En el historia ""48 horas,"" Sonia se despierta por primera vez en el hospital sin tener idea de dónde está o cómo llegó allí. Está preocupada por sus amigos Alex y Harry. La historia alterna entre el pasado y el presente. En el pasado, Sonia, Alex, y Harry se separan de la clase para emprender su propia aventura. Se quedan sin comida y agua y no pueden encontrar el camino de regreso al hotel y a las clase. Sonia se enjoya y se separa de ellos también. Después de 48 horas sola, es encontrada y llevada al hospital. Dr. Riera le dice a Sonia que está bien, pero Alex y Harry están muertos. "
S22,PFG,SPA 3,19,Female,"Sonia es la ella y ella es muy roto porqué ella y su amigos viajar a la isla en La Galapagos. Harry, Javier y Sonia van a la isla y no tiene botella de agua o no comida. Sonia fue solo y no encontrar Harry y Javier. Sonia fue muy triste por qué ella estaba miedo sobre la isla y muerte. 
En la final, Harry y Javier es muertan pero Sonia es en la hospital. Sonia es muy triste sobre su amigos. Ella pensa muy mal idea van a isla sin la clase y Profesor."
S22,PFG,SPA 3,18,Female,"In the book, Sonia and her friends go take a trip to the Galapagos islands to study biology. The teacher of the class was called Dr. Riera. When out on a field trip with her class, Sonia rubs something on her eyes that make her blind and irritated. She is sent back to the hotel because of this and it told she can not go out with her class. Sonia and her some of her friends stay at the hotel to offer company. Her friends convince her to leave the hotel to try to meet up with the class. They decide to go on this trip with an unofficial guide and get lost. Sonia and her friends are thirsty and their organs are failing. Sonia and her friends split up. Sonia eventually gets found but her friends die. "
S22,PFG,SPA 3,21,Female,"Sonia se despertó en un hospital y no recuerda nada. Ella y sus amigos viajaron a las islas y explotaron sin un adulto. Pero, se pierden sin agua. Ella se separa y casi se muere. Sus amigos murieron sin embargo. Se sintió culpable al final."
S22,PFG,SPA 3,18,Male,"el plan del libro fue que estos chicos salieron a caminar. terminaron siendo heridos y perdidos. así que esta chica estuvo en el hospital un par de días contando la historia de lo que pasó. Se fueron solos y se suponía que iban con alguien. cuando se fueron vieron a una casa de un tipo, luego se perdieron después de eso y corrieron agua y se deshidrataron."
S22,PFG,SPA 3,19,Female,"La historia sigue una chica que se llamaba Sonia. Sonia fui con su clase a las islas Galapagos. Durante el primero viaje y caminata, los ojos de Sonia duelen porque tocó una sustancia extraña de un árbol. Entonces, Sonia regresó al hotel con sus amigos, Alex y Harry. Cuando ella se sintió mejor, Alex y Harry querían quedar con el resto de la clase. Ellos trataron de buscar sus compañeros, pero se perdieron. Ellos discutieron y se separaron. Pasó 48 sin agua y comida, y Sonia tenía órganos fallados. Al final, el profesor de Sonia, Dr. Riera y el guía de tour, Javier, encontraron a Sonia. En el hospital, Sonia descubro que Alex y Harry estuvieron muertos."
S22,PFG,SPA 3,19,Female,"En 48 horas, la protagonista se llama Sonia. Ella y sus compañeros de clase fueron un viaje a la Isla Galápagos, donde Charles Darwin hacía sus estudios de la evolución y la naturaleza. Estaba amigos mejores con dos muchachos que afirmarían ellos fue expertos sobre las islas por ahí.  En la isla, los carácteres ven muchos paisajes hermosos y animales marinos, como tortugas. Un día cuando ellos fue en la isla, ellos decidieron a explorar las islas a solos, sin el permiso de sus autoridades como su profesora.  "
S22,PFG,SPA 3,19,Male,"En este libro, un grupo de muchachos y muchachas vianjaron en una isla para estudiar la biología de esta isla y jugar sobre la isla. Hay mucho de animales desconocidos en esta isla como tortuga marina, pájaros, y mucho de animales raros. Orginalemente quieron estudiar aquí de la conocimientos de biología y animales en esta isla. Pero una día, uno de los muchachos decidió de viajar a otro isla que es peligrosa y hay sufficiente de animales sin communicar con su profesora y sus padres. Ellos llegaban Aqua, tienda de campaña, comidas, botellas, sombreros, y cameras fotografías con ellos. En la otro isla, ellos llegaron y al principio tenían mucho de fotos. Fueron bien quando llegaron a la isla en la primera tres días. Pero de repente, estos estudiantes se perdieron y no tenían Aqua y comidas. Habían que surpevivr con cosas que se quedaron con ellos. La protagonista de esta libro, una muchísima, estaba también perdió en esta isla y no había más de comidas y aqua. La protagonista hice mucho de cosas para coleccionar aqua y preservar su salud. Había pasado tres días en la playa y se desmayó. Una otra día quando ella fue lúcido, se ubicó en una hospital y su pierna estaba rota y no podía revolver en Estados Unidos. Habalaba sus historias con sus padres y el detective. La historia terminó en esta clase."
W23,IFG,SPA 3,20,Female,"Jake va a un programa de estudios en el extranjero en Argentina. Ha estado mejorando sus habilidades de habla hispana con Irene. En el vuelo, conoce a Agustín, quien también va a un programa de estudios en el extranjero y va a UC Davis. Cuando llegan a Argentina, Jake consigue su maleta y conoce a la familia con la que se quedará. Jake conoce a Benjamin y Roberta, y a los gemelos, Antonio y Celia. Jake se da cuenta de que su maleta es en realidad de Agustín. Jake llama a la aerolínea después del desayuno para ver si puede encontrar a Agustín. La aerolínea no puede dar la información de Augustin. Jake y Benjamin fueron a la plaza a comprar ropa nueva para Jake. Van a un restaurante a comer. Jake puede beber cerveza en Argentina porque en Argentina se puede beber a la edad de 18 años. Después, Benjamin le dice a Jake que tendría que tomar el autobús.Finalmente fue capaz de encontrar su camino a la ubicación establecida en Google Maps. Jake llega a la casa de Thomas a las nueve de la noche. Jake conoce a los amigos de Tomás: Manuel, Estabna, Sofia, Silvia, Nico, y otros. Tomas invita a Jake a ver un partido de fútbol con él. Se reúnen en el estadio Feliciano Gambarte. Jake ve que ha recibido una invitación para unirse a un grupo de Facebook con Juan y Augustín. Augustín y Jake se reunieron en un restaurante para cambiar su equipaje."
W23,IFG,SPA 3,18,Female,"Tomas es un estudiante en los Estados Unidos que quiere estudiar a Argentina para saber mas de espanol, la cultura, y las bailes. Durante su viaje, el le intercambio a su maleta con alguien que llama Agustin. Tomas encontro a un foto en la maleta de Agustin y un hombre. Tomas continua a disfrutar a su viaje, pero el le encuentra a la otra persona en la foto con Agustin en un restaurante, y estaba su novio pasado. El le da las direcciones para ir a su casa y intercambian a sus maletas. Tomas llego a la casa, pero no habia Agustin, habia una otra persona que invito a el a una asada y un partido de futbol. Despues de el partido, Tomas recibo a un pedido en facebook de Agustin. Los dos reunirse para intercambiar a sus maletas, y Tomas le aprendio que Agustin es un estudiante de UC Davis haciendo ""study abroad"" tambien. Tomas esta feliz porque ahora el tiene su mantequilla de cacahuete que empaco. Cuando Tomas llego a su casa, el empezo a reir porque intercambio a su maleta con Agustin otra vez y el tiene sus cosas. "
W23,IFG,SPA 3,25,Male,"Guy is living with his Argentinian girlfriend/Partner/Paramore/Friend (I wasn’t super clear on this) and really likes speaking with her and her family in Spanish. He likes it so much, he decides to go visit them in their home country. On the flight he feels anxious but his spirits are bolstered by some friendly flight attendants and a new buddy he makes on the plane. They chat about the differences between American (as in USA) food and food from Latin America. I think the guy forgot his bag or something, but if that’s the case he either resolves the problem or this side plot is quickly dropped. Once the plane lands, our scrappy and as of yet unnamed protagonist is greeted warmly by his host family, and maybe they have a sign for him that says “welcome” or something I don’t really remember. Honestly that’s about as far as I got reading wise, but I can only imagine that many hilarious, heartwarming, and culturally enriching hijinks ensued for our hero. Maybe he returned home with a new perspective, or maybe he realized that the true home is really just visiting new places and working on your language skills."
W23,IFG,SPA 3,20,Female,"En Capítulo 8, Jake está sigue en el juego con el nuevo amigos. Había mucha emoción en el estadio mientras terminaba el partido. Los nuevos amigos lo invitaron a un bar local donde van algunos jugadores, pero tenía que irse a casa para facetime con su familia. Mientras estaba en el autobús, recibe una notificación de Facebook de Juan y Agustin. Agustin dijo que trat de encontrar a Jake a traves de UC Davis, pero no ayudaron. Agustin pidió encontrarse al día siguiente en un restaurante para intercambiar maletas. Al día siguiente, Jake se encontró con Agustín y Jake en el restaurante. Jake se enteró que Juan y Agustín estaban juntos de nuevo. Cuando Jake intercambió maletas, abrió su maleta y abrazó su mantequilla de maní. Jake estaba feliz de verlo de nuevo. Cuando Jake llegó a casa, se dio cuenta de que tenía la maleta de Agustin nuevamente. Jake estaba en su cama sin parar de reír. 
"
W23,IFG,SPA 3,26,Male,"Jake, un estudiante de la Universidad de California Davis, decidió estudiar en Argentina. Al salir del aeropuerto, descubrió que se había equivocado de equipaje.En su búsqueda de Agustín, que se sentó a su lado en el avión, asistió a la misma universidad y era la persona probable que tiene su equipaje, se hizo amigo de otras personas y pasó tiempo con ellas. Con sus nuevos amigos, comió en una barbacoa argentina, asistió a un partido de fútbol y bailó en una discoteca, pasándoselo en grande. Al final, Jake encontró a Agustín y le devolvieron su equipaje. Lo que más le gustó fue la mantequilla de cacahuete que había dentro."
W23,IFG,SPA 3,21,Female,"Jake quería estudiar en el extranjero en Argentina para mejorar su español y aprender a bailar tango. En el avión, Jake conoció a Agustín, quien era un estudiante de intercambio en UC Davis. La familia argentina de Jake lo recogió en el aeropuerto. Cuando abrió su maleta, no vio sus cosas, así que supo que su maleta había cambiado con Agustín. Después, llamó a la aerolínea y buscó a Agustín Pérez en Facebook e Instagram, pero no pudo encontrar ninguna información. Al día siguiente, Benjamín lo llevó a comprar ropa y en su paseo en carro por la ciudad, le mostró los lugares más especiales en Mendoza. Benjamín y Jake fueron a almorzar al restaurante Muncho Dori y Jake reconoció al camarero en la foto de Agustín. El camarero, Juan, era el exnovio de Agustín y le dio a Jake la dirección de la casa de Agustín. Esa tarde, Jake tomó el Metrotranvía a la dirección que le escribió Juan. Cuando tocó el timbre, otro pibe abrió la puerta y no conocía a Agustín Pérez. Entonces, él invitó a Jake a un asado a la canasta y al boliche y Jake aceptó. Jake y sus nuevos amigos se quedaron en el boliche hasta las cinco de la madrugada. A la mañana siguiente, Jake fue a ver un partido de fútbol con ellos. Mientras estaba en el autobús, Juan creó un grupo en Facebook con Jake y Agustín y se reunieron al día siguiente para intercambiar la maleta. Jake se fue a casa y en ese momento, descubrió que otra vez se habían equivocado de maletas."
W23,IFG,SPA 3,19,Female,"El cuento es sobre Jake.  Jake quiere viajar a Argentina por un  Study Abroad programs. Jake tiene una familia en Argentina por el programa y el quiere mejorar su español con la familia. Entonces, Jake está  viajando a Argentina. En el aeropuerto, tuve que subir al avión ahora. Jake 's asiento está en medio de dos asientos, pero él se convierte en amigo, Agustin. Aprende Agustin es un estudiante de UC Davis y hablan sobre medicina y andinismo. Jake aterriza en Argentina y la familia se encuentra por primera vez. La familia saluda a Jake y conducir a la casa. Jake abrió su maleta y nada de él cosas está en. En dentro está una libreta gris de UC Davis y en la página está el nombre Augustin.  Jake y Benjamin van a la ciudad en el carro a comprar ropa para Jake. Mientras Jake comió él reconoce al mozo en una fotografía el encuentra en Augustins maleta. Jake preguntas Juan que conoce a Augustin porque él está en la fotografía con él. Juan es exnovio de Augustin, entonces Juan hecho un chat del grupo por cambiar las maletas.
"
W23,IFG,SPA 3,18,Female,"En el Quarter abroad en Argentina, Jake viaja a Mendoza, Argentina en un programa de Study Abroad para mejorar su español. En el avión a Argentina conoce a Agustín, quien terminó un programa de intercambio en Davis. Cuando llega a la casa de su familia argentina, se da cuenta de que trajo la maleta de Agustín. Jake intenta encontrar a Agustín en Facebook para encontrar su maleta, pero no puede. La familia argentina de Jake lleva a Jake por lugares de Mendoza. Su familia lleva a Jake a un famoso restaurante donde conoce a Juan, un camarero que conocía a Agustín. Cuando Jake llega a la dirección, Tomás abre la puerta. Dice que no conoce a Agustín y que Agustín no vive aquí. 
Jake sale con Tomás y sus amigos, experimenta la vida nocturna de Mendoza y asiste a un partido de fútbol. Durante el partido de fútbol, ​​Juan agrega a Jake y Agustín a un chat de Facebook. Jake, Agustín y Juan se encuentran en un restaurante y se reencuentran. Cuando Jake llega a casa, se da cuenta de que trajo la maleta de Agustín otra vez. 
"
W23,IFG,SPA 3,19,Male,"Jake es un estudiante de UC Davis y estudia español allí. Un día aprendió sobre un programa 
para estudiar en el extranjero. Cuando Jake vio el anuncio de Argentina, con un imagen del 
tango, estuvo emocionado; quiso aprender el baile. Su compañera de cuarto, se llama Gloria, 
es de España y habla el idioma bien. Ella le dio ayuda con los papeles (españoles) para el 
programa. Jake salió Davis en avión. En el viaje encontró un hombre se llama Agustín quien 
fue un estudiante intercambio en Davis. Es de Argentina y estaba llegando en el avión. Enseñó 
a Jake sobre el chorizo y mate, una bebida popular del país. Cuando llegó el avión, Jake tomó una maleta y fue a encontrar a su familia temporaria. Ellos fueron simpáticos y mostraron a Jake su cuarto. Él estaba contenta, pero realizó que la maleta creyera que era suyo, 
actualmente era de Agustín. La familia le dio ayuda para encontrar a Agustín y la maleta de 
Jake. Al día siguiente Jake y Benjamín (el hijo de la familia) fueron a la ciudad para comprar 
ropa (porque la ropa de Jake estaba en su maleta). Jake tenía hambre, entonces fueron al 
restaurante lo dice Mundo Chorri. Allí Jake bebió su primera cerveza legal. Tenía la maleta y de 
esta tomó una foto. Realizó que la foto era del restaurante Mundo Chorri. Contenía Agustín y el 
mozo que estaba allí, en ese momento. El mozo estaba confuso, pero Jake explicó que la 
maleta era de Agustín y esa foto también era de Agustín. El camarero se llamó Juan y explicó 
que era el ex novio de Agustín. Los dos nunca hablaban y Juan no tenía su número de 
teléfono, pero le dio Jake los direcciones de Agustín. Jake viajó en autobús y en tren al 
dirección, pero Agustín no vivía allí. Jake explica su situación al hombre joven que vivía allí, se 
llama Tomás. Este amigo nuevo no pudo ayudar con la maleta, pero le invitó a pasar tiempo 
con él y sus amigos. Jake está emocionado. Esa tarde comió con ellos y entonces los fueron a 
una discoteca. Fue muy, muy tarde (actualmente temprano en la mañana) cuando salieron. En 
la mañana, Jake despertó a un mensaje de Tomás. Él le invitó a un partido de fútbol. Fue al 
estadio y encontró a sus amigos allí. Estuvo confuso de los equipos y sus colores y gritó para el equipo incorrecto. Entonces Jake recibió una solicitud de amistad en Facebook. Fue de Juan. 
Aceptó la solicitud y recibió mensajes de los dos: Juan y Agustín. Los tres decidieron 
encontrarse en el restaurante Mundo Chorri para hacer un intercambio de maletas. Todos 
estuvieron felices. Los ex novios estuvieron juntos otra vez, y Jake estuvo juntos con su 
mantequilla de cacahuete otra vez. Cuando devolvió Jake a casa realizó que no tenía la maleta correcta, pero estuvo bien porque sabía adonde ir."
W23,IFG,SPA 3,18,Male,"Taller de Lectura 8, whole book summary.
	La historia empezó con Jake preparando ir a Argentina. Su amiga, Irene, le ayudó en el proceso con papeleo y consejos. Cuando el día llegó que Jake tenía que irse, en el avión le conocía a un pibe y se llamaba Agustín. Era un pibe de Argentina, y a lo largo del vuelo habló con Jake sobre las costumbres de su país. Finalmente, llegaron a Argentina, ellos accidentalmente tomaron el bolso del otro. Para buscar a Agustín, Jake le dijo a su nueva familia sobre el problema, y ellos le ayudaron durante todo. Un día después, Benjamín lo llevó a Jake para cenar y ahí Jake le conoció un mesero, Juan. Juan había conocido a Agustín, porque estaban juntos antes. Juan dio la dirección de Agustín a Jake, pero luego, cuando llegó Jake a la casa, ¡no era Agustín! Era un niño llamado Tomás. Sin embargo, ellos Inmediatamente se hicieron amigos, y Tomás invitó a Jake salir para un rato, donde bailaron en un club. Jake estaba feliz durante los días siguientes. Con sus amigos nuevos, miraron un partido de fútbol, y él mismo se avergonzó cuando gritó por el otro equipo. En el capítulo final, Jake se reunió con Juan y Agustín, donde ellos dieron sus maletas al otro. El problema les parecía estar resuelto… Pero los cambiaron por error de nuevo!
"
W23,IFG,SPA 3,28,Male,"Finita llega a Puerto Rico para visitar a su familia durante las vacaciones de Navidad, planeando un reencuentro con su país de origen. Este es su primer viaje a Puerto Rico, pero le encanta la isla y se especializó en Estudios Puertorriqueños en la universidad. Cuando María estuvo en Puerto Rico, descubrió que Puerto Rico no la recibía con los brazos abiertos. La mayoría de los puertorriqueños en la isla la confunden con una gringa estadounidense y María ve esto como una traición. ¡Finita es de Cuba! Ella y su familia han lidiado con suficiente viniendo de Cuba mientras Castro estaba en el poder. Finita está hablando por teléfono con sus amigos y les cuenta cuánto extraña estar en casa con su familia, también extraña a su perro. Toma una foto de la cocina, recuerda estar con su amado, salta y decide tomar un taxi, y de repente decide sorprender a Finita con un amigo imaginario y un auto para hacerle compañía. Pasa el tiempo y Finita regresa a casa para visitar a su familia."
W23,IFG,SPA 3,21,Male,It’s about a guy who studies abroad and experiences a number of shenanigans because of his proficiency in Spanish 
W23,IFG,SPA 3,19,Prefer not to say,"En este libro, Jake quiere ir a Argentina por una oportunidad de estudiar en el extranjero. Cuando Jake sube al avión, él conoce una persona le dice Agustín. Jake y Agustín se hacen amigos. Cuando Jake agarra su maleta, se equivoca de maleta. Jake llega a su nueva casa y abrió su maleta y vio artículos de otra persona. Jake abrió la libreta y leyó el nombre “Agustín Perez.” Jake recordó a Agustín Perez en el avión. Cuando Jake exploró la ciudad de Mendoza, él reconoció a un camarero de la foto en la maleta de Agustín. El camarero se llama Juan. Juan dio la dirección de Agustín casa a Jake. Cuando Jake llegó a la dirección, una persona nueva abre la puerta. Era la dirección equivocada. Jake hace nuevos amigos, pero no puede encontrar a Agustín. Eventualmente, Juan hace un chat grupal con Jake y Agustín y finalmente pueden intercambiar maletas.
"
W23,IFG,SPA 3,20,Male,"Este libro era sobre un estudiante de UC Davis. Se va a Mendoza en Argentina para estudiar en el extranjero. Cuando llega allí su maleta se cambia con otro estudiante. En su viaje para encontrarlo, se encuentra con un montón de amigos. Le muestran sobre la cultura en este país y lo invitan a cenar. Él puede probar muchos alimentos. Sus nuevos amigos conocen a una chica llamada Agustín que tiene su maleta. Se reúnen para el almuerzo y Jake obtiene su caso de éxito. Hizo muchos nuevos amigos. Sus amigos lo llevaron al club. Se enteró de que se quedan despiertos muy tarde. Sus amigos también lo invitaron a una barbacoa donde se enteró de que no comen ketchup y perros calientes. Le mostraron a Jake las carnes y alimentos que comen en Mendoza. También llevaron a Jake a un partido de fútbol. Apoyó al equipo equivocado. Fue gracioso y sus amigos se rieron. Hubo muchas aventuras que Jake continuó. Hizo muchos amigos para su barrio en el extranjero. Todo porque perdió su maleta.
"
W23,IFG,SPA 3,21,Female,"Un hombre decidió a Study Abroad en Argentina. Él reunía con su familia, conocía nueva personas, tomaba alcohol de primera vez, y aprendía nueva cosas de Argentina."
W23,IFG,SPA 3,18,Female,"Un hombre se llamó Jake queria viajar a Argentina para practicar su esapnol y aprender mas sobre la cultura argentina. Jake le gustó bailar mucho tambien. Una amiga de Jake le ayudo encontrar una familia argentina que Jake podría vivir con durante su tiempo en Argentina. Jake viajó a Argentina y durante su viajo, conocío un hombre, Agustin. Después de llegar a la casa de su familia argentina, Jake notó que no tuvo su maleta con todas de sus cosas. Jake paso mucho tiempo durante la historia buscando para su maleta perdida. Jake conoce mucha gente que le gustó a Jake, y uno de la gente, Juan, le ayuda a Jake encontrar su maleta perdida. Agustin tuvo la maleta perdida de Jake porque Jake tuvo la maleta de Agustin, y eventualmente, Agustin y Jake se encontraron en Facebook y podieron recibir sus cosas que pensaban que estaban perdidas. Jake tuvo una experiencia buena en Argentina porque aprendió mucho vocabulario durante su tiempo allí. "
W23,IFG,SPA 3,19,Female,"En el libro, Jake va a Argentina por un programa de estudiante de intercambio. En el avion, Jake conocio a un chico que se llamaba Agustin. Cuando Jake llego a Argentina el se dio cuento que la maleta que tenía no era de el, la maleta era de Agustin. Durante el libro, Jake intenta a encontrar Agustin para recibir la correcta maleta. Jake fue a un restaruante para hablar con alguien que sabía Agustin. El chico fue el ex de el y el le dio el dirección a su casa. Cuando Jake llego a la casa Agustin no estaba alli. Durante todo, Jake hizo nuevos amigos, bailo, y tambien fue a juego de futbol. Al fin con el ayudo de Juan, el ex de Agustin, él recibió su maleta. Jake estaba muy feliz porque había un bote de mantequilla de cacahuate. "
W23,IFG,SPA 3,21,Female,"Jake quería ser un estudiante de intercambio para practicar su español y ver un nuevo país. Jake tomó la maleta equivocada cuando llegó a Argentina después de conoció Agustín en el avión. En los días siguientes, Jake conoce algunas más personas de Argentina, incluyendo su familia de intercambio, y busca para Agustín. Jake va a un asado, una bolera, un partido de fútbol, y finalmente, la casa de Agustín. Fue un historia muy complicada para Jake porque solo necesitó encontrar su maleta, pero tuvo muchas aventuras en el proceso."
W23,IFG,SPA 3,20,Male,"En la historia aprendí sobre la vida de Jake y las diferencias culturales en su vida.  Cuando Jake se mudó a estudiar el tiene algunos problemas.  Primero Jake tuvo problemas con Agustín pero conoció nuevos amigos cuando buscaba por él.  Sus nuevos amigos tenían muchas diferencias culturales que Jake no sabía.  Por ejemplo, salir muy tarde en la noche era algo nuevo para Jake.  También tiene muchas diferencias en la comida y la barbacoa cuando los grupos comen con ellos.  Jake también aprendió sobre el deporte del fútbol cuando iba el partido con sus amigos. Al final de la historia, el amigo de Jake, Juan, formó un grupo con Jake y Agustín en Facebook.  Agustín y Jake tuvieron problemas con sus maletas porque Agustín tenía algo de la ropa de Jake. Pero en el final nos entendemos, Agustin y Juan son novios. Lo cual fue irónico cuando confundieron las maletas.
"
W23,IFG,SPA 3,20,Female,"Jake was visiting Mendoza for a summer abroad. He met a boy on the plane who went to UC Davis and they started talking. Once he arrived, Hake realized that his luggage was missing. He went to the place he was staying at and returned to the airport a few days later. Unfortunately, his luggage still wasn’t there, but he met a boy named Tomás. Tomás invited Jake to a barbecue with his friends and Jake had a great time. He also got to see the city at night. At the end of his stay, Jake was invited to a soccer game. He decided to go and watch even though he doesn’t like playing soccer."
W23,IFG,SPA 3,21,Male,"Jake había practicado español con su amiga y quería aprender más de la lengua y la cultura de un país. Jake fue a Argentina por un programa que estudiar en otro país. Jake vivía con la familia Mendoza en Argentina. Cuando llegó a la case de la familia, Jake dió cuenta que tuvo una maleta de otra persona. Jake buscó por su maleta y se encontró en la comunidad. Ellos pasaban más tiempo con ustedes. Fueron a una barra y vieron a partido de fútbol. Jake buscó la persona que tuvo su maleta y fue a un restaurante que encontrarse. Cuando ellos dieron su maleta propia, ellos dieron la maleta equivocada otra vez."
W23,IFG,SPA 3,19,Female,"A jake vio a Argentina con la familia Mendoza. En el avión, cuando Jake estaba de viaje, hablé con un chico llamado Augustín. Augustín enseñó a Jake sobre la palabra “bombilla” y sobre un bebida para Argentina. Pero, Jake y Augustín se llevaron las maletas unos a otros. Un miembro de la familia Mendoza es Benjamín, cuando Jake y Benjamín fueron a la ciudad de Mendoza—vieron de un restaurante. En este restaurante, ellos habló con un hombre que conoce a Augustín. Y este hombre ayudando a Jake sobre su buscar. Jake hecho amigos. Y él vio a un asado. Con su nuevos amigos, Jake vio a un partido de fútbol engañó mucho para el equipo de fútbol. Después de el equipo de fútbol, Tomás invitado a Jake a un grupo de Facebook. Eventualmente, encontró a Augustín en el Facebook grupo y recuperó su maleta. Por fin, Jake tiene nuevos amigos y su maleta. "
W23,IFG,SPA 3,19,Female,"Jake is going to Argentina to study abroad, after he recognizes how his friend is able to speak fluently and how he wants to speak with his family more in Spanish. On the plane, he meets Agustín, who he accidentally switches suitcases with. Jake has a host family who is very kind, and he enjoys having ""host siblings."" They take him on adventures like an Agentinian barbeque with his ""host brother"" Benjamin and his friends, exploring downtown and eating at a local restaurant, going to a soccer game (which was only mildly embarassing when he accidentally ""GRITAR"" for the wrong team. During their adventures downtown, Jake meets Agustín's ex boyfriend, who is able to arrange a meeting with Agustín and Jake in oder to get their suitcases back. But, when Jake returns from the meeting, he finds that they still seem to have switched the wrong suitcases. But, Jake thinks of this as funny instead of being frusterated. "
W23,IFG,SPA 3,21,Female,"En el libro, Jake se va a Argentina a estudiar en el extranjero. Está muy emocionado de aprender más español. En el avión, conoce a un hombre llamado Augustin y comienzan a hablar. Una vez que llega a Argentina se da cuenta de que tiene el maleta equivocado. Intenta encontrar a Agustín. Mientras lo busca, conoce gente nueva y sale con ellos. Al final, encuentra a Augustin y se encuentran para intercambiar sus maletas.
"
W23,IFG,SPA 3,18,Male,Jake fue un estudiante de UC Davis y participó en el programa Quarter Abroad en Argentina. En el avión Jake se sentó junto a Agustin. Durante el vuelo Jake y Agustin hablaron. Después el vuelvo Jake y Agustin accidentalmente tocas sus maletas. Jake se reunió con su familia de Argentina. Jake busco por Agustin y fue a un restaurante donde Jake se reunió Juan de ex-novio de Agustin. Juan da a Jake direccion de Agustin pero cuando Jake fue a dirección Agustin no vive en la casa ahora y un persona se llamaba Tomas vive en la casa. Tomas invitó a Jake a una fiesta y Jake se reunió con muchas personas e hizo nuevos amigos. Jake y sus nuevos amigos fueron un juego de fútbol. Jake recibe un texto de Juan de Facebook diciendo a Jake ir al restaurante se reino Agustin e intercambio sus maletas. Jake éxito el estadio y fue al restaurante. Finalmente después de muchos días Jake se reunió con Agustin. Intercambiaron sus maletas pero cuando Jake vuelve a su casa Jake entendió que tenía la maleta de Agustin y rei.
W23,IFG,SPA 3,19,Female,"En el libro ""Quarter Abroad en Argentina"", el protagonista Jake fue a Argentina para estudiar. El cuento es sobre sus experiencias en Argentina, específicamente sobre su aventura a encontrar su maleta- al aeropuerto Jake, por acidente, tomó la maleta de Agustín, un hombre se conocí en el vuelo. Durante su tiempo en Argentina, vivía con una familia que le ayuda con encontrar su maleta y también le ayuda asimilar en el país nuevo de Jake. Cuando Jake buscaba por su maleta, conocí un hombre y sus amigos. Fuimos a un lugar de baile y un partido de fútbol en el cuento. Finalmente, Jake encontró a Agustín y pudieron cambiar las maletas... pues, creyendo que cambiar las maletas, pero en actualidad ellos tomaron el equipaje de otro, ¡de nuevo! "
W23,IFG,SPA 3,21,Female,"Al principio, Jake quería aprender español en un país diferente, y por eso Jake decidió aplicar para un programa para estudiar en Mendoza, Argentina. Su amiga Irene le ayudaba a prepararse y lo llevó al aeropuerto. Después él suive al avión, llega a conocer a Agustin, un estudiante de intercambio. Cuando el avión se aterriza Jake ve a Celia y Antonio, su familia de ""Study Abroad"", con un gran póster que dice ""Bienvenidos Jake"". Después de llegar a la casa, Jake conoce más miembros de la familia en Argentina- Benjamin y Roberta, que son los hijos gemelos de Antonio y Celia. Luego, Jake fue a su cuarto para dormir porque el vuelo fue muy largo y él estaba cansado. Pero, cuando él abrió su maleta se dio cuenta de que es la maleta de otra persona- Agustín. Ya que Jake no tenía su maleta, Jake y Benjamin fueron a comprar ropa. Después, Jake tiene hambre, y por eso Benjamin y Jake van a un restaurante que se llama Mundo Chori. Allí, se descubrió que el mozo era Juan y fue el ex-novio de Agustín. Juan sabia donde era la casa de Agustin y le dio a Jake las direcciones. Jake fue a buscar la casa de Agustin, y Benjamin daba a Jake su tarjeta para pagar y sube el microbús. Cuando Jake llegó, él caminó a la casa de Agustín, pero el pibe que abrió la puerta no era Agustín- su nombre era Tomas. Tomas no conocía a Agustin, pero él invitaba a Jake al boliche. Allí, hizo muchos amigos y salió con ellos varias veces- una vez Jake fue a ver un partido de fútbol con ellos. Por fin, recibió un mensaje de Juan y Agustin en Facebook, y luego se reunió con ellos para recuperar su equipaje. Sin embargo, cuando Jake llegó a la casa se dio cuenta que cambió las maletas de nuevo por accidente. "
W23,IFG,SPA 3,19,Female,"Jake un estudiante de UC Davis estudia en Argentina. Jake sale su famila y sus amigos y toma un vuelo a Argentina. En el vuelo Jake habla a Agustín. Agustín es de Argentina y estudia en California para un año. Despúes el vuelo, Jake busca la familia que vivir con para el año. ¡La familia y Jake van a la casa y Jake realiza que la maleta es Agustín! Jake viaje en Argentina buscar Agustín y su maleta. En el viaje Jake hace mucho amigos, compra ropa nueva, va las fiestas, y come mucho comida. A el fin de la cuenta, Jake recieba un mensaje en Facebook de Agustín. Ellos comen cena a la resturante del ex novio de Agustín. Jake recieba su maleta, su mantaquilla de cacahuetes y Agustín y Ben hablan y deciden que ellos son medias naranjas."
W23,IFG,SPA 3,19,Male,"La cuenta de Jake es sobre su aventura en otro país. Èl estaba confundido muchas veces durante su exploraciòn en un país en Venezuela. Conocí a muchos amigos nuevos como Tomas y Esteban; venían a lugares diferentes, por ejemplo una vez podían ir al partido de fútbol. Otra vez querían ir a una cena con todos las personas que son de amistad. Una vez, Jake se olvidó su mochila en un aeropuerto! Que lástima. Infortunadamente para Jake, su mochila fue sacada de Agustín Perez, un hombre que está viviendo en Venezuela. Lentamente, Jake empezó a cambiar como una persona a causa de sus experiencias en el otro país. Compró ropas nuevas cuando sabía que sus ropas viejas estaban perdidas. Una otra vez, Jake  iba a una casa que pensaba de Augustin Perez, pero cuando llegó a la casa, fue a otra persona con el nombre Tomas que estaba viviendo allí. Hace mucho tiempo que estaba viviendo allí, e invité a Jake a una fiesta! "
W23,IFG,SPA 3,19,Female,"Al principio, encontramos muchos personajes. Jake es el personaje principal porque él quería estudiar en Mendoza, Argentina. En su viaje a Argentina, Jake conoció a otro hombre de UC Davis que se llamaba Agustín. Después del vuelo, Jake llegó a Mendoza y conoció a su familia argentina. En Mendoza, Jake realizó que su maleta es de Agustín y ellos cambiaron sus maletas. Durante el libro, Jake pasó mucho de su tiempo para buscar a Agustín. Durante su búsqueda, Jake conoció a un hombre que se llamaba Juan. Juan trabajaba en un restaurante que Jake comió en. Juan ayudó a Jake con su búsqueda de Agustín. Jake siguió las direcciones de Juan a una casa. El pibe abrió la puerta, pero no era Agustín. El nombre del pibe es Tomás. Tomás enseñó a Jake sobre la cultura de Argentina y introducció Jake a sus amigos. Después Jake fue a un partido de fútbol con sus nuevos amigos, él vio una solicitud de amistad en Facebook de Juan. En el grupo de Facebook, Agustín contactó con Jake para intercambiar sus maletas. Después, todos estaban felices porque Juan y Agustín se reunieron. Al fin, Jake regresó a su casa de Mendoza. Pero, él y Agustín salieron con la maleta equivocada. Jake tenía las cosas de Agustín otra vez.  "
W23,IFG,SPA 3,18,Female,"jake es un estudiante de UC Davis quien quiere participar en la programa de study abroad en argentina. jake va a argentina, y cuando está en el avión, el habla con el hombre a lado de el. este persona se llama agustín, quien tiene la maleta de jake después de llegando en argentina. cuando jake llega a su casa nueva, el aprende que tiene la maleta de agustín y necesita encontrar el para intercambiar. con la ayuda de su amigo (quien el vive con en la casa de su “host family” ) el va a la metrovania para encontrar agustín. el se pierde muchas tiempos, pero con la ayuda de google mapas y personas en la metrovania, el llega a la casa de agustín. pero, el hombre a la case no es agustín, y agustín no vive en este casa. este persona invita jake a una asada en este noche y jake se dice “sí”. jake no sabe que una asada argentina es, y llega con hamburguesas y kétchup, que no es necesita por una asada. no se el fin de este libro porque he estado enferma y he tenido problemas con llegar a clase "
W23,IFG,SPA 3,20,Male,"Jake ha estudiado español por un tiempo y lo entiende, pero quiere estudiar en un país de habla hispana. Elige un programa de intercambio en Argentina para todo el trimestre de otoño que aprendió en Davis.

Jake está emocionado de probar nuevos alimentos, conocer gente nueva y aprender nuevos bailes. El día antes de su vuelo comprueba que tiene todo lo que Irene y su madre ayudaron a empacar y repasa el nombre de su familia de intercambio. 

Agustín también es un estudiante de intercambio que es de Argentina pero estudia en Davis. Hablan durante el vuelo, se presentan, lo que estudian y otras cosas que les gustan. 
Al día siguiente Jake pasa por su maleta y se da cuenta de que accidentalmente tomó la maleta de Agustín en su lugar. Durante el viaje, Benjamin explica la historia y los hechos de la ciudad y la gente que vive allí.
Una vez que Jake y Benjamin terminan de comprar, Jake se da cuenta de lo hambriento que está. Benjamín lo lleva a los restaurantes cerca de ellos. Él le da la dirección y el número de teléfono celular y las instrucciones para llegar allí.
Jake y sus nuevos amigos no regresan a casa hasta temprano a la mañana siguiente. Allí aprende sobre el deporte y recibe una solicitud de amigo de Juan, el camarero del restaurante.
Después de que el juego termina, se despide de sus amigos y acepta reunirse con Juan, que creó un grupo de Facebook con Agustín. Allí Jake finalmente se reúne con Agustín y los dos intercambian sus maletas e información de contacto precisa. Al final de la historia se revela que una vez más cambiaron sus maletas, pero Jake no está preocupado porque puede llamar a Agustín esta vez.
"
W23,IFG,SPA 3,18,Female,"Jake se prepara para su “study abroad”, él conoce a algunos miembros de su familia de intercambio. Habla de querer aprender a bailar tango y probar empanadas. Cuando va en el avión para ir a Argentina, se encuentra con otro estudiante de intercambio de UC Davis. Los dos estudiantes hablan de sus clases y profesores durante el vuelo. Mientras los asistentes de vuelo sirven comida y Jake descubre por primera vez un plato tradicional argentino llamado chóripan. También descubre el mate cuando Agustín, su amigo estudiante de intercambio, le pide agua caliente para su bebida. Cuando llegaron, la familia de intercambio de Jake los estaba esperando con un gran póster. Conoce a Antonio y Celia, los padres y sus hijos. Cuando llega a la casa de su familia de intercambio, se da cuenta que la ropa de su maleta no es suya. Después de buscar en la maleta encuentra un cuaderno y fotos de Agustín, el niño sentado con él en el avión. Jake intentó llamar a la aerolínea o buscar a Agustín en facebook pero no pudo contactarlo. Benjamin, uno de los niños de la familia de intercambio, lleva a Jake a visitar la ciudad y comprar ropa nueva. Mientras está en un restaurante, Jake prueba la cerveza. Jake reconoce el nombre del restaurante de la foto de Agustín que tiene y también reconoce el mozo, decide le pregunta al mozo por Agustín y se entera que era su ex novio. Juan, el mozo, decide ayudar a Jake y le envía la dirección de Agustín. Al día siguiente, Jake usa Google Maps para encontrar la dirección. Benjamin le da a Jake su tarjeta SUBE porque es más fácil y rápido llegar a los destinos de esa manera. Jake se emociona cuando llega, pero otro pibe abre la puerta. Jake conoce a Tomás, el chico que vive en la dirección que le dio Juan. Se hacen amigos y Tomás invita a Jake a asado a la canasta. Jake pensó que era como un “barbeque”, los amigos improvisan y se comen el pan y el “ketchup” que trajo Jake. Por la noche, Tomás invita a Jake a ir a una fiesta en el Boliche de Mendoza llamada Grita. Jake está cansado después de la fiesta. Son las 5 de la madrugada. A la mañana siguiente, lo invitan a ir a un partido de fútbol con sus nuevos amigos, mientras intenta pedir una cerveza, le dicen que no está permitido. Jake está confundido durante el partido y el celebra goles del otro equipo. Al final del partido Jake recibe una notificación de facebook de Juan. Sus amigos lo invitan a ir al bar, pero Jake explica que prometió que facetime a su familia. Jake finalmente vuelve a encontrarse con Agustín, se encuentran con Juan y los dos le dicen a Jake que son pareja de nuevo y eso es gracias a él. Jake está feliz de recuperar su maleta y saca su cosa favorita, un bote de mantequilla de cacahuete. Agustín y Jake vuelven a casa con sus maletas. Jake abre su maleta y comienza a reírse, accidentalmente habían vuelto a intercambiar maletas pero esta vez el sabe donde encontrar a Agustín. 

"
W23,IFG,SPA 3,20,Female,"	Primero, el libro empieza cuando el protagonista Jake va a una reunión de estudiantes y aprende sobre un programa en Argentina. Él decidió ir en un viaje por un semestre. En el avión, Jake conoce a Agustín, un estudiante de UC Davis que es de Argentina y que está estudiando medicina por un trimestre en un programa intercambia. Mientras ellos hablaban, Jake aprendió sobre el mate, una bebida muy popular con el pueblo argentino. Luego, Jake llegó a Argentina y la familia le asignada era muy simpática. Al llegar a la casa, se dio cuenta de que él y Agustín cambiaron de maleta. Antes de que Jake pudiera disfrutar a Argentina, él fue con un miembro de la familia, Benjamín, para comprar ropa nueva. Entonces, en un restaurante, Jake reconoció a un mozo. Él se parecía a un pibe en una de las fotografías en la maleta de Agustín. Él fue un exnovio de Agustín, se llama Juan. Juan dio a Jake su número de celular y direcciónes para buscar la casa de Agustín. Benjamín le dijo que Jake puede usar su SUBE en orden a tomar el micro e ir a la estación del Metrotranvía. Pero, un pibe nuevo respondió a la puerta. Ese pibe, Tómas, no conoció a Agustín, pero él invitó a Jake a un asado a canasta y a bailar. Jake pasó la noche con Tómas y sus amigos. Después de dormir un poco, Jake fue a un partido de fútbol con todos. Al partido Jake recibió un mensaje de Juan y Agustín para intercambiar sus maletas. Jake fue al restaurante donde Juan trabajaba. Juan y Agustín le dijeron que ellos se conectaron. Finalmente, Jake recibió su maleta. Por fin, Jake se dio cuenta que tomó la maleta equivocada otra vez."
W23,IFG,SPA 3,19,Female,"Había un chico llamado jake que viajó a España para estudiar en el extranjero. Nunca había viajado solo antes y estaba muy nervioso por llegar tan lejos. Cuando llegó a España conoció a su familia anfitriona. Todos eran muy agradables con jake.  Cuando Jake estaba desempacando sus cosas, se dio cuenta de que no tenía que corregir la maleta.  Entonces se dio cuenta de que era la maleta de la persona sentada a su lado en el avión.  El resto de la historia nos lleva a través del viaje que Jake va a buscar su maleta y todas las personas que conoce.  Hace algunas expiraciones muy interesantes y no recupera su bolso al final."
W23,IFG,SPA 3,19,Female,"Un estudiante fui a Argentina para estudiar en el extranjero. Su amigo en los estados unidos ayudó él aprender español. Él conocido un amigo durante su tiempo en el avión. Su nuestro amigo explicó maté a él. Él perdió su maleta en el avión. Buscó al amigo porque él accidentalmente tomó su maleta. El estudiante descubrió el ex de su amigo en un café. El ex lo ayudó a buscar para el amigo. Durante este tiempo el estudiante conocido muchos amigos, fui a un partido de fútbol, fui a bailar con ellos, tuvo un BBQ con sus nuestros amigos etc. Eventualmente él le contacto por Facebook y ellos intercambian sus maletas. El estudiante estaba muy emocionado porque él finalmente tuvo sus cosas y especialmente su mantequilla de maní. Accidentalmente ellos tomaron las maletas equivocados de nuevo. 
La familia anfitriona del estudiante era muy amable y ayudó él cuando necesita comprar nuevas cosas cuando la maleta se perdió. "
W23,IFG,SPA 3,20,Male,"Jake quería practicar su español en un otro país, y decidió a estudiar en Mendoza, Argentina durante un trimestre. Jake preparó con su amiga Irene, y fue al aeropuerto. Jake conoció una estudiante de Argentina, Agustín, en al avión, y aprendió mucha de la cultura de Argentina. Él conoció su familia argentina en el aeropuerto, y fui a su casa. Desafortunadamente, Jake y Agustín cambiaron sus maletas. Jake exploró la ciudad de Mendoza con la familia, y conoció un camarero que dijo la dirección de Agustín. Jake fui a la dirección, pero no buscó Agustín. Jake conoció nuevos amigos a la casa, y fuimos a un asado y un partido de fútbol. Después, el camarero, Juan, contactó Jake de Facebook, y Agustín, Juan, Jake fuimos a un restaurante. Ellos hablaron, y Agustín y Jake se dan las maletas finalmente."
W23,IFG,SPA 3,18,Female,"Primero, Jake decidió participar en un programa de intercambio en Argentina. Él obtuvo sus documentos, aprendió sevillanas, e hizo su maleta con Irene. Después de unas semanas, Jake fue a Argentina en avión, y encontró un estudiante de medicina, Agustín. Cuando llegó al aeropuerto, Jake recogió su valija y se reunió con su familia de intercambio. La familia fue muy simpática, y fue a su casa con Jake. En su cuarto nuevo, Jake descubrió que no tenía su valija, tenía la valija de Agustín, y estaba muy triste. No podía buscar a Agustín, así que Benjamin y Jake fueron alrededor de la ciudad para comprar ropa y comer en un restaurante. En ese lugar, Jake descubrió que su mozo, Juan, conocía a Agustín, y él fue la expareja de Agustín. Juan dio la dirección de Agustín a Jake, pero cuando Jake llegó a la casa en ambos Metrotranvía y micro, el pibe de la casa no fue Agustín. El pibe fue Tomás, y fue divertido. Tomás invitó a Jake a un asado y boliche. Para eso, Jake fue al supermercado para comprar ingredientes, pero descubrió que no necesitaba esos. También, Jake se reunió con los amigos de Tomás, comió chimichurri, y bailó mucho. Luego, Jake y Tomás fueron a un partido de fútbol, vieron personas con bufandas vistosas. Cuando Jake estaba avergonzado, porque gritó para un gol en contra, él recibió una solicitud de amistad de Juan en Facebook. Él invitó a Jake a un grupo con Agustín, y los reunieron en un restaurante para intercambiar las valijas. Agustin dijo que estaba en una relación con Juan. Finalmente, Jake fue a su casa y descubrió que tenía la maleta de Agustín otra vez.
"
W23,IFG,SPA 3,20,Female,"Los talleres de lectura son sobre Jake, un estudiante de UC Davis quien study abroad en Argentina. Cuando Jake estaba en el avion, el hablaba con Agustin. Cuando ellos llegaban a el aeropuerto, la maleta de Jake estaba con Agustin y la maleta de Agustin estaba con Jake. Para la historia, Jake fue en una adventura para encontraba Agustin."
W23,IFG,SPA 3,19,Female,"En el cuento, Quarter Abroad en Argentina, la protagonista Jake quería practicar su español en un país de habla hispana. Fue a un programa Argentina y quería aprender a bailar después de ver el documento informativo. Más tarde, Irene, una amiga de Jake, le ensenó a Jake a bailar sevillanas. El día ante del viaje, Jake preparó todo y comió su último desayuno americano. Irene llevó a Jake al aeropuerto. En el avión, Jake habla con un chico, Agustín, de Mendoza, y él estudia en la Universidad de Davis ahora. Cuando llegó a Argentina, Jake se encuentra con su familia argentina. Luego, cuando la abrió su maleta, se da cuenta que tiene la maleta de Agustín. El día siguiente, Benjamín llevo a Jake por la ciudad de Mendoza y compré ropa por él. Cuando Jake tenía hambre, fueron a restaurante, Mundo Chori, donde Jake conoció al ex novio de Agustín, Juan. Juan dio a Jake la dirección de la casa de Agustín. Esa tarde, Jake tomó el Metrotranvía y el autobús para llegar la casa de Agustín, pero un chico, Tomás, vivía allí. Tomás invitó a Jake a ir a bailar con sus amigos. Ellos van Grita Silencio y se divirtieron, pero Jake estaba muy cansado. A la mañana siguiente, Jake va a un partido de fútbol con Tomás y sus amigos y estaba avergonzado cuando celebra por el equipo contrario. Más tarde, Juan le pedía una solicitud de amistad en Facebook a Jake. Jake conoció a Juan y Agustín en un restaurante y se cambian las maletas. Jake estaba muy feliz de ver su bote de mantequilla de cacahuete. Al final del cuento, Jake se ríe porque tiene la maleta de Agustín otra vez. "
W23,IFG,SPA 3,27,Female,"En los Talleres de Lectura seguimos a Jake, un personaje de SP 2 Talleres de Lectura, y su aventura haciendo Study Abroad en Argentina. Primero, él describe como practico español con su compañero de cuarto por un tiempo y finalmente fue a una presentación para aprender más sobre el programa de Study Abroad y las opciones que tenía disponibles para ir a un país de habla hispana. Lo seguimos en su vuelo donde hace amistad con su vecino de asiento y cuando conoce a su familia anfitriona. El mayor problema en el cuento es que Jake ha perdido su maleta y tiene la maleta de Agustín, su vecino de asiento. Mientras trata de encontrar su maleta Jake hace nuevos conocidos y tiene nuevas experiencias como ir en el metro en Mendoza e ir a un partido de futbol. Finalmente, él consigue su maleta pero termina mezclándolo de nuevo con Agustin. "
W23,IFG,SPA 3,21,Male,"A young man decides that he is going to go abroad to Argentina as part of a student exchange program. After arriving in Argentina he opens his suitcase and realizes that he has the wrong bag. He goes on a hunt to find Agustina, the man who has his bag. He then makes some friends, goes to a barbeque and afterwards goes to a club. The next day he goes to a soccer game where experiences some culture shock. The story ends with the main character once again loosing his suitcase."
W23,IFG,SPA 3,18,Female,"en el Libro, hay in pratogonista se llamaba Jake. Jake estaba un estudiante en Uc Davis y prepabaraba por un viaje en Mendoza, Argentina para un estudiar opportunidad. Jake quiso aprender Español y entonces quiso set un estudiante intercambio. Por el vuelo, Jake conoció un otro estudiante intercambio se llamaba Augustín y ellos se hicieron amigos. Despues del vuelo, Jake realizó que ellos las intercambios sus maletas. Por la maleta, Jake buscó un photo que le ayudarlo a buscar el ex novio de Augustin se llamaba Juan. Juan le introdució a Jake a todos sus amigos y ellos exploraron por todo la ciudad juntos. Finalmente jake y agustín se reunieron pero ellos intercambiaron sus maleta ores vez. Pero este timepiece, Jake conozcó como buscar agustín. "
W23,IFG,SPA 3,20,Female,"Jake fue a un study abroad viaje de Mendoza, Argentina. El se reunió un chico muy simpático en el avión, Agustin, quien se explicaba sobre poco cosas por su viaje a Argentina, como comidas: churipan y mate. Sus maletas estuvieron cambiado, si Jake estaba en una mission para encontrar Agustin y recuperar sus cosas. Jake no entendió los direcciones a la casa de Agustin’s que él recibido. Cuando él visitó “la casa de Agustin,” él se reunió Tomás en su lugar. ¡Tomas era un amigo muy bueno a Jake! Mientras pasando el rato con Tomas, Jake tuvo la sabor real de Argentina, y hizo más amigos."
W23,IFG,SPA 3,21,Female,"Este trimestre, leímos de Jake y su viaje de Study Abroad en Argentina. Antes de ir a Argentina, Irene le ayudaba a Jake a practicar su español. Cuando Jake llegó a Mendoza, Jake le gustó vivir con su familia anfitriona y también conoció a unos amigos en su viaje. Jake fue a comer con sus amigos y con su familia anfitriona, a ver una juego de futbol, y a una fiesta."
W23,IFG,SPA 3,20,Female,"El libro es de un estudiante de UC Davis que se llama Jake que fue a Argentina para estudiar en el estranjero. El conoció un chico que se llamaba Agustín en el avión, se la pasaron hablando antes de aterrizar.  Se la pasaron muy bien. Jake tenía una familia que lo cuidaran mientras está en Argentina,  Antonio y Celia tenían dos hijos gemelos (creo) y Jakes estaba muy contento de conocerlos. Cuando llegó a la casa Jake se dio cuenta de que tenía la maleta equivocada y no tenía cómo contactarse con Agustín para recuperar su valija. Celia sugirió que lo buscara via Facebook pero había muchos con el mismo nombre y apellido. Cuando fue a un restaurante con Celia,  se escuchaba muy familiar. Entró y le dio una foto a un chico que se llama Juan y se enojó porque él tenía esa foto de él y su ex novio Agustín. Juan le dio su dirección de la casa de Juan pero cuando llegó otra persona abrió la puerta y le explicó todo. A pesar de todo el chico invitó a Jake a una fiesta y él aceptó. Jake tuvo su primera birra (cerveza) desde que aquí en Argentina puedes tomar desde los diez y ocho años.  Luego fueron a un boliche (discoteca) y esa era la primera vez que se quedaba afuera hasta la madrugada Jake quería irse desde horas pero no quería ser un aguafiestas. Al siguiente día el chico lo invitó a un partido de fútbol y Jake aceptó de nuevo porque quería salir con sus nuevos amigos. 
…
Agustin, Jake y Juan se encontraron en el restaurante e intercambiaron valijas, Jakes está muy feliz y sacó un frasco de mantequilla de cacahuate. Juan y Agustin tenían cara de asco pero estaban riendo muy fuerte. Jake llegó a casa y Benjamin se lo encontró riendo porque otra vez tenía la valija equivocada. Pero esta vez sabía  cómo contactarse con Agustín.  
"
W23,IFG,SPA 3,20,Male,"En Quarter Abroad en Argentina, la carácter Jake decide que viajar a Argentina que mejorar su español. Antes deje, Irene y sus amigos cocinan un grande desayuno americano, y luego esa día, Jake es en un avión a Argentina. Jake conoce un amigo en la avión, Agustín, y después la avión por accidente cambian sus maletines. En Mendoza, Jake realiza, y trata que encontrar Agustín mientras vive con su familia Argentina. En Mundo Chori, Jake conoce Juan, la mozo, quien conoce Agustín de un relación pasado. Juan dice Jake donde Agustín vive, y Jake eventualmente va allí pero solo conoce los amigos de Agustín."
W23,IFG,SPA 3,19,Female,"En el Taller de Lectura, leímos una historia se llamaba Quarter Abroad in Argentina. Esta historia trata de Jake, un estudiante de UC Davis, de que quiere estudiar en el extranjero. Eligió Argentina y preparó por el gran día. Cuando llegó al aeropuerto y se puso al avion, conoció un niño se llamaba Agustin. Los dos hablaron durante todo el viaje en avión pero cuando llegaron en Argentina, Jake realizó que había la maleta de Agustin. No conoció donde se encontra. Después de conocer a su familia anfitriona, decidió a buscar a Agustin para recuperar sus cosas. Cuando estaba en la plaza para comprar la ropa nueva, vió un restaurante familiar. Era el restaurante en el foto de se encontró en la maleta de Agustín.  Conoció a Juan y le dijo a Jake que encontrara a Agustín, pero cuando fue a su casa, Agustín no estaba allí. Conoció un otro niño Tomas y le y le presentó a todos sus amigos. Jake pasa rato con sus amigos nuevos y ustedes exploraron Argentina. De repente, recibió un notificación en su telefono desde de Juan. Le dijo que se reuniera con ellos en el restaurante para intercambiar maletas. Conocío Agustin finalmente! Después del hangout, Jake fui a la casa y realizó que tomaron las maletas equivocadas otra vez.
"
W23,IFG,SPA 3,19,Male,"Jake estudia en el extranjero en Argentina y conoce a muchos amigos mientras está allí. Se equivoca de maleta, pero aprende mucho sobre la cultura y lo diferente que es estudiar en el extranjero."
W23,IFG,SPA 3,19,Female,"Jake va a estudiar abroad en Argentina. En el avion, Jake cononcia a Agustin y el ensena a Jake sobre Argentina. En el aeropuerto ellos tenia la maleta de el otro. Jake quiere encontrar a Agustin para tener su maleta. En Argentina Jake conocia muchos amgios y ellos traer Jake a un partido de futbol y a boliche. En un restaurante Jake conocia el viejo novio de Agustin y el ayudar con las maletas. Por fin, Agustin y su viejo novio y Jake darlo sus maltetas y Agustin y su novio son novios de nuevo. "
W23,IFG,SPA 3,18,Non-binary / third gender,"Este libro fue la historia de un estudiante universitario que va a un cuarto en el extranjero en Argentina. Fue uno de los personajes de La Quinceañera taller de lectura que cubrimos en español de dos. La historia fue en detalle sobre su vuelo y su adaptación a Argentina. También mostró la búsqueda de su equipaje perdido y los diferentes dialectos que aprendió en Argentina. Pasó tiempo con su familia anfitriona, trató de navegar por el transporte público y hizo muchos amigos diferentes en el camino.

"
W23,IFG,SPA 3,19,Female,"Un libro es sobre un estudiante de UC Davis. El estudiante estudie biológica. Ir a la Argentia para un trimestre intercambia. Cuando entre el avion está nervioso pero hablando con un otro chico ayudan su nervioso. Cuando llega a la Argentina, los chicos separan y Jake, un chico de UC Davis, llega a la familia de Argentina. Jake explora la ciudad y Pais con la familia, pero su maleta es incorrecto. La maleta toca de aeropuerto no está su es un maleta de otro chico. Para todos la historia, Jake quiere vuelve a otro chico y toca su maleta. Al fin de historia, el recibe un mensaje de Facebook de otro chico y pueden volver los cosas. "
W23,IFG,SPA 3,18,Female,"En este libro, antes que nada, Jake estaba preparado para ir a estudiar al extranjero en Argentina. Cuando Jake estaba listo para irse, se subió al avión y tuvo dificultades para encontrar su asiento. Cuando le preguntaron a Jake si quería comer algo, pidió un plato popular en Argentina, choripán. Jake entonces conoció a Augustín quien fue a UC Davis para estudiar biología. Después del avión, Jake conoce a su familia argentina, luego se dio cuenta de que 
tenía la maleta equivocada. Jake y Benjermin caminaron por la ciudad y encontraron un restaurante porque vieron una foto de Augustín. Jake conoció a Juan, quien era el ex novio de Augistín. Cuando Jake consiguió las instrucciones para encontrar la maleta, pasó por un montón de autobuses para ir a la casa correcta, pero no Augustín. Sin embargo, Jake llegó a conocer aún más gente. Lo invitaron a comer con ellos en una barbacoa y luego ir a tomar algo más tarde. Terminaron yendo a un club hasta temprano en la mañana. Luego fueron a un partido de fútbol, donde Jake no sabía nada. Jake no podía beber, pero se divertía mucho. Después del partido, Jake recibió un mensaje de Augustín. Él y Augustín hablaron y más tarde Jake se dio cuenta de que todavía tenía la maleta de Augustín. Se rió tan fuerte y sin parar, pero ahora sabe cómo ponerse en contacto con Augustín."
W23,IFG,SPA 3,19,Female,"En el libro, un hombre se llama Jake quiere viajar a un país hispanohablante para un semestre. Jake elige Argentina, y va a el país en un avión. En el avión, Jake conoce un hombre de Argentina se llama Agustín. Después de llegan en Argentina, Jake conoce su familia anfitriona. En la casa Jake se da cuenta de su maleta es de Agustín. El día siguiente Jake hace turismo, y ve un foto de Agustín en un restaurante. Jake consigue un dirección de un hombre en el restaurante para elige Agustín. Pero, cuando Jake llegue a la casa, conoce un hombre diferente. Jake conoce amigos nuevos, y encontro un amigo de Agustín. Augustine y Jake finalmente se encuentran, y cambian de maleta, pero todavía están equivocados."
W23,IFG,SPA 3,19,Female,"Jake estudió en Argentina para el programa de Study Abroad porque estudiaba español en el pasado con familia y su compañera, Irene. En el avión, Jake conoció a un estudiante de UC Davis. Se llamaba Agustín y hablaban de sus cursos. Cuando llegó el avión, su familia bienvenido a Jake. En la casa, Jake se reunió con el resto de la familia y comió mucho para el desayuno. Entonces, Jake se dio cuenta de que tenía la maleta de Agustín. Jake llamó al aeropuerto pero el empleado no dio información porque necesitaba proteger la privacidad de los pasajeros. Así, Jake encontró el Facebook e Instagram de Agustin para enviar un mensaje. Mientras tanto, Jake y Benjamín visitaron muchos lugares como el Edificio Gómez y el Parque General San Martín. Entonces, ellos fueron al Mundo Chori a comer. En el restaurante abrieron su cartera y hay una foto de Agustin. La foto enojaba al mesero, Juan, porque Agustin era su novio y la relación terminó muy mal. Sin embargo, Juan dio direcciones a la casa de Agustin. Así, Jake compró un boleto de autobús con su tarjeta de crédito para buscar a Agustín. Cuando llegó, no podía encontrar a Agustín pero encontró un amigo nuevo, Tomás. Mientras esperaba para un mensaje de Agustín, fueron al boliche y jugaron fútbol. ¡En el último capítulo, Jake pudo encontrar a Augustin!"
W23,IFG,SPA 3,20,Female,"The summary of the book we read is there is a boy named Jake who accidentally switches suitcases with another boy named Agustin who he met on his flight. Jake is staying with a host family in Argentina to better immerse himself into Spanish culture and practice his Spanish. He makes some friends along the way who he hangs out with a couple times at a football game, and at a party. One day he went to a restaurant and the server had dated Agustin in the past. The book ends with Agustin and Jake meeting thanks to the server Juan. Then they switch suitcases but by the time Jake is home he realizes he has the wrong suitcase again. "
W23,IFG,SPA 3,21,Non-binary / third gender,"Jake fue a estudiar en el extranjero. Mezcló maletas con Agustín y se va de aventura para encontrar a Agustín. Conoció nuevos amigos y pasó el tiempo con su amigos. Al final, Jake ayudó Juan y Agustín a compensar sus diferentes y Jake y Agustín finalmente se conocieron. Después de que se conocieron, Jake realizó tenía la maleta de Agustín. Pero, sabía dónde encontrarlo."
W23,IFG,SPA 3,21,Male,Jake had flown to Argentina and made a friend on the plane. On the plane the flight attendant offered him traditional Argentina drink. His family was nice but was sad when he realized that his and Agustin’s bag had been switched. He was sad but members of hit host family took him into the city and was happy. At a restaurant he saw a picture of Agustin and then met his ex-boyfriend who told Jake where he lived. He went to the place but  Agustin was not there. He made friends with the people there going to party and to a soccer game with them. Jake didn’t really know to much about soccer and ended up cheering for the wrong team. They put him in a Facebook group with Agustin so he was able to meet and switch bags. They still mixed the bags up at the end of the story but it was all good because they knew where to find eachother.
W23,IFG,SPA 3,18,Male,"Jake va a Argentina para una programa de ""study abroad."" En el avión, conoce Agustín, y ellos comen. Jake toma la maleta de Agustín, y ahora necesita encontrarlo, porque Agustín tiene la maleta de Jake. Mientras está mirando para Agustín, Jake conoce Juan, el exnovio de Agustín. Despues, Jake conoce otras personas, y va a una fiesta y un partido de fútbol con ellos. Después el partido, Jake recibe un mensaje de Agustín, y ellos van a un restaurante a cambiar sus maletas. Cuando Jake regresa a casa, él aprende que su tener la maleta de Agustín. "
W23,IFG,SPA 3,20,Female,"Jake es estudiante de UC Davis. Jake quiere ir a Argentina para Study Abroad y aprende tengo y practica español. Cuan Jake llegó en Argentina, Jake tiene Augustin de maleta y Augustin tiene Jake de maleta. Jake conoce mucho amigos, incluye Juan - Augustin de ex novio. finalmente, Jake encontrarse con Augustin y Juan con su maleta pero cuando Jake llegó su casa, el tiene Augustin de maleta. Pero Jake conoce Augustin de Facebook que está bien. "
W23,IFG,SPA 3,21,Female,"Quarter Abroad en Argentina es una historia sobre las aventuras de un chico que se llama Jake. Él estaba aprendido español y quería conocer más de las culturas hispanohablantes.  Cuando la historia empezó, él no entendía mucho de lo que estaban diciendo en español y no sabía mucho de la cultura argentina. Pero después de exploraba el país, Jake lo conozco mucho a Argentina. Jake aprendió lo que es un choripán, un asada, y más. Jake encontró unas problemas como su maleta escondido. Pero al final él estaba muy feliz que fue al Argentina."
W23,IFG,SPA 3,21,Male,"Jake es un estudiante de UC Davis y quiere ir a Argentina por Study Abroad. Jake va a Argentina en el avión. En el avión Jake se encuentra un otro estudiante de UC Davis llamó Agustín. Cuando Jake es en Argentina encontraba la familia que él va a vivir con en Argentina. Jake tiene la maleta de Agustín. Jake busca a Agustín pero no busca él. Jake se encuentra con Juan en un restaurante. Juan era el novio de Agustín y da la dirección de Agustín a Jake. Agustín no es en la casa pero es la casa de un pibe Tomás. Tomás invitó a Jake a un asado. Jake disfrutó la cena con sus nuevos amigos después el asado y quiso recordar todos nombres. Jake estuvo en una fiesta por mucho tiempo y acabó a las cinco de la mañana. Jake va a un juego de fútbol con sus amigos. Jake aceptó a Juan en Facebook en el estadio. Los amigos de Jake van a un bar con los jugadores pero Jake no va a un bar. Juan ha creado un grupo en Facebook con Agustín y Jake. Jake, Agustín y Juan vamos al restaurante a dar las maletas de Jake y Agustín. En el fin Jake tiene la maleta de Agustín."
W23,IFG,SPA 3,18,Female,"Jake quería practicar su español en un lugar de habla hispana y aprender tango, entonces fue a una reunión sobre estudiar en el extranjero. Jake eligió Argentina, e Irene tomó Jake al aeropuerto. Luego, en ese vuelo, Jake conoció a Agustín---un estudiante del programa de intercambio quien vivía en Argentina---y hablaban durante el vuelo sobre choripán, mate, senderismo, y UC Davis.
Jake llegó al aeropuerto en Mendoza y conoció a su familia de Argentina. ¡Cuando Jake abrió su valija, las cosas adentro de no eran de Jake, eran de Agustín! Jake necesitaba ropa, entonces fue a la comprar con Benjamin, y vieron mucho arte callejero y arquitectura. Cuando fueron al restaurante para la cena, Jake identificó lo era el restaurante de la foto y habló con el mozo hombre de la foto (Juan: el ex novio de Agustín) también.
Juan le dio la dirección de la casa de Agustín entonces que Jake dar la valija a él. Siguiente, con ayuda de Benjamín, Jake tomó un microbús para ir a la casa. Cuando Jake llegó a la casa, no fue Agustín, fue un pibe llamado Tomás y Jake estaba decepcionado. Sin embargo, Tomás era amable, e invitó a Jake a una barbacoa, boliche y un partido de fútbol de los locales. Después del partido Jake recibió una solicitud de amistad de Juan, y él conectaba a Jake y Agustín al restaurante.
Mientras comían, Agustín y Juan se explicaban que estaban reunidos otra vez porque a Jake. Jake salió del restaurante contento con la aventura y los planes locos de dar la maleta a Agustín. Pero, por supuesto, cuando abrió su maleta las cosas eran de Agustín otra vez.
"
W23,IFG,SPA 3,18,Male,"En el libro, Jake, un estudiante estadounidense de UC Davis, viaja a Argentina para estudiar en el extranjero.  Sin embargo, cuando se encuentra con otro estudiante de UC Davis en el avión, accidentalmente se llevan las maletas.  En su viaje para encontrar al otro estudiante de UC Davis, Agustín, Jake hace muchos amigos, aprende sobre su familia argentina, prueba cosas nuevas y aprende sobre Argentina.  Va a bailar, come mucha carne y asados, bebe alcohol, asiste a un partido de fútbol, ​​viaja en autobús, viaja en avión, viaja en el metro, compra pantalones, bebe nuevas bebidas argentinas, habla con extraños y pasa un  mucho tiempo en su teléfono.  Al final, Jake recupera su maleta, cuando el novio de Agustín los reúne en un restaurante.  Jake está feliz de recuperar su mantequilla de maní, pero vuelve a tomar la maleta equivocada cuando sale del restaurante.  Ese es el libro que leí."
W23,IFG,SPA 3,18,Female,"Jake es un estudiante de UC Davis. El viajaba a Argentina para un Study Abroad program. El tenia la maleta de Agustin, un otro chico. Lo encontro y volvio la maleta."
W23,IFG,SPA 3,,,
W23,IFG,SPA 3,19,Female,"Jake was a UC Davis student who was trying to learn Spanish. He decided to do a semester abroad in Argentina in order to improve and Spanish and learn some dances. While on the plane there, he got

Jake es un estudiante de UC Davis y quiere aprender español. Decidió ir a Argentina por un semestre para mejorar su español y aprender unos bailes. Mientras en el avión, Jake conoció a Agustín y hablaron mucho durante el vuelo. Cuando llegó en Argentina, Jake conoció a su familia anfitriona y le ayudaron a consequir su maleta. Pero más tarde, Jake descubrió que intercambió su maleta y tenía la maleta de Agustín. Jake estaba muy preocupado y no sabía como econtrar a Agustín. Pero Jake podía conocer a ex-novio de Agustín, Juan. Juan le dijo la dirección de la casa de Agustín. Pero cuando Jake llegó a la casa, Agustín no estaba allí y Jake conoció a Tomás. Tomás invitó a Jake al asado con sus amigos y al juego de fútbol. De repente, Juan mandó un mensaje a Jake con Agustín. Intercambiaron mensajes y Jake podía intercambiar maletas con Agustín. Pero en su casa, Jake descubrió que tenía las cosas de Agustín. "
W23,IFG,SPA 3,18,Female,"Al comienzo del libro, Jake habla sobre querer estudiar en el extranjero y aprender más sobre la cultura de Mendoza. Se sube al avión, pero parece haber algunas complicaciones. Conoce gemelos y se da cuenta de que tiene la maleta equivocada. Le pregunta a la aerolínea, pero no pueden darle ninguna información, por lo que busca en las medios sociales. Jake llega a Mendoza. Compra ropa nueva con su amigo Benjamin y va a un restaurante. El camarero conoce a la persona que tiene la bolsa Jakes y le da la dirección. Jake toma el autobús con el sube de Benjamin y sigue muchas direcciones diferentes. Él va a la dirección pero no es Juan. Se encuentra con nuevos amigos y va a una asada, así como a bailar y a un partido de fútbol. Vio una solicitud de Facebook y terminó reuniéndose con Juan. Le dijeron que Juan y Agustín están juntos de nuevo y cambian de bolsa. Sin embargo, era la bolsa equivocada de nuevo.

"
W23,IFG,SPA 3,18,Female,"En la historia “Quarter Abroad en Argentina”, leemos sobre Jake queriendo hacer un programa de estudios en Argentina porque quiere practicar y mejorar su español. Durante el viaje en avión a Argentina, Jake conoce a un hombre que se llama Agustín. Cuando Jake llega al lugar donde va a vivir en Argentina, Jake abre una maleta que no tenía sus cosas. Jake se da cuenta de que tiene la maleta de Agustín. Mientras Jake está en un restaurante, se encuentra con una cara familiar de un foto de Agustín y el hombre que Jake conce le ayuda. Cuando Jake llega a la lugar, aprende que Agustín no vive allí, sino un hombre diferente. Jake se hace amigo del hombre llamado Tomás. Durante los capítulos, Tomás invita a Jake a muchos eventos. Al final de la historia, Jake se pone en contacto con Agustín en Facebook y se encuentran más tarde para intercambiar las maletas.
"
W23,IFG,SPA 3,19,Female,"Jake estaba emocionado de hacer Study Abroad en Argentina. En el avión, conoció a Agustín quien participaba en un programa de intercambio con Davis. Después de llegar a Argentina, estaba sorprendido de que tenía la maleta de Agustin. Su familia argentina lo ayudó a comprar ropa nueva mientras tanto. La mañana siguiente, fueron al restaurante llamado Mundo Chori. Jake pidió su primera birra. También conoció a Juan, el mozo y el novio de Agustín, y lo ayudó a encontrar a Agustín. Viajó a la casa de Agustín pero conoció a Tomás y sus amigos en vez de eso. Fueron a un asado argentino y a un boliche. Ellos se divirtieron y fueron al partido de fútbol después. Sin querer, Jake celebró un gol del equipo contrario y sus amigos se rieron con él. Jake recibió una notificación de Agustín que dijo que podían intercambiar valijas. Finalmente, Jake se reunió con su querida, la mantequilla de cacahuete. "
W23,IFG,SPA 3,19,Female,"Primero, Jake quería ir a un país de habla hispana por Study Abroad, así que aprendió español de su amiga, Irene. Luego, en el avión, Jake conoció a Agustín, el estudiante de intercambio en UC Davis. Después, él sacó su maleta y se encontró con la familia Argentina: Benjamín, Roberta, Antonio, y Celia. Ese día, cuando Jake abrió su maleta, después de llegar a su casa, se dio cuenta que tenía la maleta de Agustín. Al día siguiente, Benjamín y Jake recorrieron los lugares en la ciudad de Mendoza y reconocieron al mozo, Juan, del restaurante que ellos comieron. Juan era el exnovio de Agustín y su relación terminó mal, pero él supo y dio la dirección para la casa de Agustín a Jake. Entonces, Jake estaba confundido sobre la dirección a casa de Agustín, así Benjamín le enseñó a tomar el microbús usando su “SUBE”, luego tomar el Metrotranvía. Pero, cuando el pibe abrió la puerta de la casa de Agustín, la persona no era Agustín. El pibe se llamaba Tomás y él invitó a Jake para hacer un asado a la canasta, bailar, y ir al boliche. Entonces, Jake estaba muy cansado y no paraba de bostezar porque Tomás, su amigos, y Jake festejaron hasta la madrugada mientras la noche era joven. De repente, Tomás invitó a Jake a ver un partido de fútbol. Después cuando su móvil sonó, Juan le pidió una solicitud de amistad en Facebook a Jake. Finalmente, en el grupo de Facebook, Jake y Agustín acordaron intercambiar las maletas en el Mundo Chori. Después Jake aprendió que Agustín y Juan están juntos nuevamente por su culpa, ellos intercambiaron maletas. Pero, cuando Jake abrió su valija en la casa de Benjamín, se rió porque volvieron a intercambiar las maletas.
"
W23,IFG,SPA 3,18,Female,"En el taller de series, Jake fue a argentina por un quarter abroad. Jake estaba muy nervioso, y cuando en el avion, conoció Agustin. Agustin tambien es de UC Davis, y despues del vuelo, Jake tomó su equipaje. Al día siguiente, Jake fue al aeropuerto pero no pudo dar a Jake información sobre los pasajeros. En el equipaje de Augustin, Jake encontró una foto de la enseña de Agustin, y fueron al restaurante de una persona en la foto. Resulta que el hombre en el foto, Juan, era el novio de Agustin. Al final, se encuentran, ¡pero luego vuelven a tomar la bolsa equivocada!"
W23,IFG,SPA 3,19,Female,"Jake fue al extranjero a Argentina para aprender más sobre su cultura y idioma. El notó que el chico el conoció en el avión, Agustín, y el habían cambiado accidentalmente las maletas. Jake trató de encontrar a Agustín pero fue dificil. Mientras encontrar a Agustin, se reunió con la familia se quedaría con.  Cuando Jake llego en Argentina, el Jake aprendió palabras en español nuevo que ellos usar en Argentina. Fue de fiesta con sus nuevos amigos y se conoció, y habló con mucha gente mientras estaba en Argentina. Jake conició nuevos amigos en Argentina y finalmente llevaron Agustin y recuerpo su maleta. Finalmente, llegó el momento de que Jake regresara a su hogar en los Estados Unidos. Estaba triste por ir, pero feliz de volver a su casa."
W23,IFG,SPA 3,19,Female,"Jake es de UC Davis y viajó a Argentina para practicar español y visitar su familia. Cuando Jake llegó a su casa, descubrió que la maleta no tiene su cosas. Un amigo de la avión, Agustín, tenía la maleta de Jake. Jake descubrió que una persona de el restaurante era el ex novio de Agustín. Pero la persona, Juan, no tenía su nombre. Jake vía futbol con unos nuevos amigos cuando Juan hizo un grupo con Agustín y Jake. Jake y Agustín intercambiaron sus maletas. Pero cuando Jake llegó a su casa, descubrió que cambiaron sus maletas otra vez."
W23,IFG,SPA 3,18,Female,"Jake fue a Argentina para estudiar en el extranjero. Él habla con una persona en el aeropuerto se llama Agustín. Augustin estaba estudiando en el extranjero en UC Davis. A ellos les gusta hablar con otros. Cuando Jake llegó a Argentina, vio a su familia donde se estaba quedando. Jake perdió su maleta. Ellos son muy felices y simpáticos. Jake aprendió mucho sobre la cultura como fútbol y comiendo mucho tarde de los EEUU. Jake estaba buscando su maleta mientras estaba en Argentina. Jake tuvo la primera cerveza. A él le gustaba pasar mucho tiempo con sus amigos. Jake aprendió que el fútbol se llama soccer en los EEUU. Jake aprendió que el mate es un té muy popular en Argentina. Al final, Jake se puso en contacto con Augustin, un hombre que cambió las maletas con, y recuperó su maleta. Jake estaba muy feliz en ese momento y va a llamar a sus padres. 
"
W23,IFG,SPA 3,20,Male,"En todo el libro se habla del estudiante Jake que estudia en UC Davis asistió al programa de intercambio a Argentina Mendoza. Voló a Mendoza con sus amigos, su conoció nuevos amigos en el vuelo. Pero alguien se llevó su maleta en el aeropuerto. Se dio cuenta de que después de que llegó su familia de acogida. Encontró que el nombre del dueño de la maleta es Agustín. Por suerte conoció a Juan, en un restaurante. Juan es novio de Agustín. Ella le dijo a Jake Agustín dirección, pero cuando Jake encontró esa dirección, Agustín no vivía allí. Así que Jake tiene que renunciar a buscar a Agustín. Jake era feliz, jugó juegos deportivos con sus amigos, festejaron, se divirtieron, y encontró Agustín le envió una invitación de amigo en Facebook. Juan creó el grupo. Porque Juan le contó a Agustín lo de la maleta de Jake, ellos intercambiaron la maleta y Agustín le dio las gracias a Jake. Porque Agustín ellos se reúnen de nuevo. "
W23,IFG,SPA 3,21,Female,"Jake quería estudiar en el extranjero en Argentina. Quería aprender el tango, ver la ciudad y probar su deliciosa comida. Estaba nervioso salir de los Estados Unidos. Hablo con el niño a su lado en el vuelo. Su nombre era Agustin. El avión aterrizó y se fue, pero pronto se dio cuenta de que Agustin y su maleta se cambiaron. Llegó donde se alojaba y benjamin le llevó a comprar ropa. Se reunieron en un restaurante para comer. Vio una foto de Agustín en el restaurante y era el ex novio del camarero. Le dijo a Jake donde vivía Agustin. Jake llegó a la casa de Agustín, pero un chico diferente respondió. Su nombre era Thomas. Agustin ya no vivía allí. Thomas invitó a Jake a ir a una barbacoa con él y sus amigos. Después de la barbacoa, Jake, Thomas y todos los amigos de Thomas fueron de fiesta y bailaron en un club. Después de eso invitaron a Jake a un partido de fútbol al día siguiente. Después del partido de fútbol en su camino a casa vio en facebook al camarero del restaurante hizo una charla grupal con él y Agustin. Fue al restaurante de Agustin y cambió las maletas.

"
W23,IFG,SPA 3,21,Male,"En esta historia, un estudiante llamado Jake decidió que quería probar algo nuevo. Decidió que tomaría un Trimestre en el Extranjero en Argentina. Mientras se preparaba para su viaje, comió por última vez antes de irse con Irene. Cuando llegó al aeropuerto, estaba muy nervioso sobre quién sería su familia en Argentina y cómo sería su tiempo allí. Mientras estaba en el avión, se hizo amigo de un hombre llamado Agustín. Una vez que bajaron del avión, Jake se dio cuenta de que accidentalmente agarró la maleta de Agustín y ahora tenía que encontrar una manera de encontrarlo. Mientras buscan la forma de encontrarlo, deciden ir a un restaurante y encuentran allí al exnovio de Agustín, Juan, y les da toda su información. Sin embargo, cuando Jake llegó a la dirección que Juan le dio, no estaba allí y terminó haciéndose amigo de la gente de esa casa. Fueron a bailar y jugar a los bolos y tuvieron una barbacoa. Después de toda la diversión, Jake finalmente encontró a Agustín y recuperó su maleta. Después de que Jake y Agustín terminaron de hablar, se fueron solo para que Jake se diera cuenta de que tomó la maleta equivocada nuevamente más tarde esa noche"
W23,IFG,SPA 3,20,Female,"En Taller de Lectura, Jake quería estudiar en Argentina.  Él es un estudiante de UC Davis.  Irene, su amiga, y Jake viajamos a Mendoza, Argentina.  Cuando estaba en Argentina, Irene ayudó a Jake a hablar Español.. En el vuelo, Jake comió choripán y habló con Agustin.  Agustin es de Argentina y estudió en UC Davis por un trimestre.  Ellos llegaron a Mendoza, Argentina. Jake estaba en Mendoza Argentina con Celia y Antonia, y los hijos gemelos Benjamin y Roberta.  Jake quería prepararse para ir a la cama cuando vio que era su maleta.  Era la maleta de Agustin. Entonces, Benjamin le mostró la ciudad de Mendoza a Jake.   Ellos llegaron al restaurante de Mundo Chori.  El mozo, Juan, dijo que Agustín era su novio pero la relación terminó mal.  Juan describió la casa de Agustín para la valija de Jake.  Jake buscaba la forma de llegar a la casa de Agustin.  Jake hable con Tomas sobre Agustin, Tomas no entendió.  Tomás le invitó a un asado y a un boliche. Después del asado, ellos se prepararon para el boliche.  En la mañana, Tomas lo invitó a un partido.  Jake se preparó para el partido y fue al Estadio Feliciano Gambarte. Jake recibió un mensaje de Facebook de Juan, el mozo de Mundo Chori y el ex-novio de Augustin.  Durante el partido, Jake recibió un mensaje grupal con Juan y Agustin. Jake estaba muy feliz.  El fue a un restaurante para reunirse con Juan y Agustin.  Ellos intercambiaron las maletas.  Agustin y Juan dijeron que ellos están novios otra vez.  Jake estaba muy contenta con su bote de mantequilla de cacahuete que estaba en su maleta. Cuando llegó a la casa, otra vez se habían equivocado de maletas."
W23,IFG,SPA 3,19,Female,"Jake fue a Argentina para un programa de estudios en el extranjero. Cuando llegó a Argentina se dio cuenta de que tenía la maleta de otra persona y no la suya. Jake compró nuevos artículos para su tiempo en Argentina. También buscó al hombre que es su maleta. Hizo nuevos amigos mientras buscaba a maleta. Al final de la historia, finalmente encontró al hombre que tenía su maleta y estaba muy feliz. "
W23,IFG,SPA 3,18,Female,"Jake quiso estudiar en Argentina para mejorar su español, explorar el país, y aprender la cultura. Jake estaba muy contento porque puede practicar Español con la familia. También Jake estaba muy nervioso para ir a Argentina pero tenía confianza cuando hablaba con nativos. Hizo un nuevo amigo Agustín en el avión, otra estudiante en Davis. Más tarde, Jake abre su maleta y ve accidentalmente que tenía la maleta de Agustin Perez. Al día siguiente, Jake vio al hombre en la foto con Agustín. Le pregunta a Juan por el número de Agustin. Juan no tiene el numero pero sabe la dirección de su casa. Jake fue a buscar a Agustín pero al llegar a la casa Jake encontró a un hombre Tomás vivió en la casa. Tomás no conoció a Agustín pero invitó a Jake para ir a una asada y bailar después. También Jake y los amigos fuimos al boliche y Tomas invita a Jake a ver un partido de fútbol. En el capítulo final, Jake se reúne con Juan y Agustin. Agustin disculparse por la confusión de las valijas. Juan invita a Jake a su restaurante e intercambiar valijas. Después, cuando Jake va a su casa, estaba rodeado de las cosas de Agustin. Otra vez se habían equivocado de maletas."
W23,IFG,SPA 3,20,Male,"En la historia, hay uno chico se llamó Jake. Jake quiso ir al un país hispánico para un Study Abroad. Depués de elegir, Jake fue al Argentina. Cuando llegó al Argentina, la equipaje de Jake está perdido. Jake realizó que su equipaje fue conmutada con la equipaje de un chico en la avión. La familia anfitriona se ayudó a Jake buscar a la equipaje. Durante la búsqueda, Jake se conoció uno mozo quien conoció la chico de avión. Cuando Jake fue a la casa que el mozo le dice a ir, la chico de avión no estaba allí. Hay un chico se llamó Tomás. Tomás no conoció a Agustín, pero invitó a Jake a una fiesta esa noche. Jake fue a la fiesta, y confudió una asada con un BBQ en las Estados Unidos. Jake se convirtió amigos con las amigos de Tomás. Todos fueron a un partido de fútbol y uno club nocturno. 

Hay más, pero no estuve durante el último taller de lectura, y no se el final de la historia. "
W23,IFG,SPA 3,21,Female,"Jake está nervioso sobre su viaje a argentine.Conversa con Agustin, quien estuve en Davis, sobre 
sus vidas y por qué va a Argentine.  Reconoció que el maleta era de Agustin, el chico que estaba a su lado en el avión. Habló con la familia en la mañana y le sorprendía la cantidad de palabras diferentes que se utilizan en Argentina
Benjamín le mostró muchos lugares especiales en Mendoza. Después de compraron ropa, 
fueron a un restaurante, y Jake pidió un choripan, la receta más famosa del restaurante. En el 
restaurante conoció al exnovio de Agustín, Juan. Juan estaba enojado después que Jake le 
mostró una foto de él y Agustín, pero le dio Jake la dirección de Agustín.
Esa tarde, Jake pidió Benjamin por su ayuda. Sin embargo, la persona que abrió la puerta no fue Agustin. El chico no conocía Agustin, pero invitó Jake a una fiesta. Jake llegó a las nueve de la noche a casa de Tomás, y los amigos de Tomás estaban ya sentados y 
le saludaron. Jake se alegró mucho cuando sus nuevos amigos le dijeron que ya era hora de irse a las cinco de la mañana. A la mañana siguiente, Tomás invitándole a ver un partido de fútbol. 
Al día siguiente, Jake fue al restaurante con la maleta de Agustín. Ellos intercambiaron maletas, pero otra vez se habían equivocado de maletas!
"
W23,IFG,SPA 3,18,Female,"Jake es un estudiante de biología en la universidad, UC Davis. A Jake le gusta hablar español con su compañera de casa Irene, por lo que decidió estudiar en el extranjero en Argentina para mejorar su español y aprender a bailar tango. Cuando llegó el momento de irse a Argentina, estaba nervioso pero emocionado. Jake revisó todo lo que preparó para el viaje: su pasaporte, documentos, una lista de actividades para hacer en su tiempo libre y una playlist  de canciones de tango. Cuando terminaron de desayunar, Irene dejó a Jake en el aeropuerto y se despidieron. En el avión, Jake conoció a un chico llamado Agustín, quien era un estudiante de intercambio de Argentina en UC Davis. Hablaron sobre sus intereses, estudios y cómo es estar en un país extranjero. Agustín también le enseñó a Jake sobre el mate. Cuando Jake llegó a Mendoza, Argentina, su familia anfitriona lo recogió en el aeropuerto y le dio una cálida bienvenida. Más tarde, Jake abrió su maleta para desempacar y vio que tomó la maleta equivocada. Cuando miró las fotos adentro, se dio cuenta de que la maleta era de Agustín. Decidió que tenía que encontrar a Agustín. Al día siguiente, Jake llamó al aeropuerto, pero dijeron que no podían proporcionar ninguna información. Luego, él y Benjamín, el hijo de la familia anfitriona, fueron a la ciudad para buscar ropa nueva y experimentar la ciudad. Decidió que tenía que encontrar a Agustín. Al día siguiente, Jake llamó al aeropuerto, pero dijeron que no podían proporcionar ninguna información. Luego, él y Benjamín, el hijo de la familia anfitriona, `fueron a la ciudad para buscar ropa nueva y experimentar la ciudad. La familia también sugirió que Jake intentara buscar a Agustín en las redes sociales. Después de ver los lugares emblemáticos de Mendoza, Jake dijo que era una ciudad con encanto. Más tarde, después de comprar ropa y visitar una panadería, Jake y Benjamin fueron a un restaurante. En este restaurante conocieron a Juan que era el ex novio de Agustín. Juan le dio indicaciones a Jake para llegar a la casa de Agustín, pero cuando Jake llegó a la casa, un pibe llamado Tomás abrió la puerta. Tomás no conocía a Agustín, pero invitó a Jake a una barbeque, luego a un club y al día siguiente a un partido de fútbol. Jake pasó un rato muy divertido con Tomás y sus amigos. Llegó a experimentar mucha cultura argentina, por lo que estaba muy feliz. Al final de la historia, Juan compartió el facebook de Agustín con Jake, y pudieron ponerse en contacto y encontrarse. Cuando se encontraron para intercambiar el equipaje, Agustín le dijo a Jake que él y Juan habían vuelto a estar juntos y que estaba muy agradecido. Finalmente, cuando Jake regresó a su casa, abrió la maleta y vio que ¡habían cambiado sus maletas nuevamente!"
W23,IFG,SPA 3,23,Male,"The book is about a kid named Jake who travels to a Spanish-speaking city called Mendoza. The whole premise of the book revolves around his misplacing of luggage and accidentally switching with another person, augustin, and Jake trying to find augustin amidst his adventures with newfound friends in Mendoza. They do eventually find each other and although they somehow manage to take the wrong luggage once again at the end of the book, it is implied that they will reunite again in the future."
W23,IFG,SPA 3,45,Male,"So, there is this fool named Jake that decides for no good reason that he is going to study abroad. Why? Because he probably thinks it’s a learning experience. Is it? No, it is a waste of tax dollars since Jake probably took out multiple loans. Anyways, he somehow loses his travel bag (like an idiot) and realizes he must get it back from Agustin-a guy he met on the plane. At the end of the story, he actually doesn’t get it back, taking Agustin’s travel pack again."
W23,IFG,SPA 3,19,Female,"En la historia llamada ""Quarter Abroad En Argentina"" un hombre se llama Jake fue a Argentina estudiar la cultura y mejorar su español. Antes de su viaje, él estudia en UC Davis. Cuando Jake estaba en el avión, conoce una persona se llama Agustín y los dos hacer amigos por el vuelo. Cuando allí, Jake aprendó sobre de Chorípan por el primero tiempo. En Argentina, la maleta de Jake no está allí, él tiene la maleta de Agustín pero Agustín no estaba cerca de él. En su tiempo, Jake hacía amigos nuevos e iba a partidos de fútbol. Él podía aprender sobre de la cultura en Argentina como la vida nocturna, los diferentes en BBQs americanos y BBQs en Argentina. "
S23,IFG,SPA 3,19,Male,"Jake goes to Argentina and meets a lot of people on the way, he first meets someone on the plane who gives him recommendations for restaurants and has a fruitful conversation on the way there. When he gets there, he watches a football game, thinking there was alcohol being sold only to know it was banned. He learns the difference between how different countries call activities, he learns that bowling in other spanish speaking countries is natively referring to disco. He learns how to dance the way his friends taught him to. He also gets to experience many local restaurants and try their cuisine.  "
S23,IFG,SPA 3,22,Male,"El libro “Study Abroad en Argentina” nos camina por la vida de nuestro protagonista Jake. Jake es un estudiante de la Universidad de Davis, California y quiere tomar clases en Argentina por un semestre. Jake tiene interés en la cultura de Argentina, y quiere aprender a bailar tango. Se va quedar con su nueva familia de Argentina por el semestre. Cuando el día viene para viajar, Jake se siente acerca de otro estudiante de Davis que se llamá Augustin. Duraron varias horas en el aire hablando. Cuando llegaron a Argentina se despidieron, y no se dieron cuenta que tenían la misma maleta. Jake agarró la maleta de Augustin y Augustin agarró la maleta de Jake. No se podían contactar por qué no cambiaron información. Jake solo tenía una foto de Augustin con otro hombre. El tiempo pasó, y Jake se fue al antro con sus nuevos amigos cuando miro el hombre que estaba en la foto con Augustin. Jake le dijo lo que pasó con su maleta y organizaron un día para cambiar las maletas. El libro se terminó cuando Jake se dio cuenta de que se equivocaron otra vez con la maleta. "
S23,IFG,SPA 3,19,Female,"El resumen es sobre Jake, quien quiere ir a Argentina y visitar a su familia. Cuando Jake está en su vuelo, habla con un chico, se llama Agustín. Ellos hablan sobre la UC Davis y sus especialidades. Cuando Jake llega, su familia de Argentina tiene un gran póster para él. Pero cuando Jake llegó a la casa de su familia Argentina, él se da cuenta que tenía la valija de Agustín por error. Jake fue a buscar a Agustín pero él no sabe. Después del desayuno, Jake fue a buscar a Agustín en Instagram o Facebook. Jake y su familia argentina van a un restaurante y Jake ve una fotografía de Agustín, y se entera que Agustín era el ex-novio de Juan. Juan le dio a Jake el address de la casa de Agustín, pero Agustín no estaba allí. La casa era de Tomás y ellos hablaron sobre la barbacoa. Más tarde, Jake fue a casa de Tomás después de otra pequeña aventura en el transporte público de Mendoza. Jake conocé los amigos de Tomás. Después de la cena, ellos fueron al boliche para bailar. Ellos manejaron en taxi y al boliche, Jake vio a Agustín. Más tarde, Jake fue a un juego de fútbol al Estadio Feliciano Gambarte con sus nuevos amigos. Durante el partido, Jake dijo “Gol” para el equipo equivocado. Finalmente, Jake aceptó a Juan en Facebook y Juan creó un grupo en Facebook con Jake y Agustín, y ellos hablaron sobre sus maletas."
S23,IFG,SPA 3,22,Male,"Jake quería practicar español, así que decidió viajar a Argentina con una programa de Study Abroad. En el avión a ese país, encontró a un chico que se llamaba Agustín. Cuando encontró a su familia anfitriona y notó ello tiene la maleta de Agustín. En el día siguiente, Jake y un amigo encontraron Juan, un anterior novio de Agustín. Jake buscó por Agustín, encontró Agustín y sus amigos, y las personas fueron a Grito Silencio. Ellos fueron a un juego de futbol. Después del juego, invitaron a Jake a un bar, pero Jake dijo que tuvo que salir y llamar a su familia. Jake recibió un mensaje para se unió un grupo de Facebook con Agustín y Juan. Cuando ellos encontraron, Juan anunció eso ello y Agustín están novios otra vez. Jake y Agustín intercambiaron sus maletas y Jake recibió un mantequilla de cacahuete."
S23,IFG,SPA 3,18,Non-binary / third gender,"Jake es un estudiante de UC Davis que fue a Argentina para un programa de intercambio. Al principio, Jake fue en su avión a Argentina. Aprendió sobre choripán y mate, comida y bebida en Argentina. El chico en el otro asiento empezó hablar con él. Se llamaba Agustín y fue un estudiante de UC Davis con un programa de intercambio también. Cuando Jake llegó a Argentina y fue conseguir su pijama y cepillo de dientes, las cosas en la valija eran de otra persona. Jake encuentra una libreta de UC Davis con notas de biología y el nombre de Agustín Pérez, el chico del avión. Jake quería encontrar a Agustín. En un restaurante, vió una persona familiar. Era el chico con la foto en la valija de Agustín. Él es Juan y dijo a Jake que Agustín es su ex-novio. Le dio a Jake la dirección de su casa, pero cuando llegó, la persona que vivía allí no era Agustín. Se llamaba Tomás y no conocía a Agustín, pero le invitó a comer y bailar con sus amigos. Al boliche, Grita Silencio, Jake creyó que veía a Agustín, pero no estuvo allí en realidad. Jake solo estaba muy cansado. Pero, más tarde, Jake recibió un mensaje de Juan por Facebook. Juan conectó Jake a Agustín, y todo terminó bien."
S23,IFG,SPA 3,19,Male,"Durante todo el libro, nosotros aprendimos sobre el viaje de Jake a Mendoza, Argentina. En el avión, él conoce a Agustin y al llegar a la casa de su familia de intercambio, se da cuenta que la valija que él tiene no es de él, si no de Agustin, el chico del avión. Mientras él sale a comprar ropa e intenta averiguar cómo funciona el sistema de transporte público, se hace de nuevos amigos y se la pasa muy bien. Después él conoce a Juan, el ex novio de Agustin, quien lo ayuda a encontrar a Agustin. El se va a otras aventuras con sus nuevos amigos y aprende más sobre el idioma español, entre ellas un partido, del cual parte el final del libro. En esta última parte del libro, Jake y Juan se hacen amigos en Facebook. Gracias a esto, Juan crea un grupo con Agustín y consigue que los dos se reúnan para intercambiar sus maletas. En este intercambio, Agustín y Juan se reconcilian. Jake se reunió con su mantequilla de cacahuate y estaba feliz. Desafortunadamente, al llegar a casa, Benjamín se dio cuenta de que Jake tenía la maleta equivocada, otra vez. "
S23,IFG,SPA 3,21,Female,"Mientras Jake todavía estaba en el partido de fútbol, su equipo anotó un gol y los apoyó. Finalmente encontró la ruta del autobús y se lo llevó a casa porque estaba muy familiarizado con el sistema. Añadió a Juan en Facebook y Juan lo agregó a un chat grupal con Agustín, él y Juan. Agustín le dijo a un Jake que trató de ponerse en contacto con UC Davis para recuperar su maleta, pero que no lo ayudaron. Tuvieron una conversación sobre sus maletas y luego Benjamin lo interrumpió"
S23,IFG,SPA 3,21,Female,"Al principio del libro, Jake decide que quiere ir an Argentina para entender más Español y para ver a su amiga española Irene. Ella le recoge a Jake del aeropuerto y conoce en el avión a Augustin, la persona que se sienta a su lado. Jake aprende que Augustin va a UC Davis también para un programa de intercambio. Pero donde Jake llega a Argentina a la casa de familia Argentina, abre su maleta y ve que la maleta es de Augustin. Jake tiene hambre y huele bien, así que van a un restaurante. Un empleado se fija en la foto de Agustin y dice que es su ex novio. Juan le dio la direccion de la casa de agustin a jake y los dejo. Toma el autobús de la estación - el Metrotranvía. Pero cuando Jake llega a la casa, Augustin no estaba o vive aquí. Conoce a Tomás, quien es su nuevo amigo al final. Jake va a la casa de Tomás a hacer un asado en su patio. Jake comió y se iba, pero ellas deciden ir al mejor boliche de Mendoza, GRITA. Tomás invitó a Jake a un partido de fútbol. Se dio cuenta de que Augustin tiene una camiseta para el partido de fútbol en su maleta. Jake fue a su casa a Facetime con su familia y vio un mensaje en el autobús de Juan y Augustine. Al día siguiente, Jake fue al restaurante a cambiar maletas, pero estaba triste por eso. Comieron y luego volvieron a mezclar las maletas."
S23,IFG,SPA 3,19,Female,"Jake se va a Argentina y está nervioso, pero emocionado por el viaje. En el avión Jake habla con Agustin, quien también es estudiante en Davis.  Jake va a la casa de su familia Argentina en Mendoza. El conoce a Benjamin y Roberta, los hijos gemelos de Antonio y Celia. Luego, Jake busca su ropa y se da cuenta de que tiene la maleta de Agustin.  A la mañana siguiente, la familia y Jake desayunan y Jake le explica a la familia que perdió su maleta. Benjamin y Jake van a comprar ropa nueva para Jake. Después de las compras van a un restaurante. De repente, Jake se da cuenta de que la foto en la maleta de Augustin era de este restaurante. Ve a un waiter que también estaba en la foto. El waiter es el ex novio de Agustin, pero no tiene su número porque se separaron. El mesero sabe su dirección y se la da a Jake. Jake piensa que finalmente encontraría su maleta. Pero cuando llega a la casa de agustin alguien más abrió la puerta Jake estaba confundido, ¿dónde está Agustin? El hombre que vivía en la casa no sabía a Agustin, pero invitó a Jake a asado a la canasta y discoteca. Luego, Jake fue al supermercado a comprar comida y bebida para la fiesta con su nuevo amigo. Jake va a las fiestas mucho antes y se sorprende de lo tarde que es. Van a un club llamado a gritar silencio y Jake se da cuenta de que la noche es joven en Argentina. Tomás grita ""estamos en grita"". Jake está feliz con sus nuevos amigos, pero está muy cansado porque no salió tan tarde en los Estados Unidos. Tomas mensaje a Jake y lo invita a un partido de fútbol. Durante el partido, Juan de Mundo Chori le pidió una solicitud de amistad en Facebook. Después Juan crea un grupo con Jake y Agustin. Todos se encuentran en el restaurante en el que trabaja Juan y intercambian maletas. Juan y Augstin están juntos de nuevo por la foto en la maleta de Jake. Todo está bien, pero cuando Jake llega a casa, ¡se da cuenta de que las maletas se cambiaron de nuevo!"
S23,IFG,SPA 3,20,Female,"Jake era interesante de Study Abroad en Argentina. Su amiga Irene le ayudaba Jake con español para preperarse. Jake fue al Argentina para Study Abroad. Jake conoció Augustin en el vuelo a Argentina. Despues el vuelo, las maletas de Jake y Augustín están mezcladas. Jake se dio cuenta que su maleta no tenía las cosas el recordó. Cuando llegó a la casa de su familia de study abroad, los niños de la familia ayudaron Jake encontró su maleta. Jake fue una restaurante y vio una persona en un foto de la maleta. Jake habló con la persona, se llama Juan. Juan le dijo a Jake que la persona es su ex novio. Juan le dio a Jake la dirección de Augustin. Fue a la dirección pero es no Augustin. La persona se llama Tomas y invitó Jake a unir con sus amigos para comer al asado. Jake y sus nuevos amigos pasar tiempo junto en los proximos dias. Cuando Jake estaba en un estadio de futbol, recibio un mensaje de Facebook. Es Juan con la dirección correcta de Augustin. Jake encontró Augustin finalmente y recuperó sus cosas. "
S23,IFG,SPA 3,19,Male,"Jake conoce a los padres de Irene y desarrolla un interés en aprender español. Planea asistir a un baile el miércoles y se inspira en la sugerencia de su maestro de vivir en Argentina para practicar el idioma. Decidido, Jake decide mudarse a Argentina. Al día siguiente, Irene lo acompaña al aeropuerto, y prometen mantenerse en contacto a través de WhatsApp.Durante el vuelo, Jake se hace amigo de Agustín, un estudiante de biología mendocino que disfruta de la escalada de montaña. Sin embargo, al llegar a su destino, Jake se da cuenta de que ha tomado erróneamente la maleta de Agustín en lugar de la suya. En necesidad de ropa, Jake explora la ciudad con Benjamin y compra nuevos atuendos. También tiene su primera cerveza en Argentina y descubre que Juan era el ex novio de Agustín. Juan proporciona a Jake la dirección de Agustín, con la esperanza de facilitar la devolución de la maleta extraviada. Siguiendo las instrucciones de Juan, Jake va a la dirección dada, pero encuentra a una persona llamada Tomás en su lugar. A pesar de la confusión, se unen a una barbacoa y van a jugar a los bolos. Jake vislumbra a Agustín, pero no se conecta con él en el lugar lleno de gente. Después de regresar a casa, Jake toma un taxi y recibe una invitación de Tomás para asistir a un partido de fútbol. Sorprendentemente, el estadio prohíbe el alcohol, una nueva experiencia para Jake. Más tarde recibe una solicitud de Facebook de Juan. La victoria del equipo de Jake en el juego conduce a una introducción a Agustín por Juan, y finalmente recupera su maleta. Al final, Jake y sus amigos se reúnen en un restaurante para intercambiar bolsas, pero, para su consternación, Jake descubre que una vez más ha tomado la maleta equivocada al regresar a casa."
S23,IFG,SPA 3,20,Male,"Jake planeaba un viaje de Study Abroad, y él decidió estudiar en Argentina. En el avión, Jake conoció una nueva persona, Agustin. Cuando Jake abrió su maleta, todos sus cosas fueron diferentes. Él descubrió que la maleta es de Agustin. Cuando Benjamin y Jake fueron a comprar ropa, Jake conoce a un mozo en un restaurante, Juan. Jake recibió los números telefónos de Juan para poder obtener información sobre Agustín después. Jake usó la información de Juan y fue a la casa de Agustín, pero era la casa incorrecta. La persona en la casa era Tomas, e invitó a Jake a una fiesta y a un boliche en Mendoza. Al día siguiente, Tomas invitó a Jake a un partido de fútbol. Jake recibió un solicitud de amistad de Juan en Facebook. Ellos se reunieron con Agustín, y Jake recuperó su bolso. Benjamin encontró a Jake en su casa riéndose porque Jake tenía el bolso de Agustín otra vez.    "
S23,IFG,SPA 3,19,Male,"Al comienzo del libro, Jake estaba en los Estados Unidos preparándose para el viaje a Argentina. En el vuelo a Argentina conoció a Agustín y hablaron de estudiar en UC Davis. Cuando Jake llegó a su casa se dio cuenta de que se había llevado la maleta de Agustín. El día siguiente su hermano Argentino lo llevó de compras y buscó a Agustín. Fue a un restaurante y encontró a la ex de Agustín. No pudo encontrar a Agustín, pero conoció a Tomás, quien lo invitó a una parrillada. Jake fue a la asada y conoció a los amigos de Tomás, y salieron a un boliche hasta la madrugada. Sus amigos lo invitaron a un partido de fútbol Jake pidió una hamburguesa y un birra, pero allí no podía tomar alcohol. Cuando terminó el juego, Jake y sus amigos celebraron y Nico lo invitó a un bar donde van los jugadores. Jake dijo que tenía que llamar a su familia para que no pudiera ir. Cuando subió al autobús, chequeó su móvil y encontró un mensaje de Agustin. Regresó al restaurante para recuperar su maleta. hablaron y cuando Jake volvió a casa, se dio cuenta de que había vuelto a llevarse la maleta equivocada."
S23,IFG,SPA 3,21,Male,"Al principio, Jake planea ir a Argentina para estudiar en el extranjero. Al mismo tiempo, esta practicando su español. Cuando aterriza el avión, Jake toma su equipaje y se reúne con sus cuidadores. En casa, abre el equipaje y descubre que no era suyo sino de augstin. Jake se pone triste y su nuevo amigo Benjamin (quien es parte de la familia) decide llevar a Jake a la tienda. Después de comprar ropa nueva, deciden ir a comer y descubren que el mesero es la misma persona que la foto que encontró en el equipaje. Más tarde intercambian contactos. El mesero se llamaba Juan y Augstin era su novio. Más tarde, Jake y Juan salen varias veces e incluso van a un partido de fútbol. En el juego recibe un mensaje. Jake descubre que el mensaje que recibió era de Juan. Juan hace un chatcon Jake y Agustín. Jake se alegra porque finalmente puede recuperar su equipaje. Cambian de equipaje y Jake se emociona porque consiguió su mantequilla de maní. Augstin y Juan se asquearon y también están saliendo de nuevo. Al final, cuando Jake fue a abrir su equipaje, descubre que era el equivocado. comienza a reírse de eso."
S23,IFG,SPA 3,20,Female,"Hoy terminamos nuestra “Study Abroad en Argentina”. En esta serie, Jake visitó Argentina para estudiar para la escuela. Se encontró con amigos, como Agustín y Benjamín. Mientras estaba en el avión, conoció a Agustín, un estudiante también. Después de que aterrizan en Argentina y Jake llega a su nueva casa, es cuando se dan cuenta de que no tiene sus cosas. Toda la historia es él viajando tratando de encontrar a Agustín. Jake conoce a Benjamin, que era novio de Agustins’. Benjamin ayuda a Jake a encontrarlo para recuperar sus cosas. Al final de la historia, Jake se reúne con Agustín, intercambian bolsas, y al final, Jake todavía tiene la bolsa equivocada."
S23,IFG,SPA 3,21,Female,"Jake fue a una reunión para ayudar a decidir un programa para “Study Abroad”. ¡Decidió fue a Argentina! Más tarde, Jake fue en un avión a Argentina. En el avión, Jake habló con Agustín. Agustín es un estudiante en un programa de intercambio. En Argentina, Jake conoció a Benjamin y Roberta, los hijos gemelos de Antonio y Celia. Su ropa no estaba en su maleta, ¡porque era la valija de Agustín!  En la mañana, la familia y Jake desayunaron grande con café, medialunas, y cereales para Jake. Jake compró ropa con Benjamín porque no tenía ninguna. Jake y Benjamín comieron en un restaurante y pidieron un choripán. Jake reconoció al camarero de la foto en la libreta de Agustín. Se llamaba Juan, y fue el novio de Agustín hace un año. Él dijo las direcciones a Jake por la casa de Agustín. Jake tomó el autobús a su casa, pero no estaba allí. Tomás abrió la puerta y invitó a Jake a su asada.  Jake fue al asado con Manuel, Esteban, Sofía, Silvia, y Nico. Después del asado, nosotros fuimos al boliche “Grita Silencio”. Era muy tarde en la noche. Al día siguiente, Jake veía fútbol con sus nuevos amigos. Jake recibió una solicitud de amistad en Facebook de Juan. Juan y Agustín enviaron un mensaje a Jake en Facebook. Él fue al restaurante y dio su maleta a Agustín. ¡Agustín y Juan estaban de vuelta juntos! Jake estaba feliz de tenía su maleta de vuelta con su mantequilla de cacahuete."
S23,IFG,SPA 3,22,Male,Jake
S23,IFG,SPA 3,21,Male,"Jake planeó ir a Argentina porque estudió español durante dos años y vio una presentación sobre Argentina. Jake conoce a un estudiante de UC Davis llamado Augustine en el avión a Argentina. Jake se dio cuenta de que tenía la maleta equivocada cuando llegó a Argentina. Así que la familia con la que Jake se estaba quedando lo llevó a comprar ropa. Cuando compraron ropa también fueron a comer y se encontraron con un mesero que conocía a Agustín, su nombre era Juan. Juan y Agustín solían salir. Jake recibió una dirección del mesero, pero fue recibido por otra persona llamada Tomas. Tomas fue amable e invitó a Jake a pasar el rato. Jake fue a una parrillada, bailó, jugó bolos y vio fútbol con Tomas y sus amigos. Jake aceptó una invitación de Facebook de Juan y conoció a Agustín en el restaurante donde conoció a Juan. Juan y Agustín volvieron a ser novios. Augustine y Jake intercambiaron maletas. ¡Al final, Jake vuelve a equivocarse de maleta!"
S23,IFG,SPA 3,20,Male,"Jake conoce a los padres de Irene y desarrolla un interés en aprender español. Planea asistir a un baile el miércoles y se inspira en la sugerencia de su maestro de vivir en Argentina para practicar el idioma. Decidido, Jake decide mudarse a Argentina. Al día siguiente, Irene lo acompaña al aeropuerto, y prometen mantenerse en contacto a través de WhatsApp.Durante el vuelo, Jake se hace amigo de Agustín, un estudiante de biología mendocino que disfruta de la escalada de montaña. Sin embargo, al llegar a su destino, Jake se da cuenta de que ha tomado erróneamente la maleta de Agustín en lugar de la suya. En necesidad de ropa, Jake explora la ciudad con Benjamin y compra nuevos atuendos. También tiene su primera cerveza en Argentina y descubre que Juan era el ex novio de Agustín. Juan proporciona a Jake la dirección de Agustín, con la esperanza de facilitar la devolución de la maleta extraviada. Siguiendo las instrucciones de Juan, Jake va a la dirección dada, pero encuentra a una persona llamada Tomás en su lugar. A pesar de la confusión, se unen a una barbacoa y van a jugar a los bolos. Jake vislumbra a Agustín, pero no se conecta con él en el lugar lleno de gente. Después de regresar a casa, Jake toma un taxi y recibe una invitación de Tomás para asistir a un partido de fútbol. Sorprendentemente, el estadio prohíbe el alcohol, una nueva experiencia para Jake. Más tarde recibe una solicitud de Facebook de Juan. La victoria del equipo de Jake en el juego conduce a una introducción a Agustín por Juan, y finalmente recupera su maleta. Al final, Jake y sus amigos se reúnen en un restaurante para intercambiar bolsas, pero, para su consternación, Jake descubre que una vez más ha tomado la maleta equivocada al regresar a casa."
S23,IFG,SPA 3,19,Female,"The book was about a student named Jake that travels to Argentina as a part of his study abroad program. He meets a man on the plane named Agustín who he accidentally trades suitcases with. He meets a waiter who was Agustín’s ex-boyfriend. This man, named Juan, gives Jake Agustín’s address. However, when Jake arrives, he realizes he was given the wrong address because a man named Tomás opens the door. Tomás is very friendly and invites Jake to go to a bar with him. They go out a couple of times together. In the end, Jake finds Agustín and they arrange a meeting to swap suitcases. Somehow, they still exchange the wrong ones, but Agustín and Juan reconnect and start dating again."
S23,IFG,SPA 3,20,Female,"In el primero capitulo, Jake estudiaba español para dos años y quiere mejorarla español, probar comida diferentes, visitar lugares nuevos, y conocer gente. Fue un presentación en Sproul Hall porque quiere acre mucho pregnant as sober el programa. Jake decidió irse a Argentina y cumple Celia y Antonio. Después de llegar al aeropuerto, se encuentra con alguien llamado augustin en el avión. Hablan de los estudios de jake en UC davis y las tradiciones en Argentina. Se hacen amigos y Jake sale del aeropuerto después del viaje. Mientras desempaca, Jake se da cuenta de que tiene la maleta de otra persona. Va con Celia y Antonio a buscar al dueño de la maleta. Jake va a la dirección que figura en la etiqueta de la maleta y conoce a otras personas. Se hacen amigos e invitan a Jake a una parrillada. Encuentra sus pertenencias y experimenta la vida nocturna en la ciudad de Mendoza con sus nuevos amigos."
S23,IFG,SPA 3,19,Female,"En este libro Jake fue a Argentina para estudiar en el extranjero. En el avión Jake conoció a un estudiante de UC Davis, se llama Agustín. Cuando salieron del aeropuerto Jake tomó una maleta azul de UC Davis, pero la maleta es de Agustín y no Jake. Mientras podía encontrar a Agustín, Jake tomó muchos autobuses y trenes y conoció muchos amigos nuevos en una barbacoa. Con los amigos nuevos Jake fue a un partido de fútbol, pero pensó que era fútbol americano. Durante el partido, Jake gritó para el otro equipo, y su foto estaba en Facebook. En este capítulo, Jake encontró a Agustín y fue al restaurante de Juan a cambiar su maleta con Agustín. Cuando Jake llegó al restaurante, Juan y Agustín le dijeron que estaban juntos otra vez. Jake estaba muy emocionada para los, y celebraron con alfajores y mantequilla de cacahuete. En el fin Jake tuve un amigo nuevo."
S23,IFG,SPA 3,20,Female," Jake estaba nerviosa por salir de los Estados Unidos. En el avión conoció a Agustín. Agustín era de Argentina, pero estaba estudiando en Davis. Entonces Jake llegó a Argentina. Vio a su familia argentina en la zona de llegadas y fue a la casa de familia argentina.  Él conoció a Benjamin y Roberta y sus hijos gemelos, Antonio y Celia. Jake descubrió que la maleta es de otra persona. Entonces Jake encuentró una libreta con el nombre de Agustín Pérez. Jake necesitó comprar más ropa así que Benjamín y Jake fueron a la ciudad.  Después de ellos compraron ropa, fueron a un restaurante cerca de la famosa Plaza España. Jake conoció a Juan, el camarero. Juan estaba en la foto con Agustín. Juan era su novia de Agustín hasta hace un año y él no lo volvió a ver.  Juan le dijo a Jake la dirección de casa de Agustín.  Jake llegó a la casa de Agustín, pero estaba confundido. El hombre que vivía allí no era Agustín. Él se llamaba Tomás y no conocía a Agustín. Tomás invitó a Jake al asado a la canasta y al boliche con amigos de Tomás.Después Jake y sus nuevos amigos iban a bailar. Jake llegó a casa a las cinco de la mañana desde el boliche. Tom lo llamó y lo invitó a jugar fútbol. Los amigos de Jake apoyaban a Godoy Cruz. En el partido Juan, el camarero, le pedía una solicitud de amistad en Facebook. Cuando se iba en el autobús a casa recibió una notificación de Facebook de Juan y Agustín. Juan invitó a Jake al restaurante e intercambiaron valijas. Jake fue al restaurante con la maleta de Agustín. Juan y Agustín están saliendo de nuevo. Jake estaba emocionado de reunirse con su mantequilla de cacahuete. "
S23,IFG,SPA 3,19,Male,"Al principio del libro, Jake conoce a Augustin, un estudiante que estudió en UC Davis en el programa de intercambio de divisas. Los dos hablan entre sí y se convierten en amigos. Cuando Jake llega a la casa de su familia, Jake se da cuenta de que tiene la maleta de Augustin en lugar de la suya. Jake intentó pedirle al aeropuerto la información de Augustin, pero no pudieron ayudarlo debido a las leyes de privacidad. Más tarde, Jake va a un restaurante y le muestra al camarero que se llama Juan una foto de Augustin. Esto enloquece a Juan ya que Augustin es el ex novio de Juan. Jake y Juan luego intercambian números. Jake luego trató de encontrar a Augustin con una dirección que Juan le dio, pero Augustin ya no vive allí desde que alguien llamado Tomás respondió a la puerta. Tomás invitó a Jake y Benjamin a una fiesta. Jake entonces fue a la fiesta de Tomás y vio a todos sus amigos allí. Después de la fiesta, todos fueron a jugar a los bolos. Después de la fiesta, Tomás invitó a Jake a ir con él y sus amigos a un partido de fútbol. Jake estaba feliz de ir ya que quería divertirse lo más posible antes de volver a casa. En el juego, Jake intentó pedir una cerveza, pero no pudo porque el alcohol estaba prohibido. El equipo de Jake ganó y todos estaban muy contentos. Al día siguiente, Jake fue a un restaurante con Juan y Augustin. Finalmente, Jake se fue a casa y se dio cuenta de que tenía la maleta equivocada de nuevo. Tenía la maleta de Agustín."
S23,IFG,SPA 3,19,Female,"Primera, Jake es interesa de aprender el español, específicamente una programa de Study Abroad en Argentina, parcialmente porque la familia de Irene hablan. Próximo, él va a una presentación donde el aprende más como la vida en Argentina. Entonces, jake volaba en un avión a Argentina. Conoció a su familia Argentina que era muy amables. Pero, pronto el realizó su maleta no es su.  Más tarde, Jake fue a la ciudad con Benjamin para comprar nueva ropa y les comieron en una restaurante. Cuando estaban en la restaurante, sus mesero fue la persona que tiene su maleta! Jake habló con Juan y Juan dio los direcciones a la casa de Agustín. Jake finalmente busque la casa de Agustin para se recupe su maleta, pero Agustin no esta allí, entonces Jake cociné y bailé con Tomas y su amigos en una discoteca.  Jake arrivé a su casa temprano en la mañana y estaba muy cansado. A dia siguiente, Jake fue a un partido de futbol y animó por el equipo falso. Jake finalmente se encuentra con Agustín y ambos se ríen porque los dos  se mezclaron sus maletas."
S23,IFG,SPA 3,24,Female,"El libro era sobre un estudiante llamado Jake. También estaba en el primer libro. Se fue en un avión y visitó Argentina y perdió su maleta. Probó nuevos alimentos y visitó a su familia. Trajo hamburguesas y ketchup a la barbacoa. Bailó y experimentó en clubes de baile argentinos, pero estaba muy cansado. Fue a comprar ropa. Era muy ruidoso y el alcohol no estaba permitido. Juan del Restaurante ‘Chori World le envió una solicitud de amistad en Facebook. Quería su mantequilla de cacahuete que tenía en su maleta perdida. Intentó quitarle su maleta a Agustín, pero terminó con la maleta equivocada. Era un libro muy bonito. "
S23,IFG,SPA 3,19,Female,"Jake viajaba a Argentina. Formaba parte de un programa de intercambio de extranjeros. Antes había practicado español con su compañera de cuarto Irene. En el avión, Jake conoció a un chico. El chico se llamaba Agustín. Hablaron sobre UC Davis. Cuando el avión aterrizó, Jake cogió su maleta. Conoció a su familia de acogida. Se fueron a casa. Más tarde Jake abrió su maleta. Ninguna de sus ropas estaba allí. Se dio cuenta de que era la maleta de Agustín. Al día siguiente Jake salió. Uno de los chicos se llamaba Benjamín. Llevó a Jake de compras. Luego fueron a comer. El camarero estaba en la foto de Agustín. Jake le preguntó si conocía a Agustín. Era su ex. El camarero le dio a Jake la dirección de Agustín. Jake cogió un autobús hasta la dirección. Agustín no vivía allí. Pero sí vivía allí una buena gente. Invitaron a Jake a su comida. Luego fueron a una bolera. Era tarde. Jake estaba cansado. En la bolera, Jake vio a Agustín. Salió corriendo. Al día siguiente fueron a ver un partido de fútbol. Jake seguía cansado. Jake gritó por el equipo equivocado. Jake recibió una notificación de facebook - ¡era un chat de grupo con el camarero y Agustín! Quedó con ellos en un restaurante más tarde. Intercambiaron maletas. Agustín y el camarero volvieron a estar juntos. Jake se alegró de tener su mantequilla de cacahuete. Cuando Jake llegó a casa se dio cuenta de que tenía la maleta de Agustín ¡OTRA VEZ!"
S23,IFG,SPA 3,19,Female,"Jake se decide por Argentina para estudiar en el extranjero. Empieza a hablar con Agustín en el avión. Después del avión, Jake conoce a su familia argentina. Va a revisar su equipaje y se da cuenta de que es de Agustín. El aeropuerto no puede dar la información de Augustin, así que Jake intenta encontrarlo en Facebook. Juan le da la dirección de Jake Augustin y Jake la sigue y el dueño de la casa es Tomas, no Augustin. Tomas invita a Jake a una fiesta con él y Jake acepta. La fiesta ha terminado y todos se van a casa. Jake se despierta a la mañana siguiente y Tomás lo ha invitado a ver un partido de fútbol con él. Jake se despide después del juego y está en Facebook. Agustín sugiere que vayan a un restaurante a cambiar el equipaje y lo hacen. Jake regresa a la casa argentina, se ríe porque todavía tiene la maleta de Agustín. "
S23,IFG,SPA 3,20,Female,"En el libro el protagonista es un niño llamado Jake. Jake va a ir a Argentina por un programa de estudios en el extranjeno. A Jake le encanta hablar español y bailar. En el avión a Argentina Jake se encuentra con un nuevo amigo llamado Augustin. Desafortunadamente Jake y Augustin mezclaron su equipaje. Jake se dio cuenta de que tenía el equipaje de Augustin después de llegar a la casa de su familia anfitriona. Jake está preocupado porque no tiene la ropa. Antonio y Celia ayudan a Jake a buscar a Agustin en Facebook. Después de un gran desayuno, Jake va a comprar mucha ropa. Benjamí y Jake van al restaurante después de comprar ropa. El restaurante tiene una foto de Agustin. Agustin es el ex novio de Juan. Juan ayuda a Jake a encontrar la casa de Agustin. Jake va a ir a la casa pero Augustin no vivía allí, pero Jake conoce nuevos amigos llamados Sofía, Nico, y Tomas. Tomaron Jake al boliche y a un partido de fútbol. Al final Juan contactó a Jake para decirle que Agustin es su novia otra vez. Jake consiguió su equipaje y su mantequilla de maní."
S23,IFG,SPA 3,21,Female,"La trama del libro “Quarter abroad en Argentina,” es que un joven llamado Jake fue a estudiar al extranjero en Argentina.  El protagonista es Jake—era un estudiante universitario de UC Davis y era de Utah.  Su especialización era biología y le encantaba bailar.  También, podía hablar en Español porque lo había estudiado durante dos años con la ayuda de su compañera, Irene, que era de Madrid, España.  Jake tuvo la idea de estudiar en el extranjero en un país de habla Español porque quería mejorar su habilidad para hablar español.  Eventualmente, decidió que quería ir a Mendoza, Argentina para estudiar en el extranjero.  En el avión, Jake conoció a un joven de Mendoza, Argentina llamado Agustín.  Jake accidentalmente se llevó la maleta equivocada con él—la maleta de Agustín.  Durante el resto del libro, pasó la mayor parte de su tiempo en Mendoza, Argentina buscando a Agustín y haciendo cosas divertidas.  Jake y Benjamín compraron ropa y comieron en un restaurante llamado Mundo Chori.  En Mundo Chori, Jake conoció a un mozo llamado Juan, el ex novio de Agustín.  Entonces Jake fue a buscar a Agustín sin éxito.  Sin embargo, conoció a un nuevo amigo llamado Tomás.  Finalmente, Jake encontró a Agustín porque le envió una solicitud de amistad a Jake en Facebook.  Jake conoció a Agustín en persona otra vez para devolver su maleta.  Sin embargo, accidentalmente cambiaron las maletas otra vez."
S23,IFG,SPA 3,20,Female,The book was about Jake who went on a trip to a Spanish-speaking country so he went to Argentina. Before traveling Jake prepared all of the documents necessary. His girlfriend Irene made him American breakfast for the last time and drove him to the airport. Jake arrived in Argentina where he realized he did not have his suitcase he had taken the wrong bag. Jake was learning the Argentinian culture and he realized that they use a lot of different words in Argentina. Benjamin bought new cloths for Jake because he still did not have his suitcase. They went to a restaurant where Jake met Juan and they exchanged numbers. He was excited because he thought he was going to get his suitcase. Jake also made new friends on his trip. He met Tomas and they went out for some drinks. After that they had lunch together and he learned what asado meant. Jake and his friends also watched soccer together. Jake accepted Jhon on Facebook thinking he was going to get his suitcase back but the book ended and he still didn’t get his suitcase back.  
S23,IFG,SPA 3,20,Female,"El libro era sobre un niño llamado Jake sobre su estudio en el extranjero. Conoció a un montón de nuevos amigos y probó un montón de comida nueva. Sin embargo, perdió su bolsa en viajes y la historia es sobre él tratando de encontrar al hombre que lo tiene. Va a un restaurante y el camarero es el ex novio del hombre con su bolsa. Se encuentra con nuevos amigos y va a una fiesta con ellos y casi se duerme. Va a un partido de fútbol y anima al equipo equivocado. Al final se reúne con el hombre con su bolsa y recupera su mantequilla de maní."
S23,IFG,SPA 3,19,Female,"Al principio Jake decide irse a Argentina a estudiar en el extranjero. Él cree que esta sería una experiencia divertida para aprender Spanish. En el viaje en avión, él se sienta allí y finalmente Agustín y luego los dos comienzan a tener una conversación. Eventualmente, una vez que Jake llega a Argentina, se da cuenta de que tiene la maleta equivocada. Mientras Jake emprende el viaje de devolverle la maleta a Agustín, obtiene la dirección de la casa equivocada y conoce a Tomas. A medida que conoce a Tomás, Nico y Sofía, pueden experimentar cosas divertidas juntos, como ir a un club, hacer una parrillada y ver un partido de fútbol juntos. Después de ver el partido de fútbol con los amigos, Jake revisa su cuenta de Facebook y ve que Juan lo hizo amigo. Jake se entera de que Juan y Agustín se conocen y luego fijan una hora para reunirse para devolver las maletas. Por último, Jake pudo recuperar su tarro de mantequilla de maní y estaba muy feliz.  "
S23,IFG,SPA 3,19,Female,"Jake es un estudiante de UC Davis que quiere hacer un Study Abroad. Ha estado practicando español con su amiga Irene. Jake asiste a una reunión sobre Study Abroad en Argentina y decide hacerlo. Practica más español con Irene. En el avión, conoció a un estudiante de UC Davis que vivía en Argentina. Su nombre era Agustín y era muy amable. Cuando Jake salió el avión, estaba muy cansado y llevó una maleta que decía UC Davis. Cuando llegó a su casa, él vió  que no era su maleta, era la de Agustín. Trató encontrarlo en línea, pero no pudo. Fue a un restaurante con su familia argentina. Conoció a un mozo que reconocía de una foto en el cuaderno de Agustín. El mozo era el expareja de Agustín. Le dijo a Jake dónde vivía Agustín. Jake usó el Metrotranvía y el micro para ir a la casa. Cuando llegó allí, no era Agustín, era un hombre llamado Tómas. Tómas fue muy amable y le pidió a Jake que venir a una barbacoa que iba a tener esa noche. Jake dijo que sí. Jake hizo amigos con esas personas y se quedó hasta tarde. Lo invitaron a un partido de fútbol y fue, aunque no entendía muy bien el juego. Cuando estaba allí, recibió un mensaje del expareja de Agustín, Juan. Juan encontró a Agustín y le habló de Jake. Jake se reunió con Juan y Agustín. Volvieron a salir juntos otra véz. Jake tomó su maleta, pero cuando llegó a casa el vió que era la maleta de Agustín, otra véz."
S23,IFG,SPA 3,19,Male,En “Quarter Abroad en Argentina” Jake llegó an Argentina. A Jake le gustaba Argentina porque explorar y estudiar en un nuevo país es muy interesante para Jake. Jake amiga Irene habla español mucho y recomendó la escuela en Argentina. Jake conoce la familia de Argentina y se volvieron amigos de todas las familias. Después de que se conocieron en familia Jake montó en avión y conoció a Augustin. Augustin es un estudiante de biología y medicina. Jake y Augustin se hacen amigos y cambian las maletas. En la casa de la Familia Jake se da cuenta de que las maletas no son las mismas. Ahora Jake no tiene ropa y tiene que comprar mucha ropa en Argentina. Jake se miraba en todas partes de Argentina y encontró a Agustin y su maleta. Jake conoce muchos amigos y Augustin exnovio. Tómas invitó a Jake a ir al boliche y fue muy divertido. Después Jake fue al partido de Fútbol y es muy divertido también. Antes del partido de fútbol Jake encontró a Augustin y obtuvo la maleta. Juan y Augustin se conocen otra vez e inventan los.
S23,IFG,SPA 3,24,Female,"Después de que Jake aprendió del programa Study Abroad, decidió viajar a Argentina. Cuando llegó en el avión, Jake conoció a Agustín. Jake estaba feliz para llegar a la casa de su familia en Argentina pero tenía la maleta de Agustín. Jake trató de encontrar Agustín en redes sociales y el aeropuerto pero no lo encontró. Jake y Benjamín fueron a la restaurante y Jake realizó que el cartel estaba en la foto de Augustín. Jake pregunta al mozo, Juan, sobre la foto y reconocí a Agustín. Mientras buscaba a Agustín, Jake fue invitado a un asado. A la asado, Jake pasó tiempo con sus nuevos amigos. Entonces, fueron bailando y Jake pensó que vio a Agustín. Al día siguiente, Jake y sus amigos fueron a un partido de fútbol. De repente, Jake recibió una solicitud de amistad de Juan en Facebook. Juan creó una grupo en Facebook para que Jake puede hablar con Agustín. Jake, Juan, y Agustín se reunieron en el restaurante donde intentaron intercambiar maletas. Jake tenía la maleta de Agustín otra vez pero está bien porque Jake sí sabía dónde encontrarla."
S23,IFG,SPA 3,18,Female,"Jake es un estudiante de UC Davis que estudia biología. Mientras aprende español, decide viajar a Argentina como un estudiante de intercambio. Durante su vuelo, Jake conoce a un hombre joven y argentino que también estudia biología en UC Davis. Su nombre es Augustín. Jake aprende sobre el mate, la bebida famosa de Argentina. Jake encuentra su maleta y su familia nueva. Después de llegar a la residencia, Jake descubre que su maleta es de Augustin. Ellos intercambiaron sus maletas. A la mañana siguiente Benjamin, el hermano nuevo de Jake, le dice a Jake que lo llevará de compras. Mientras Benjamin le muestra a Jake la ciudad, ambos tienen mucha hambre. Jake reconoce a un trabajador en el restaurante y pronto llega a la conclusión de que es el novio pasado Augustin. Su nombre es Juan y lleva a Jake a donde cree que está Augustin. Jake no encuentra a Augustin de inmediato, pero se encuentra con amigos en el camino. Lo invitan a un juego de fútbol. Después de aprender más sobre el idioma, el país y la gente jake descubre una solicitud de facebook de Augustin. Jake está feliz y terminó llevando a Juan y Agustín de vuelta el uno al otro.  El fin."
S23,IFG,SPA 3,20,Female,"El libro es sobre Jake viajando a otro país. Conoce gente nueva y se hace amigo de ellos. Tiene el equipaje de otra persona y necesita dárselo a la otra persona. Durante su tiempo allí, aprende sobre la cultura y la comida. Jake y sus amigos fueron a muchos lugares en Argentina y fueron a un juego de deportes. Jake habló con otra persona llamada Juan, que es el ex novio del amigo de Jake, Agustín. Ambos querían encontrar a Agustín porque Jake necesita su equipaje. Cuando Jake y sus amigos estaban hablando, estaban hablando de la comida en Argentina y América. Jake pregunta a otras personas si vieron a Agustín y saben dónde está durante su tiempo en Argentina. Jake quiere su equipaje porque tiene sus cosas. Habló con Agustín por teléfono con mensajes y planea reunirse en algún lugar. Al final, Jake tiene su equipaje y vuelve a casa."
S23,IFG,SPA 3,19,Male,"El libro trataba sobre un estudiante de UC Davis llamado Jake que fue a Argentina para aprender español. Jake llega en su avión para su viaje a Argentina. Una vez que el avión despega, Jake se va a dormir. Después de despertarse, Jake habla con Agustín, quien también asistió a UC Davis. Agustín estaba en Davis para estudiar medicina ya que estaba en un programa de intercambio. En el avión, Jake conoce a Agustín, con quien conversa hasta que se separan. Una vez que Jake llega a la casa en Argentina, se da cuenta de que las maletas se han cambiado. Durante la mayor parte del libro, Jake explora Argentina y hace amigos durante este tiempo. Va a clubes nocturnos, a partidos de fútbol y más. También intenta recuperar su maleta de Agustín durante este tiempo. A lo largo del libro, hay pequeñas pistas sobre Agustín que conducen al final. Al final del libro, Agustín y su novio, Juan, se encuentran con Jake para intercambiar maletas."
S23,IFG,SPA 3,21,Male,"En el capítulo uno, Jake quería practicar su español en un lugar de habla hispana. Jake decidió ir a Argentina. En el capítulo dos, Jake fue a Argentina y conoció a un chico se llama Agustín en el avión. Jake practicó su español con Agustín y lo hizo muy bien. Jake aprendió lo que es mate y choripán en el avión. En el capítulo tres, Jake y Agustín intercambian maletas por accidente. Jake supo que tenía la maleta de Agustín porque encontró su libro adentro. Para recuperar su maleta, llamó a la aerolínea pero la persona hablando a Jake no pudo ayudarlo. En el capítulo cuatro, Jake y Benjamín fueron a un restaurante llamado Mundo Chori. En el restaurante, Jake sacó la foto con Agustín y el camarero lo vio. ¡El camarero era el ex novio de Agustín! En el capítulo cinco, Jake fue a buscar a Agustín usando la dirección de Juan. Cuando Jake llegó a la casa, un niño abrió la puerta. Jake le preguntó sí conoce a Agustín. Agustín no vivía allí, pero el niño invitó a Jake a una barbacoa y a bailar. En capítulo seis, Jake llegó a un asado a la casa de Tomás y conoció a todos sus amigos. Después del asado, todos fueron a un boliche llamado Grita Silencio. Cuando estaban bailando a Grita Silencio, Jake creyó ver a Agustín. En el capítulo siete, Jake fue a una fiesta y habló con un amigo que lo invitó a un partido de fútbol, pero a Jake no le gusta el fútbol. En el partido de fútbol, Jake quería una hamburguesa y cerveza, pero el alcohol estaba prohibido. Después de comer la hamburguesa, gritó para otros equipos y recibió un texto en Facebook. Juan lo invitó a un mensaje grupal con Agustín. En el capítulo ocho, Finalmente, Jake se reunió con Juan y Agustín y ahora son socios nuevamente. Jake recibió su maleta pero cuando llegó a casa todavía era la maleta de Agustín."
S23,IFG,SPA 3,24,Male,"En el último capítulo, Jake se reunió con Augustin, pero ellos todavía no intercambian sus maletas. Para resumir todo de la historia, Jake fue a Argentina para estudiar español. Él estaba nervioso porque no le gustaban los aviones. En el avión, Jake conoció a Augustin y ellos hablaron durante el viaje. Cuando llegó Jake a Argentina, Jake conoció a su familia Argentina. La familia lo llevó a su casa y después, Jake realizó que no tenía su maleta. El tenia la maleta de Augustin. Jake encontró una foto de Augustin y otro chico. Los chicos estaban en un restaurante Mundo Chori. El día siguiente, Jake y su familia Argentina exploraban Mendoza cuando Jake tuvo hambre y fueron al Mundo Chori. Jake lo reconozco. El camarero es el otro hombre de la fotografía. Jake le preguntó sobre Augustin, pero Juan, el camarero, dijo que no sabía. Juan le dio a Jake la dirección de la casa de Augustin. Cuando Jake llegó a la dirección, Agustin no estaba, pero los otros chicos ya estaban. Los chicos lo invitaban a un asado. Jake dijo “si” y llegó con la hamburguesa y el ketchup. Los chicos dijeron que por un asado de Argentina, la comida es diferente, pero estaba bien. Después del asado, Jake y los chicos fueron a un boliche y Jake se siente cansado. Jake pensó que vio a Augustin, pero no sabía. El día siguiente, Jake y los chicos fueron a un partido de fútbol y Jake recibió una noticia de Facebook, es de Juan y Augustin. Juan y Augustin eran novios y ellos llegaron a Jake para intercambiar los maletas. Pero, cuando Jake se reunió con Augustin, ellos olvidaron intercambiar sus maletas."
S23,IFG,SPA 3,22,Male,"En el capítulo uno, Jake quería practicar su español en un lugar de habla hispana. Jake decidió ir a Argentina. En el capítulo dos, Jake fue a Argentina y conoció a un chico se llama Agustín en el avión. Jake practicó su español con Agustín y lo hizo muy bien. Jake aprendió lo que es mate y choripán en el avión. En el capítulo tres, Jake y Agustín intercambian maletas por accidente. Jake supo que tenía la maleta de Agustín porque encontró su libro adentro. Para recuperar su maleta, llamó a la aerolínea pero la persona hablando a Jake no pudo ayudarlo. En el capítulo cuatro, Jake y Benjamín fueron a un restaurante llamado Mundo Chori. En el restaurante, Jake sacó la foto con Agustín y el camarero lo vio. ¡El camarero era el ex novio de Agustín! En el capítulo cinco, Jake fue a buscar a Agustín usando la dirección de Juan. Cuando Jake llegó a la casa, un niño abrió la puerta. Jake le preguntó sí conoce a Agustín. Agustín no vivía allí, pero el niño invitó a Jake a una barbacoa y a bailar. En capítulo seis, Jake llegó a un asado a la casa de Tomás y conoció a todos sus amigos. Después del asado, todos fueron a un boliche llamado Grita Silencio. Cuando estaban bailando a Grita Silencio, Jake creyó ver a Agustín. En el capítulo siete, Jake fue a una fiesta y habló con un amigo que lo invitó a un partido de fútbol, pero a Jake no le gusta el fútbol. En el partido de fútbol, Jake quería una hamburguesa y cerveza, pero el alcohol estaba prohibido. Después de comer la hamburguesa, gritó para otros equipos y recibió un texto en Facebook. Juan lo invitó a un mensaje grupal con Agustín. En el capítulo ocho, Finalmente, Jake se reunió con Juan y Agustín y ahora son socios nuevamente. Jake recibió su maleta pero cuando llegó a casa todavía era la maleta de Agustín."
S23,IFG,SPA 3,20,Female,"Jake, un estudiante de español, quería practicar el idioma en Argentina a través de un  programa de Estudios en el Extranjero. Estaba ansioso por explorar el país, experimentar la  cultura y mejorar sus habilidades en español. Con la ayuda de su compañera española Irene,  se preparó para el viaje. Jake se embarcó en su aventura, sintiéndose nervioso pero  emocionado. Durante el vuelo, entabló una conversación con Augustine, un pasajero  argentino, donde discutieron sus cursos favoritos de biología y probaron el mate, una bebida  tradicional argentina. Al llegar a Argentina, fue cálidamente recibido por su familia argentina  en Mendoza. Sin embargo, descubrió que su maleta pertenecía a Agustín Pérez, lo que le  generó preocupaciones sobre recuperar sus pertenencias. A pesar del error, Jake hizo nuevos  amigos, asistió a una barbacoa estilo potluck y disfrutó de la animada vida nocturna. También  vivió la experiencia de un partido de fútbol y aceptó una solicitud de amistad de Juan, un  camarero que conoció. En un giro inesperado, Jake se encontró con Agustín para  intercambiar maletas, solo para darse cuenta de que nuevamente las habían confundido. Las  risas continuaron, marcando la continuación de su aventura en Argentina."
S23,IFG,SPA 3,18,Non-binary / third gender,"	En Capítulo Uno, Jake, un estudiante de UC Davis, decidió viajar a Argentina para aprender mejor español.  Le pidió a su amiga, Irene, ayudarlo a aprender español.   	En Capítulo Dos, Jake viajó a Argentina en un avión.  Cuando estaba en el avión, Jake conoció a Agustín.  Agustín es un estudiante de UC Davis también.  Se hicieron amigos.   	En el tercer capítulo, Jake se dio cuenta de que tomó la maleta de Agustín sin querer.  La familia anfitriona de Jake le contó a Jake, “busque a Jake en Facebook o Instagram.” 	Luego, Jake hizo un nuevo amigo, Juan.  Juan ayudaba a Jake a encontrar a Augustín para devolver la maleta.   	A lo largo de la historia, Jake y Juan tenían muchas aventuras juntos.  Miraron un partido de fútbol, celebraron en un bar, y comieron juntos.    	Eventualmente, encontraron a Agustín.  Fueron al restaurante de Agustín y devolvieron la maleta. 	Pero al fin, habían cometido otro error con la maleta."
S23,IFG,SPA 3,19,Female,"Al principio Jake decide irse a Argentina a estudiar en el extranjero. Él cree que esta sería una experiencia divertida para aprender Spanish. En el viaje en avión, él se sienta allí y finalmente Agustín y luego los dos comienzan a tener una conversación. Eventualmente, una vez que Jake llega a Argentina, se da cuenta de que tiene la maleta equivocada. Mientras Jake emprende el viaje de devolverle la maleta a Agustín, obtiene la dirección de la casa equivocada y conoce a Tomas. A medida que conoce a Tomás, Nico y Sofía, pueden experimentar cosas divertidas juntos, como ir a un club, hacer una parrillada y ver un partido de fútbol juntos. Después de ver el partido de fútbol con los amigos, Jake revisa su cuenta de Facebook y ve que Juan lo hizo amigo. Jake se entera de que Juan y Agustín se conocen y luego fijan una hora para reunirse para devolver las maletas. Por último, Jake pudo recuperar su tarro de mantequilla de maní y estaba muy feliz.  "
S23,IFG,SPA 3,19,Female,"In the book we read this quarter, A Quarter Abroad In Argentina, follows the adventures of the protagonist (Jake) as he tries to find his friend Agustin. Agustin and Jake met on the airplane to Argentina and bonded over their similar lives, both being UC Davis students. When picking up their luggage, the two suitcases somehow got mixed up and Jake + Agustin took one another's luggage. Coming to this realization, Jake spends the course of the story searching for Agustin to swap their luggage. Along the way, Jake makes friends and fun memories with those he meets. The story explores Jake learning the cultural norms and differences in Argentina through going to soccer games, clubs, restaurants, cook-outs, and so forth. The story concludes with Jake and Agustin meeting again, through the help of a mutual friend Juan, and swapping their luggage and happy sentiments. The book ends on a lighthearted funny note, being that Jake somehow managed to snag Agustin's luggage again. This time however, he wasn't worried because he knows where to find Agustin. "
S23,IFG,SPA 3,19,Female,"Jake quería estudiar en Argentina porque quería practicar su español en el país de habla hispana. Fue un presentación de un programa de Argentina. Antes del viaje, sus compañeros de apartamento de Jake prepararon un desayuno americano. Jake va a Argentina de avión. En el avión, conoce a Agustín. Agustín es un estudiante de intercambio de Argentina. Después del viaje, Jake y Agustín fueron a un café. Jake conoce a la familia Mendoza. Jake tomó la maleta de otra persona. Tenes todos las cosas importantes en su pérdida maleta. Jake mensaje a otra persona en Facebook y aprendió que la otra persona es Agustín. Benjamín de la familia Mendoza y Jake fueron a la ciudad y fueron a un restaurante. Al día siguiente, Jake fue a la estación y encontró la casa de Agustin. Usa una SUBE, la tarjeta pagas el boleto. No encontró la casa de Agustin pero encontró a Tomas. El invitar a Jake a un asado a la casa. Al día siguiente, Jake trajiste pan de hamburguesa y ketchup pero está un asado, no está barbacoa como las barbacoas en los Estados Unidos. Después de la cena, fueron a un boliche para bailar. Los amigos viajaron en el taxi pero Jake estaba cansado. A la mañana siguiente, Tomás invitó a Jake a un partido de fútbol. El juego no es fútbol americano, es fútbol como soccer. En el partido, Jake gritó para el gol pero Jake no es un gol. Durante el partido, Jake mensaje a Agustín y recuperó su maleta. Finalmente, después del programa de Argentina, Jake y Agustín cambiaron sus maletas otra vez. "
S23,IFG,SPA 3,20,Female, I believe the summary was that Jake was trying to get to Argentina and encountered a lot of issues when doing so.
S23,IFG,SPA 3,19,Male,"El Taller de Lectura tiene una historia de un hombre se llama Jake estancia en Mendoza, Argentina. Jake es un estudiante quiere ir en un país se habla español y el elige a estudiar in Mendoza por que quiería practicar su español y tango. El final de capitulo uno, Jake comé una desayuno americano y fue a el aeropuerto. En el avíon Jake comío una comida tradicional de Argentina se llama chorípan. Reunío y hablar con el vecino de su silla se llama Agustín. A el fin de capitulo dos, llegó a Argentina y reunío su familia de argentina. El día siguente, descubró que tiene la maleta de Augustín y no tiene ropa por el viaje. A el fin de capitulo tres, Jake explicó a la familia que ha perdio su maleta y entonces fue a comprar ropa con Benjamín. Jake ví los lugares de Mendoza con Benjamín durante comprando ropa por Jake. A el fin de capitulo cuatro, ellos fueron para comer a el restaurante se llama Mundo Chori y reunieron un hombre se llama Juan, el primo de Augustín, y el dio el nombre a Jake para buscar a Augustín. Buscaron a Augustín usando Google Maps con la dirección que le escribó Juan. A el fin de capitulo cinco, Jake llegó a una casa pero Augustín no estuvo allá. Un otro hombre, se llama Tomás allá y invidato Jake a un asado. Jake reunío los amigos de Tomás y despues de la asado, a el fin de capitulo seis, ibamos a el boliche se llama “Gritando Silencio”. El día siguente, Jake llegó un partido de fútbol con Tomás y sus amigos. Finalmente, Jake encontró Augustín y su maleta pero en el fin, recogé el otro maleta otra vez."
S23,IFG,SPA 3,22,Male,"En el principio de este cuento corto, encontramos a Jake, un estudiante universitario de UC Davis. Él quiería ir an un intercambio en un país hispanohablante. Por eso, necesitaba practicar su español más para hacer el intercambio. Jake decidió a hacer un programa en Argentina. Cuando él llegó al aeropuerto, estaba muy nervioso. En el avión, Jake habló con su vecino y encontramos a Agustín, un estudiante de un intercambio con UC Davis. Ellos hablaron sobre sus costumbres culturales respectivos. La familia argentina de Jake vivía en Mendoza. Los hijos gemelos, Benjamin y Roberta, estaban esperando a Jake cuando el avión. Jake supo que la valija que él tomó no era de él. Por eso Jake necesitaba comprar nueva ropa y se fue a las tiendas en la ciudad. En un restaurante, Jake y Benjamín encontraron a Juan, el novio de Agustín hasta hace un año. Juan dijo a ellos que podía buscar a Agustín para devolver su valija. En la casa que Juan pensaba Agustín vivía, había un hombre diferente. Este hombre invitó Jake y sus amigos a una fiesta. Después de la fiesta, Jake y sus nuevos amigos fueron a un partido de fútbol. Finalmente, Jake abrió la maleta de Agustín y miró la mantequilla de cacahuate."
S23,IFG,SPA 3,18,Prefer not to say,NA
S23,IFG,SPA 3,21,Female,"En el primer capítulo, fue a una reunión sobre estudiar en Mendoza, Argentina. Jake fue a la reunión y Irene hizo un desayuno muy rico porque Jake va a Argentina. En el avión, Jake habló a Agustín y le gusta la biología. Después, vio Dirty Dancing, que es su película favorita. Jake perdió su maleta. Jake desayunó con su familia de Argentina. Jake no pudo encontrar Augustín. Vió Juan en el foto y luego, vió en el restaurante y preguntó a Juan sobre Agustín. Fue a un partido de fútbol con su nuevo amigos. Luego, Jake aceptó a Juan en Facebook. Agustín estaba en el grupo en Facebook y dijo que contactó UC Davis pero solo encontró su nombre. Ellos fueron a reunirse en el restaurante de Juan. Jake está sorprendido porque Juan y Agustín están juntos. Intercambiaron su valijas. Finalmente, Jake encontró su peanut butter y estaba muy emocionada. El fin."
S23,IFG,SPA 3,22,Male,"Something that I remember is that there is a student who goes to do a study abroad in a Spanish speaking country. However, he and someone else on the plane that he met had accidentally switched their suitcases and he is trying to find the person in order to get it back. He meets some friends on his way to find his suitcase and ends up going to a party, soccer game, and discos. He finally meets up with the person who accidentally took his suitcase and it ends pretty well. "
S23,IFG,SPA 3,19,Female,"Jake estaba aceptó en el programa de Study Abroad para UC Davis. Él viajó a Argentina para el cuarto otoño. Cuando estaba en al avión, Jake encontró Agustín, otra estudiante de UC Davis. En el aeropuerto, las maletas de Jake y Agustín estaba mezcla. Ahora, Jake tiene que encontrar su maleta y Agustín. Con sus nuevos amigos, Jake exploró la ciudad y intenta muchas cosas nuevas.  Él jugó bolos, tomó una cerveza, y vío un partido de fútbol. Despues del partido, Juan invitó a Jake para tomar algo a un bar. Jake no acepta porque tenía que regresar a su casa. Mientras Jake estaba en el bus, él recibe una mensaje en Facebook de Agustín. En el siguiente día, Jake encontra con Agustín y Juan, y los dos estaba juntos. Ellos comen alfajores y intercambieron sus maletas. En al final, Jake reírse porque estuve rodeado con las cosas de Agustín. "
S23,IFG,SPA 3,19,Female,"En el avión, Jake conoció a su vecino, Agustín. Él es de Argentina pero estudiaba en UCD el semestre pasado. El avión llegó a Argentina y Jake conoció a su familia Argentina. Jake llegó a la casa y abrió su maleta pero sus cosas no estaban en la maleta. Era la maleta de Agustín Pérez. Quería buscar a Agustín para intercambiar maletas. Jake y Benjamín compraron ropa nueva para Jake y fueron a un restaurante. Jake reconoció al camarero. Él estaba en una foto con Agustín. Su nombre era Juan y era el novio de Agustín pero su relación terminó. Juan le di la dirección a la casa de Agustín a Jake. Jake viajaba de micro y metrotranvía y llegó a la casa, pero Agustín no vivía en la casa. Tomas vivía en la casa e invitó a Jake a un asado. Jake fue al asado y conoció a los amigos de Tomas. Ellos comieron y fueron a un boliche y pasaron un buen rato, pero Jake tenía mucho sueño. Al día siguiente, Tomas invitó a Jake a un partido de fútbol. Jake no entendía mucho fútbol, pero pasó un buen rato. Recibió una solicitud de amistad en Facebook de Juan. Jake aceptó y recibió una notificación de un grupo de Facebook con Juan y Agustín. Juan y Augustín conciliaron y Agustín quería cambiar maletas. Jake fue a la restaurante y ellos cambiaron maletas, pero cuando Jake regresó a su casa, se equivocó de maleta otra vez! "
S23,IFG,SPA 3,18,Female,"En el primer capítulo, fue a una reunión sobre estudiar en Mendoza, Argentina. Jake fue a la reunión y Irene hizo un desayuno muy rico porque Jake va a Argentina. En el avión, Jake habló a Agustín y le gusta la biología. Después, vio Dirty Dancing, que es su película favorita. Jake perdió su maleta. Jake desayunó con su familia de Argentina. Jake no pudo encontrar Augustín. Vió Juan en el foto y luego, vió en el restaurante y preguntó a Juan sobre Agustín. Fue a un partido de fútbol con su nuevo amigos. Luego, Jake aceptó a Juan en Facebook. Agustín estaba en el grupo en Facebook y dijo que contactó UC Davis pero solo encontró su nombre. Ellos fueron a reunirse en el restaurante de Juan. Jake está sorprendido porque Juan y Agustín están juntos. Intercambiaron su valijas. Finalmente, Jake encontró su peanut butter y estaba muy emocionada. El fin."
S23,IFG,SPA 3,21,Male,"Jake estaba nervioso cuando llegó al aeropuerto. Jake fue valiente y pidió al pasajero en el medio que se levantara. La asistente de vuelo pidió a Jake que quería comer. Jake quería el pollo.  Jake le ensena la foto de Augustin al mozo. El mozo es sorprendido porque Augustin era un novio de el mozo. El mozo y Augustin romperion malos terminos. El mozo le da direccion de Jake. Jake va a buscar a Augustin. Jake fue a buscar a Agustín para pedirle la maleta que perdió en el control de aduanas. Juan se recomendó a Jake usar el Metrotranvía. Jake usó el autobus y llega a casa de Agustin. Sin embargo la casa no es la casa de Agustin, pero alguien más, llamado Tomás. Tomás no conoce Agustin, pero el invita Jake ir bailar, y comer comida. Jake llegó a casa de Tomás para asado. Jake aprendò que un asado de Argentina o es igual que una barbacoa en Estados Unidos. Ellos comen ostillas, chorizo, morcilla, chimichurri, y ensalada Jake gritó por el equipo equivocado y estaba avergonzado. Juan le pidió a Jake que fueran amigos en Facebook. Jake aceptó a Juan en Facebook. El en partido el equipo de Jake en sus amigos ganó. De repente, Jake recibió un mensaje de Agustín para reunirse con él en el restaurante para cambiar las cosas de la maleta. Gracias a la foto, Juan y Agustín están juntos de nuevo. Después, Jake se rió porque todavía estaba rodeado de las cosas de Agustín, una vez más cambiaron las cosas."
S23,IFG,SPA 3,22,Male," El libro “Study Abroad en Argentina” nos camina por la vida de nuestro protagonista Jake. Jake es un estudiante de la Universidad de Davis, California y quiere tomar clases en Argentina por un semestre. Jake tiene interés en la cultura de Argentina, y quiere aprender a bailar tango. Se va quedar con su nueva familia de Argentina por el semestre. Cuando el día viene para viajar, Jake se siente acerca de otro estudiante de Davis que se llamá Augustin. Duraron varias horas en el aire hablando. Cuando llegaron a Argentina se despidieron, y no se dieron cuenta que tenían la misma maleta. Jake agarró la maleta de Augustin y Augustin agarró la maleta de Jake. No se podían contactar por qué no cambiaron información. Jake solo tenía una foto de Augustin con otro hombre. El tiempo pasó, y Jake se fue al antro con sus nuevos amigos cuando miro el hombre que estaba en la foto con Augustin. Jake le dijo lo que pasó con su maleta y organizaron un día para cambiar las maletas. El libro se terminó cuando Jake se dio cuenta de que se equivocaron otra vez con la maleta. "
S23,IFG,SPA 3,21,Male,"En el libro para este semestre, Jake va a Argentina y tiene muchas experiencias divertidas y difíciles. Primero, decidió que quería ir a Argentina. Su amiga Irene le ayudó mucho a aprender español. En el avión, Jake conoció a un estudiante llamado Augustin que es de Mendoza pero también estudió en UC Davis. Jake llegó y estaba muy emocionado de conocer a su nueva familia. Pero cuando llegó a su casa vio que se había equivocado de maleta. En un restaurante, Jake conoció a Juan, el ex novio de Agustín. Jake fue a la dirección que Juan le dio, pero cuando llegó, Tomás vivía allí. Tomás invitó a Jake a una barbacoa y ir a bailar, y Jake hizo muchos nuevos amigos. Con sus nuevos amigos, Jake aprendió muchas cosas nuevas sobre la cultura argentina, y llegó a ir a un gran partido de fútbol. Finalmente, se conectó con Agustín en Facebook. Jake se reunió con Juan y Agustín para recuperar su maleta. Pero cuando llegaba a casa, ¡Otra vez se habían equivocado de maletas! Y ese es el final. "
S23,IFG,SPA 3,20,Female,"El libre es sobre un chico que se llamaba Jake. Jake fue a Argentina para hacer un programa de study abroad. Primero, Jake decidió ir a Argentina para practicar su español. En el viaje a Argentina, se sintió a lado de Augustin, un estudiante que había estudiado en Estados Unidos y estaba regresar a su casa en Argentina. Augustin estudia a UC Davis en Estados Unidos. Cuando Jake regresa a la casa de su neuva familia de Argentina, discubrió que Augustin y él intercambio sus maletas. La familia le ayudó Jake y se trajo a un lugar para comprar nueva ropa. Antes de comprar, la familia y Jake íbamos a un restaurante donde conocieron Juan, el ex-novio de Augustin. Juan le ayudó  Jake y le da direcciones a la casa de Augustin. Pero, cuando Jake llegó, descubrió que Augustin no vive en está Cuando Jake llegó a la casa de Agustin, descubre que no había un Augustin que vivir en este Casa. Pero, encontró su nueva amigo Tomas. Tomas invitó Jake a un Asado con sus amigues. Jake llegó al Asado y hablaba con muchas personas. Despues, Tomas le invitó venir a un boliche y todos bailaron para el noche. El proxima dia, Jake y Tomas a un partido de fútbol. Mientras a el partido, recibió un Facebook pidió de Juan. De repente, vió un notificación de Agustin. Finalmente se encontraron! Estaban de acuerdo se conocieron al Restaurante de Juan, y intercambio sus maletas…así pensaron, pero, cuando Jake llegó a la casa, dicubrió que la maleta todavía no es suyo."
S23,IFG,SPA 3,21,Male,"En este cuento, un hombre llamado Jake se va de aventura. Él decidió que quería viajar a Argentina y estudiar en un extranjero. Preparó para el viaje, y practicó su español, y por fin pudo ir a Argentina. Jake tenía una familia de intercambio, y ellos recogieron a Jake en el aeropuerto. Cuando Jake conoció a ellos, estaba muy feliz y contento. Cuando levantó su maleta, no estaba pensando mucho, pero cuando llegó a su casa de intercambio, él se dio cuenta de que levantó la maleta incorrecta. Probablemente, la maleta pertenecía a un hombre llamado Agustin, porque su nombre estuvo en la maleta. Durante la mayor parte del cuento, Jake buscaba a Agustin, porque quería intercambiar las maletas. Jake no podía encontrar a Agustin, a pesar de muchas pistas que encontraba. De repente, su amigo Juan encontró Agustin, y por fin los dos pudieron intercambiar sus maletas, y probablemente se hicieron amigos. ¡Pero, de nuevo Jake tomó la maleta incorrecta!"
S23,IFG,SPA 3,19,Male,"Jake, un estudiante de UC Davis, quiso ir a Argentina por su semestre en el extranjero. Su amiga, Irene, tenía familia allí, y ellos van a recibir Jake cuando ello viajar. En el Avión Jake encontró Agustín, un estudiante en Argentina que tenía un semestre en Davis. Ellos son amigos muy rápido, pero los hombres no sé mucha información del otro. ¡Cuando Jake llegó al aeropuerto, él no tuve su maleta, es la maleta de Agustín! Jake y sus anfitriones iban a la ciudad para compraron ropa por Jake, donde Jake vio una foto con Agustín. Un camarero que sabía Jake hablar con ellos, e indicó donde Agustín vivir, pero no es verdad ahora. En la casa, vivó Tomás, una persona muy divertida e invitó Jake a su asado, y ellos sintieron la vida noche en la ciudad. Después Jake era muy cansado, pero iba a un estadio con sus amigos nuevos, donde recibió un mansaje de Facebook, ¡era Agustín! Ellos hablaron un poco y quedaron para intercambiar sus maletas, pero los dos agarraron la otra maleta una vez más. "
S23,IFG,SPA 3,22,Non-binary / third gender,"En el libro, el amigo de Irene, Jake, se va a estudiar en el extranjero a Argentina. Después de asistir a una reunión sobre el programa, Jake finalmente está listo para ver el mundo. cuando Jake estaba en el avión conoció a un tipo llamado Agustín. Ambos aman la biología y fueron a la escuela UC Davis. Después de aterrizar en Argentina, Jake había cambiado su maleta con Agustín. Sólo supo que no era suyo por un cuaderno con el nombre de Agustín. Cuando Jake y su amigo Ben estaban en un reservorio, vieron una foto de Agustín, le preguntaron al mesero, Juan, si sabía quién era esa persona. Después de una búsqueda inútil y conociendo nuevos amigos. Thomas y sus amigos. Ir a una fiesta y un partido de fútbol. Jake finalmente recuperó su maleta y su tarro de mantequilla de maní. Pero al final, Agustín se quedó con la maleta."
S23,IFG,SPA 3,19,Female,"Jake decide inscribirse viajar a Mendoza, Argentina para “Study Abroad,” e Irene lo lleva al aeropuerto. En el vuelo, Jake conoce a un amigo se llama Agustín y él aprendió muchas cosas nuevas de Argentina. Después, cuando Jake llegó a su casa en Argentina, él se da cuenta que tiene la maleta de Agustín. Jake conoció a muchos nuevos amigos y descubrió la cultura argentina mientras intentaba encontrar su maleta. Algunos amigos son Benjamín, la familia que lo hospedó en argentina, y Tomás, un chico que Jake conoció tratando de encontrar a agustín. Jake aprendió sobre la vida nocturna, sobre lo que es una parrillada argentina y lo popular que es el fútbol. Jake finalmente encontró a Agustín y recuperó su maleta. Cuando volvió a casa se dio cuenta de que todavía tenía el equivocado y se rió. no se asusto porque sabia donde encontrar a agustin otra vez. El fin"
S23,IFG,SPA 3,22,Female,"Jake estaba interesando mucho con el programa de Argentina para Study Abroad porque había visto dos personas bailando tango en el documento informativo. A Jake le encanta bailar. Entonces, fue a la presentación de Study Abroad en Argentina. Decidió ir a Argentina y le dijo a su amiga Irene. Irene lo ayudó a prepararse para el viaje. El día del viaje, Jake entró al avión y conoció a un pibe se llamaba Agustín. Era un chico muy simpático. También, era de Argentina y fue un estudiante de Davis por un trimestre. Agustín enseñó a Jake como tomar mate. Cuando Jake llegó a Argentina, recuperó su maleta y conoció a su familia argentina. Luego, la familia fue a la casa y Jake abrió su maleta. Todos las cosas de Jake no estaban en su maleta. Se dio cuenta de que recuperó una maleta diferente. Mientras miraba las cosas en la maleta, encontró una libreta gris de Davis con el nombre de Agustín Pérez. Era el pibe del avión. También, Jake encontró una foto con Agustín y un otro chico que estaban frente de un restaurante. Jake fue al restaurante y habló con el chico de la fotografía. Él estaba enfadado cuando vio la foto de Agustín. El mozo se llamaba Juan y le dijo a Jake que Agustín fue su novio del pasado. Le dio las indicaciones a la casa de Agustín, pero cuando Jake fue a esta casa, Agustín no estaba allí. En cambio, conoció a sus nuevos amigos de Mendoza. Los chicos le invitaron a Jake a un asado, una fiesta, y luego un partido de fútbol. Era la primera vez que Jake veía fútbol. Luego, Juan envió un mensaje a Jake en Facebook porque encontró a Agustin. Los chicos se reunieron y olvidaron cambiar sus maletas."
S23,IFG,SPA 3,19,Female,"Jake voló a Argentina. Su familia anfitriona lo recibió en el aeropuerto. Jake perdió su maleta y pasó todo el libro tratando de recuperarla. Se fue de aventuras a lo largo del libro y conoció a mucha gente. Fue a una barbacoa y se confundió cuando no era como una barbacoa en los Estados Unidos. También conoció al novio del hombre con el que accidentalmente intercambió su maleta. Al principio Juan estaba enojado con Jake porque la relación de Agustín y Juan terminó mal. Juan comenzó a ayudar a Jake y llevó a Jake a la barbacoa. También Juan llevó a Jake a un partido de fútbol. Durante el juego Jake trató de pedir una cerveza, pero en el estadio no sirven alcohol. Jake también aplaudió cuando el otro equipo anotó y se avergonzó un poco. Después del partido fue invitado con Juan y sus amigos, pero fue a despedirse de su familia anfitriona. Jake se reunió con Agustín y Juan para recuperar su maleta y anunciaron que estaban juntos de nuevo. Luego, cuando Jake llegó a casa, se dio cuenta de que Agustín y él volvieron a cambiar sus maletas."
S23,IFG,SPA 3,20,Non-binary / third gender,La cuenta es sobre Jake y los experiencias de él antes y durante su study abroad. Los primeros capítulos eran sobre cómo el proceso de Jake decidió a donde estudiar y los preparaciones necesarios. Después de montar en avión su equipaje got switched con el equipaje de Augustin. Cuando el fue a la casa de Augustín el se perdió en el MICRO. Augustín llegó a la casa de Tomás no a la casa de Augustín. Jake fue a el asado de Tomas y fue al boliche contigo.
S23,IFG,SPA 3,21,Male,En el libro leímos en clase de español tres este trimestre un niño va an argentina para un viaje con el escuela. Durante el viaje El Niño reunió el familia eso el con viva durante el viaje. El Niño va a un restaurante y un asado y un fútbol lugar y reunió mucho persons 
S23,IFG,SPA 3,28,Female,"Jake goes to Argentina on a study abroad program. At the airport he mixes up his suitcase with  Agustin’s-another student from UC Davis. Jake then goes on a wild goose chase during his adventures to try and find Agustin, after all he does not have his personal belongings. At the end, they exchange the wrong suitcase. Along the way, Jake experiences a lot of Argentinian customs and traditions and activities as he explores and makes friends. "
S23,IFG,SPA 3,20,Female,"Jake y Agustin no tienen sus mochilas. Fue muy estresado para Jake. Jake aprendió usar el metro. Jake hice muchos amigos. Fueron a un partido de fútbol, bailron, y comieron un asado. Jake encontró Agustín y su mochila y estaba emocionado. Además, Jake vio muchos lugares de interés en la ciudad. Jake fue de compras también. En el partido, todo el mundo en el partido estaba muy feliz incluyendo los amigos de Jake. Jake y Agustín hablan en Facebook sobre la confusión de maletas. Jake estaba feliz que sabe encontrar a Agustín porque en el fin descubrió que tenía las cosas de Agustín."
S23,IFG,SPA 3,19,Female," The plot of the story consisted of a man who went to UC Davis and was traveling to Argentina for a study abroad program. He ends up going on a plane and talking to another person about Argentinian culture. Once he leaves the airport, he realizes that his luggage is not his. He tries to find the owner of the luggage the next day with his friends but he is introduced to some other people in the process. He finds the owner of the luggage and some new friends invite him to go to a barbeque. He realizes that Argentinian barbeques are very different from the United States because they have many different foods. This includes chimichurri and potatoes. Even though he is embarrassed about this incident, they all decide to go to a club together and go dancing during the night. He has a lot of fun in Argentina with his new friends."
S23,IFG,SPA 3,22,Non-binary / third gender,"En este libro Jake quiere ir a un viaje para un programa de Study Abroad en Argentina. Jake quiere practicar su español en un lugar de habla hispana. En el avión, Jake habló con un pasajero se llama Agustín, un estudiante en un programa de intercambio. Jake llegó a la casa de su familia Argentina y son muy amigables. Pero, cuando Jake buscó en su maleta, vió que no era su. Era la maleta de Agustín Pérez, el chico del avión. Más tarde, Jake conoce a un camarero se llama Juan que es el ex novio de Agustín. Juan le dio la dirección de la casa de Agustín. Jake fue a buscar a Agustín a la dirección que Juan le dio, pero la persona que abrió la puerta no era Agustín, se llamaba Tomás. Jake hizo un nuevo amigo. Mientras salía con Tomás y sus amigos, Jake recibe una solicitud de amistad de Juan en Facebook. Jake acepta la solicitud de Facebook y Juan había agregado a un chat grupal con Agustín. Ellos acuerdan encontrarse en el restaurante de Juan. Se encuentran y finalmente intercambian maletas. ¡Otra vez se habían equivocado de maletas!"
S23,IFG,SPA 3,19,Male,"En capitulo uno Jake vi a presentación en Sproul Hall acerca de el programa study abraud y viajó a Argentenia. En Capitulo dos jame habló con otro pasaje de avión llamado Agustin. En capitulo tres Jake compriendó el tenía maleta incorrecto, la maleta de Agustin y estaba sonriente. En capitulo cuatro, Jake vi a restaurante de Mundo Chori le contró el novio viejo del Agustin, Juan. Juan recomendó que Jake tomara el tren en dirección de Agustín casa. En capitulo cinco, Jake tomó el autobús al tren porque quedía llegar a la casa de Agustin. Jake no llegó a la casa de Agustin, Jake llegó a la casa de Tomas y Tomas invintó Jake a la Barbacoa. En capitulo seis, Jake estaba con sus amigos de tomas y llegaron en taxi para lugar con una puerta del boliche divertida. En capitulo seis, Jake venīa al estadio para un juego de futbol y celebró un gol de equipo contrario a sus amigos y Jake estaban abergonzado. En Capítulo Ocho, Jake ha invitado a bar con Jugadores y sus amigos. El dijo ‘no’ porque él ha necesitado Facetime su familia. Entonces, Jake vio una Facebook grupo con Juan y Agustin. Agustin y Jake estaban juntos otra vez y quería encontrarse en el restaurante de Juan. Agustín y Jake intercambiaron maletas y comieron alfajor entonces abrazó. Después del restaurante, Jake estaba en su cama sin parar de reírse porque jake tenía la maleta de Agustín! De nuevo!"
S23,IFG,SPA 3,20,Female,Jake decided that he'd be studying abroad in Argentina so he learned some spanish for it. He lost his luggage because it was switched with a student on his plane. He spent a lot of time looking for the guy while learning a lot about the culture.
S23,IFG,SPA 3,21,Male,"En el capítulo uno, Jake quería practicar su español en un lugar de habla hispana. Jake decidió ir a Argentina. En el capítulo dos, Jake fue a Argentina y conoció a un chico se llama Agustín en el avión. Jake practicó su español con Agustín y lo hizo muy bien. Jake aprendió lo que es mate y choripán en el avión. En el capítulo tres, Jake y Agustín intercambian maletas por accidente. Jake supo que tenía la maleta de Agustín porque encontró su libro adentro. Para recuperar su maleta, llamó a la aerolínea pero la persona hablando a Jake no pudo ayudarlo. En el capítulo cuatro, Jake y Benjamín fueron a un restaurante llamado Mundo Chori. En el restaurante, Jake sacó la foto con Agustín y el camarero lo vio. ¡El camarero era el ex novio de Agustín! En el capítulo cinco, Jake fue a buscar a Agustín usando la dirección de Juan. Cuando Jake llegó a la casa, un niño abrió la puerta. Jake le preguntó sí conoce a Agustín. Agustín no vivía allí, pero el niño invitó a Jake a una barbacoa y a bailar. En capítulo seis, Jake llegó a un asado a la casa de Tomás y conoció a todos sus amigos. Después del asado, todos fueron a un boliche llamado Grita Silencio. Cuando estaban bailando a Grita Silencio, Jake creyó ver a Agustín. En el capítulo siete, Jake fue a una fiesta y habló con un amigo que lo invitó a un partido de fútbol, pero a Jake no le gusta el fútbol. En el partido de fútbol, Jake quería una hamburguesa y cerveza, pero el alcohol estaba prohibido. Después de comer la hamburguesa, gritó para otros equipos y recibió un texto en Facebook. Juan lo invitó a un mensaje grupal con Agustín. En el capítulo ocho, Finalmente, Jake se reunió con Juan y Agustín y ahora son socios nuevamente. Jake recibió su maleta pero cuando llegó a casa todavía era la maleta de Agustín."
S23,IFG,SPA 3,21,Female,"The book was about a UC davis student named jake that went to study abroad in argentina. after meeting a new friend on the plane, Agustin, the two accidentally swapped suitcases before leaving the airport. Jake didn't notice until he got to his home in Argentina, and had no way to contact Agustin. the rest of the story was essentially his journey to finding his suitcase and agustin, while meeting a lot of nice people and friends a long the way. his new friends invited him to social outings and jake was able to get the full Argentinan experience, like riding the bus, going to soccer games, and going to parties/""asados"" with his friends. In the end, he finally found his suitcase:)"
S23,IFG,SPA 3,19,Female,"En el libro, Jake viajar a Argentina por escuela. En el avión, Jake conoce Agustin. Jake y Agustin bolsos de cambios. Jake vive con una familia local de Argentina. Jake le gustas bailar Salsa y tango. "
S23,IFG,SPA 3,23,Male,"the plot of the book was about a uc davis student that wanted to study abroad. He had a lot of different experiences, he tried mate, he lost his luggage, he made new friends, he went to a club. He encountered a lot of different cultures from all over."
S23,IFG,SPA 3,19,Male,"Quarter Abroad en Argentina comenzó con Jake planeando su viaje a América Latina. Él e Irene eligieron Argentina de varios folletos y ella lo ayudó a prepararse para ir. Cuando Jake subió al avión, se sentó junto a un chico llamado Augustin, que regresaba a Argentina después de estudiar en UC Davis. Jake probó el mate, un té de Argentina, por primera vez, y habló con Augustin sobre las clases y la vida como estudiante. Después del vuelo, Jake encontró su nuevo hogar y conoció a su familia de intercambio, Benjamin y Cecilia. Desafortunadamente, Jake se dio cuenta de que accidentalmente tomó la maleta de Augustin del aeropuerto. Mientras intentaba encontrar a Agustín, Jake tomó por primera vez un autobús argentino y conoció a Tomás, otro joven que lo invitó a un asado de la canasta. Jake pensó que era una barbacoa y trajo salsa de tomate, pero algunos de los amigos de Thomas la usaron. Después, Jake y sus nuevos amigos fueron a un boliche llamado ""Grita"" y Jake se durmió en el taxi. No estaba acostumbrado a quedarse despierto hasta tan tarde. Después de esa noche, Jake siguió pasando tiempo con Tomás y sus amigos, pero también conoció a Juan, un conocido de Agustín. Juan puso a  Agustín y Jake a un mensaje de texto en grupo. Finalmente, Jake y Agustín se reencontraron intercambiando bolsas. Agustín dijo que él y Juan eran pareja y que Jake estaba emocionado de encontrar su mantequilla. Sin embargo, cuando Jake llegó a casa, se dio cuenta de que tomó la bolsa de Agustín una vez más."
S23,IFG,SPA 3,19,Female,"Jake dejó a su compañera de cuarto y amiga, Irene, para estudiar en el extranjero en Argentina. Estaba muy emocionado de bailar y estudiar diferente español. Conoció a Agustín y sus maletas fueron cambiadas. Amaba a su familia anfitriona, pero trató de encontrar a Agustín para recuperar su maleta. Jake tiene que ir a la tienda y comprar ropa. Exploró la ciudad con Benjamín. Jake aprendió sobre esta historia y vio estatuas interesantes con personas importantes. Nunca quiso perderse ninguna actividad divertida, así que fue a un partido de fútbol. Todavía necesitaba aprender ciertas costumbres específicamente en Argentina, pero se estaba divirtiendo mucho. El camarero que conoció, Juan lo puso en contacto con Agustín y le envió mensajes en mensajes de Facebook. Juan y Agustín volvieron a estar juntos y se encontraron con Jake. Comieron e intercambiaron maletas. Jake se lo pasó muy bien en Argentina. Fueron aventureros y espontáneos, pero conoció a muchos amigos interesantes y experimentó nuevas actividades."
S23,IFG,SPA 3,21,Female,"En este capítulo, Jake estudió español con Irene porque fue a viajar a Argentina por un semestre. La familia de Irene se ayudó y fue muy simpática. Jake estuvo muy nervioso por su viaje, pero estuvo emocionada por las experiencias en Mendoza. Jake y sus compañeros de cuarto comieron desayuno juntos para su mañana final en Davis. Irene fue al aeropuerto con Jake y ayudó a Jake con sus maletas. En capítulo tres, Jake llegó a la casa de Antonio y Celia. Estuvo muy emocionado pero también muy cansado. Él iba a su dormitorio y su maleta no fue su maleta. Fue la maleta de Augustin. Él pidó su ropa y sus otras cosas. Él necesitó buscar a Augustin y regresó su maleta. En el último capítulo, Jake y sus amigos fueron a un bar y vieron a Agustín. Ellos estaban muy sorprendidos, porque Jake era buscando para él durante toda la historia. Agustín y Jake hablaron y se sentían feliz. Jake consiguió su maleta y regresó a casa. Había tomar la mochila de Agustín otra vez."
S23,IFG,SPA 3,20,Female," Jake llegó a Argentina y estaba muy emocionado de conocer a la familia con la que vivía. Cuando abrió su maleta, sus cosas no estaban allí. Perdió su maleta y en su lugar tomó la maleta de un hombre llamado Agustín. Benjamín le mostró a Jake la ciudad de Mendoza. Fueron a un restaurante llamado Mundo Chori. Allí se encontraron con Juan, quien dijo que podía ayudar a Jake a encontrar a Augustín. Jake fue a la dirección equivocada para encontrar a Augustín, pero hizo nuevos amigos. Fue a bailar y a un partido de fútbol con sus nuevos amigos. El juego terminó y Jake estaba muy feliz con sus nuevos amigos. Jake se hizo amigo de Juan en Facebook. Juan hizo un grupo con Jake y Augustín en Facebook. Augustín le envió un mensaje de texto a Jake. Dijo que trató de contactar a UC Davis, pero no pudieron ayudarlo. Se encontraron en el restaurante de Juan. Juan y Agustín le dijeron a Jake que estaban juntos. Jake volvió a tomar la maleta equivocada."
S23,IFG,SPA 3,19,Male,"Jake quiere practicar su español en un lugar de habla hispana. Jake quiere aprender tango también. Jake decide a viajar a Argentina porque de una presentación. Entonces, Jake y Irene van a aeropuerto ir a Argentina. Jake llegada al avión. Jake habla a Agustin durante el vuelo sobre escuela. Agustin es de Mendoza. Jake olvidó sus cosas con Agustín. Jake conoce a Benjamin en Argentina. Jake y Benjamin viajan a la ciudad y ven rascacielos. Jake tiene mucha hambre entonces va a un restaurante. Jake fue a una casa y busco que Agustin no estaba. La persona en la casa invitó a Jake a una fiesta. Luego, Jake conoce a Juan en un restaurante. Juan era el novio de Agustin. Jake va a un partido de fútbol. Luego, Juan envió un mensaje a jake en facebook. Juan ayuda a jake a encontrar a Agustin. Al final, Jake recibe sus cosas de Agustin."
S23,IFG,SPA 3,18,Female,"Jake decide inscribirse viajar a Mendoza, Argentina para “Study Abroad,” e Irene lo lleva al aeropuerto. En el vuelo, Jake conoce a un amigo se llama Agustín y él aprendió muchas cosas nuevas de Argentina. Después, cuando Jake llegó a su casa en Argentina, él se da cuenta que tiene la maleta de Agustín. Desafortunadamente, no pudo encontrar a Agustín en Facebook e Instagram. Después, Benjamin y Jake fueron a un restaurante. El mesero se acercó a la mesa, Jake lo reconoció como el hombre que había tenido con Agustín. Entonces Jake le preguntó a Juan dónde encontrar a Agustín. Jake escuchó las instrucciones de Benjamin y usó el metro para llegar a la casa de Agustín. Cuando llegó a la casa, no fue Agustín quien abrió la puerta, sino otro niño. El nombre de los chicos era Tomás y Jake y se hicieron amigos. Tomás invitó a Jake a la parrillada de sus amigos. Jake llegó a la barbacoa con pan de hamburguesa y ketchup, pero Tomás explicó que no es lo mismo un asado que un americano Jake estaba avergonzado. Los nuevos amigos de Jake fueron a un bar, pero Jake estaba cansado porque no estaba acostumbrado a estar fuera hasta tan tarde. Ellos bailaron y se divirtieron. Al día siguiente, Tomás lo invitó a un partido de fútbol. Jake luego se avergüenza a sí mismo mientras anima el gol del otro equipo. Luego, Jake recibió una solicitud de amistad en Facebook de Juan, el mozo de Mundo Chori. El mesero agregó a Jake a un mensaje grupal donde estaba Agustín. Los dos estaban emocionados de que finalmente se encontraron y planearon encontrarse en el restaurante. Al día siguiente, intercambiaron maletas y Jake estaba tan feliz de recuperar su mantequilla de maní. Cuando regresó a su casa, se echó a reír porque accidentalmente tomó la maleta equivocada. De nuevo."